"Relative","Length","SHA256"
".gitignore","269","FEC61A07BBA4BD4180E3E7DFB945C0688CFA038AC8E5AA2A129E671BB227F558"
"ARCHITECTURE.md","1280","89549E0D4C6401B8B8796BC5A1118B8BB47CA1A970C08174931B5A0F31C3579E"
"CHANGELOG.md","451","AA5EB665DF52F375812AABB6C730EA8C0B968AB186D9EC2C57BBE1DCA6CD9CC5"
"CODE_OF_CONDUCT.md","644","6FA08DE8A0BFFA32AA9CB75E833FE94AE7DB7BFB575BF6227C1437EBCA700054"
"CONTRIBUTING.md","700","A2253BD2DEF9A454DEB7F41A5EF2E4861CA6371BBA3683F49A7A221E6469E9A7"
"docker-compose.cloud.yaml","917","CB033EBEF607430737BC07C0D928C7BC6B8052B4BDF3F2650CA7A3EB3432A7EF"
"docker-compose.yaml","577","77A2BF21C2B55442E27345551BEBD4B2A136B31775212CFD47D2858EB063ED83"
"Dockerfile","1095","5FC257F1B13305397CD2630DB803045C75D64E243FD26163A737B6DAB3F788EF"
"LICENSE","1087","693F53C32CF78375E06A073FAE73744C7B4EB4F0E639D78A204691EDA4B9431A"
"PRIVACY.md","741","91E3A46420337D246CEDB457B36CEA6685A6E6572E5B59D9660651F6FE3822C8"
"pyproject.toml","1551","3EEAEFBED1E02B765568B4995424FAA1C20F74BB83F22C3D26669FA14F2A465A"
"README.md","118","74BC6B52BCF0199B808439B22140BAEC8C9F6EC007AE15784732B5AF9B9B0B7F"
"RELEASE_CHECKLIST.md","557","E1F91022257C9B59F1C3A458529147E9AF9B2CE9B00F9054065BEAC624AFA6C4"
"RELEASE_POLICY.md","559","4A846B85D15A5FC41BA581D6E47D1742392B61BD3225D26AF7F7797151B4C33F"
"SECURITY.md","858","E7220A2983100614433F166BA2001F5D00AEC95D2F932F0223482878AD7D6119"
".github\CODEOWNERS","13","00457087DC2317414E894904140202D5AE86F7C36646D70922294BE42E7E466B"
".github\dependabot.yml","269","3CD02B859C863B7CD4485978E68E18CC9550E126CFCDBF8A230C2EA04B6B66BB"
".github\ISSUE_TEMPLATE\bug_report.md","872","020287EC0FE74741BC26CEAB3B8A6810AD8F2D102B3F9B3A087E664BA9C82D50"
".github\ISSUE_TEMPLATE\custom.md","136","A00E831B26AE9F61A75796963C89094B2FFCF9A1FC8F22B548C20AF2FDC603A4"
".github\ISSUE_TEMPLATE\feature_request.md","615","69D638F44706A1DCD55EC5A8DD74956BD7EC1F8809E207FA0CABAF3EF04A7FC2"
".github\workflows\cd.yml","1423","A2BAA4CF4262833E00B3437158DDB3124B2DD45C28C46AC621C34F5548CB2B82"
".github\workflows\ci.yml","1081","5E936CD02D2F8B6D510E8ECAF31BCF47BDCC5692BB2FDAB0132814789568DED8"
".github\workflows\jekyll-gh-pages.yml","1460","ADCB6ADD3E59BD5AF75DDEA21A49DF9D77BE65920FC6A766A36FF9453C925908"
".github\workflows\publish.yml","726","270AD3A4061851D0BB25321604A390D43A21D0F5504624C3DFE2616B8B9A8F3C"
".venv\.gitignore","71","330EA7FDC1B08E3C3F112F4C21C13A061BD8C2F05BA9A71636D3DFE1574129C1"
".venv\pip.pyz","1721080","E6F15B8635AAE29AA2AA3D5C0E5B19D8998F8012664CE091D79EF2EF0D6B25E9"
".venv\pyvenv.cfg","210","7644F1A8E00C20911AB7065CE9B3708610719A0A705E29938CCF07913C480D8E"
".venv\Include\site\python3.13\greenlet\greenlet.h","4755","B33E69611490A9E7603ADD80320C4B65D4E33BEA9CAFF24CBE0884251F48009F"
".venv\Lib\site-packages\_black_version.py","21","CBF9857FC9C8B25CEA1F57286A6AB19DCC7E4ECF22F3CE62E610AAC89D3BEF0F"
".venv\Lib\site-packages\_black_version.pyi","14","81717688529A27F9899DC08414B8CE1DDB771B119D5BF76179A248A5C6762300"
".venv\Lib\site-packages\30fcd23745efe32ce681__mypyc.cp313-win_amd64.pyd","2834944","FE2B3B3D9B078FB697BF4392B5820B70DB61FF5523C63AB0B4C98577376C275C"
".venv\Lib\site-packages\mypy_extensions.py","7754","198EE22E5DA53EA6CB0FDD0F4E6D94FD2C40E0C6AFBF0BF3A4CF0C112620A919"
".venv\Lib\site-packages\py.py","329","B71675B5D9845BA0814E9E88767F88DAC3B3CC0D3128DA028BD45EDBB523E871"
".venv\Lib\site-packages\typing_extensions.py","160429","433D11D170D3A24D2EB065EBC1BFE848CEA7E3D7CE68567AB52BEA2D4C2F7ED8"
".venv\Lib\site-packages\annotated_doc\__init__.py","52","56ECB1C547BCD247C4C969CEAC2C7F064F21C9BA3768AA3A4580659010585BC9"
".venv\Lib\site-packages\annotated_doc\main.py","1075","E597EFC6FF344B0C0BAA9456EF7019C99CA23386D699AF505916E9FDC803DB4B"
".venv\Lib\site-packages\annotated_doc\py.typed","0","E3B0C44298FC1C149AFBF4C8996FB92427AE41E4649B934CA495991B7852B855"
".venv\Lib\site-packages\annotated_doc\__pycache__\__init__.cpython-313.pyc","242","9BFC7EC9DEDDC983641D81A00C603D1AF187B18FF73039C9D6892338C66176E3"
".venv\Lib\site-packages\annotated_doc\__pycache__\main.cpython-313.pyc","1911","C3C1CE769C4CA794DB8A4CC22E6567610B40A9997638F8175180817BB8F8DB0E"
".venv\Lib\site-packages\annotated_doc-0.0.4.dist-info\entry_points.txt","34","E8E62005C2F21425207AA2E09EF332389C4F096CE0CBBB1EE2B2CF2AD3689CCB"
".venv\Lib\site-packages\annotated_doc-0.0.4.dist-info\INSTALLER","4","CEEBAE7B8927A3227E5303CF5E0F1F7B34BB542AD7250AC03FBCDE36EC2F1508"
".venv\Lib\site-packages\annotated_doc-0.0.4.dist-info\METADATA","6566","22B9B9289B9ADF7758DAA28A02327E3A129A5415487F01467A3FDD49EDD9D535"
".venv\Lib\site-packages\annotated_doc-0.0.4.dist-info\RECORD","868","2DB971AB600F035214DA1423F3DAFD864F1A3C5926DE80D047F5F2F9CEA36676"
".venv\Lib\site-packages\annotated_doc-0.0.4.dist-info\WHEEL","90","F4FDB2811C43AD3273DE0B1A81CD19F7ABA4AF18EBF8B14118E82FDC0B8A9420"
".venv\Lib\site-packages\annotated_doc-0.0.4.dist-info\licenses\LICENSE","1086","FFF170779A6ACBF65ABDB405C087F1CEE1786691E4A96A4034517E4A504A0CDF"
".venv\Lib\site-packages\annotated_types\__init__.py","13819","4729CBB112941062342A2997C9D943D5F6447C4CD6C03A345289F7CCE2A11B54"
".venv\Lib\site-packages\annotated_types\py.typed","0","E3B0C44298FC1C149AFBF4C8996FB92427AE41E4649B934CA495991B7852B855"
".venv\Lib\site-packages\annotated_types\test_cases.py","6421","CC7157E84A5C31B189F05CC16036CEE7A6CFC31FC360855229B64CFB8077FE58"
".venv\Lib\site-packages\annotated_types\__pycache__\__init__.cpython-313.pyc","18906","3EE63EF358BE0BBC1813AA5B6380A5CE5F9D4B8155CD18F31664FD613D6F3E9C"
".venv\Lib\site-packages\annotated_types\__pycache__\test_cases.cpython-313.pyc","13274","E1A6CA3CD5ABE8DE9EACE36FF80E4B86F540C8D8DBA2D8BCB501D3240483ACE5"
".venv\Lib\site-packages\annotated_types-0.7.0.dist-info\INSTALLER","4","CEEBAE7B8927A3227E5303CF5E0F1F7B34BB542AD7250AC03FBCDE36EC2F1508"
".venv\Lib\site-packages\annotated_types-0.7.0.dist-info\METADATA","15046","EE5B6AC64B09274C026051813484025939564067801F485115D9CADC207CF791"
".venv\Lib\site-packages\annotated_types-0.7.0.dist-info\RECORD","802","F7C0160CCF09BEBDEC2EB160BB86D1A170670AF060991DD2B16299DA91A43B84"
".venv\Lib\site-packages\annotated_types-0.7.0.dist-info\WHEEL","87","CC431C46BF4AAF4DF1D68CC6C20E6FF4D4012A7DE49DDA7A2D2A1295583E8E15"
".venv\Lib\site-packages\annotated_types-0.7.0.dist-info\licenses\LICENSE","1083","FE1049884B1A0D9342901E88E07F32925D24B3121D9972B6A6805FB9824B095D"
".venv\Lib\site-packages\anyio\__init__.py","6170","EE20D5A8C529AD4B8A358F7516EA0AA9AC80851F8E635DFA6033C8E8FEFC1C79"
".venv\Lib\site-packages\anyio\from_thread.py","19017","F9864E4E9BBD5951ED02C33140620E68732368344D78A422971E8D9F6A8353EA"
".venv\Lib\site-packages\anyio\functools.py","10061","B48590F7472E2CCC5F248A5D05F158DD6DC20B5CEA142440C91DC3C4A7345E5A"
".venv\Lib\site-packages\anyio\lowlevel.py","5048","3673D843AB560F32D1C296A55F60AFB1B91791379AB1B25C2F9DA03E8A567588"
".venv\Lib\site-packages\anyio\py.typed","0","E3B0C44298FC1C149AFBF4C8996FB92427AE41E4649B934CA495991B7852B855"
".venv\Lib\site-packages\anyio\pytest_plugin.py","10244","DE3005427D23BFFA72A161361810651DA8FDB2A5E3E1EF2FA1BD3F860AEC5C4F"
".venv\Lib\site-packages\anyio\to_interpreter.py","7100","FE62E782B332F7B4CC47A55B5B863A6330D493D66E3DC40C3E592EC918770BD9"
".venv\Lib\site-packages\anyio\to_process.py","9687","704C985206FC2C95512427ECEAB2B768433F4F79368049A19749C18C4BDF94E9"
".venv\Lib\site-packages\anyio\to_thread.py","2465","B5740FBC7A21BD0D95AF0DA906D7739113CD57BBB71F6FD40DBBF02F6BBF47B9"
".venv\Lib\site-packages\anyio\abc\__init__.py","2869","EA65A1725FE919786B8195473FF4C27CCBC85C83A9F66AE810533DD1F60253F5"
".venv\Lib\site-packages\anyio\abc\_eventloop.py","10900","19365B748B411DC8FF6FEF0AD97CA5113DBE6C160B6775E35B8B2763BBCAECB1"
".venv\Lib\site-packages\anyio\abc\_resources.py","783","0EB62F90D375847E94BEFE7FE6E2B24AF0EC9E49C65437BC14229F928D15B4DF"
".venv\Lib\site-packages\anyio\abc\_sockets.py","13258","1024D8D232C4175F20AF200D1D1DEF1735F319D67EC4FC042EAD5076039BD09A"
".venv\Lib\site-packages\anyio\abc\_streams.py","7640","D34E462920971A9AF19E1B9C20B6E84AA736245A2F102664F66DE9FAAAB15D57"
".venv\Lib\site-packages\anyio\abc\_subprocesses.py","2067","72E9803C94E4B4E42DC3ADC8A86D250E9C99AAEFE5D44125BD01CC8B02602F4F"
".venv\Lib\site-packages\anyio\abc\_tasks.py","3721","282EF0ADC884E3C00834E23E0213EEB671617B57B07CFED09DA985943CEA7AC4"
".venv\Lib\site-packages\anyio\abc\_testing.py","1821","B41254CE449F397270DB77DEF2A489D3790995284E6238DA132141EA4E8C613F"
".venv\Lib\site-packages\anyio\abc\__pycache__\__init__.cpython-313-pytest-9.0.2.pyc","2484","925EAA2E862BD19E57C8597B8212DC7D68BFD8A63A9214350286CD1692C8B140"
".venv\Lib\site-packages\anyio\abc\__pycache__\__init__.cpython-313.pyc","2370","4347108578981C745AC56AB949EB4C95BCFAAA239DACF9C14D713FD70965E8C9"
".venv\Lib\site-packages\anyio\abc\__pycache__\_eventloop.cpython-313-pytest-9.0.2.pyc","16776","AE60F9904FA0C301777BC5440A30DD29E915A8C623A459927D5844A97DE17246"
".venv\Lib\site-packages\anyio\abc\__pycache__\_eventloop.cpython-313.pyc","16663","72AE44B2A583E39053D13D6DB71CF1C8668A805DB96E1C54519C6F59FF597445"
".venv\Lib\site-packages\anyio\abc\__pycache__\_resources.cpython-313-pytest-9.0.2.pyc","1771","EF8C87C95CA66DCE461EBF3C5B418ED13AB593F1F91DFDDC09F57DA28A8F7FF3"
".venv\Lib\site-packages\anyio\abc\__pycache__\_resources.cpython-313.pyc","1657","C26931CEFCAAA2FEF18477B2BB7BE8767A3786B3313AB63186C03B76EF8BEC64"
".venv\Lib\site-packages\anyio\abc\__pycache__\_sockets.cpython-313-pytest-9.0.2.pyc","18092","6010F60BCCCE345624B6B14906DCD3C165FF00B1C81C63E3A9252BEF852660FA"
".venv\Lib\site-packages\anyio\abc\__pycache__\_sockets.cpython-313.pyc","17979","4A9D7D1C8ED9F8C8480211C58FA7BEEA3C1C8C9D95420E9A1501F2876027872D"
".venv\Lib\site-packages\anyio\abc\__pycache__\_streams.cpython-313-pytest-9.0.2.pyc","9871","29D04C7E7767C6F81A7A105EB5B375F0195909D87E4DCCB70308C9778ADB3AF2"
".venv\Lib\site-packages\anyio\abc\__pycache__\_streams.cpython-313.pyc","9758","606A8B7962CB432795BCD1F3E7D4F4C066A2D80B571F5CA97452FAFAC622BCA3"
".venv\Lib\site-packages\anyio\abc\__pycache__\_subprocesses.cpython-313-pytest-9.0.2.pyc","3260","328A4EBF6178BDF165EFC29CE372E07CEEE91EB5A698DC90B55E000AC0DDA00A"
".venv\Lib\site-packages\anyio\abc\__pycache__\_subprocesses.cpython-313.pyc","3146","516556688E82E2E1F15922BBAF29C56085031D3D5E02BCDBF15D46156750A871"
".venv\Lib\site-packages\anyio\abc\__pycache__\_tasks.cpython-313-pytest-9.0.2.pyc","5078","8E5B8B34246BFE57539A378F9D6EC4B0D9049A24AE16C9DE4DAAD7AB7A42B29E"
".venv\Lib\site-packages\anyio\abc\__pycache__\_tasks.cpython-313.pyc","4965","C8CA84A53E221B424F3581CB60BABBAB3EB5A13F0A1A67EF97E0BE3774373740"
".venv\Lib\site-packages\anyio\abc\__pycache__\_testing.cpython-313-pytest-9.0.2.pyc","2874","EF23F12297626349CD10CAD4D95575287B738B10A558DCB97BF7A31BCF139DCD"
".venv\Lib\site-packages\anyio\abc\__pycache__\_testing.cpython-313.pyc","2761","19D7C21319C4138F4A1AF3C2A5CF382883293D13B4BFDFC8BA5DD46B88A49358"
".venv\Lib\site-packages\anyio\streams\__init__.py","0","E3B0C44298FC1C149AFBF4C8996FB92427AE41E4649B934CA495991B7852B855"
".venv\Lib\site-packages\anyio\streams\buffered.py","6263","D91DCF78985EE045EB758AB3E3863AF8483D47A0EB9A5B18ACFDFA22BE37FA9A"
".venv\Lib\site-packages\anyio\streams\file.py","4470","E1667B5C6CF958DBB7F45407BEA6DEFFF4D0D070CFF4E3A180ED6693D895A555"
".venv\Lib\site-packages\anyio\streams\memory.py","10740","174CF0CEF149280857FCB4591A82B3CEA0C2DA830CF9FFB2C9306B11810639A5"
".venv\Lib\site-packages\anyio\streams\stapled.py","4390","4FC5EAC1FF0AE8481444FC5BB753788BB03C04093E81272FF864618CB5C87FFA"
".venv\Lib\site-packages\anyio\streams\text.py","5765","05C540189C35551BED22A9EFFA8D116F4A701FBA7CBF096F976D711EAE76D9A8"
".venv\Lib\site-packages\anyio\streams\tls.py","15368","269C72D0C7DB729D41C470B013E62349215A2E72016E79F0BABF9EC5C61386CE"
".venv\Lib\site-packages\anyio\streams\__pycache__\__init__.cpython-313-pytest-9.0.2.pyc","178","54C3910DB6430C3E7D7B64524EA5099810558428BBC123C6DF9D55C2EE94D138"
".venv\Lib\site-packages\anyio\streams\__pycache__\__init__.cpython-313.pyc","178","B641EE38095D10A63E9C4326BAF65A0B352E45A25AB0935DE104CA803BDE7BE4"
".venv\Lib\site-packages\anyio\streams\__pycache__\buffered.cpython-313.pyc","9003","4BD322EA4CFF898A7E8BB34D5C78C7B515117BACD32C0816DBAB25F40140630B"
".venv\Lib\site-packages\anyio\streams\__pycache__\file.cpython-313.pyc","7469","E91DC9F33E2C9E10E75684564FB298A35E50B3AF7C618657BC11483DDDBB8ACD"
".venv\Lib\site-packages\anyio\streams\__pycache__\memory.cpython-313-pytest-9.0.2.pyc","15034","B2C4FB441BB814B50CE910DA2B5517FA0F0CF8CCD03362B777FA576C191B1CE4"
".venv\Lib\site-packages\anyio\streams\__pycache__\memory.cpython-313.pyc","14920","6501CA34D889A40E2B81BB2D127E1CBD64F08A5E73D14407A15532BE465A1322"
".venv\Lib\site-packages\anyio\streams\__pycache__\stapled.cpython-313-pytest-9.0.2.pyc","7702","76FD2A3AAF85D029FEFF9B99C65FA65B0A331C9C7C0EA4F7F92132BF1ED791DF"
".venv\Lib\site-packages\anyio\streams\__pycache__\stapled.cpython-313.pyc","7588","5EDE23D6FDFD16DDC25EFB9BBCE89FE95179E2B311A186F8B50B4982AD0CA867"
".venv\Lib\site-packages\anyio\streams\__pycache__\text.cpython-313.pyc","9296","839026923EC142E78298C279D90F07EB48DA45E0452B21FAE2E90DB2C93A5899"
".venv\Lib\site-packages\anyio\streams\__pycache__\tls.cpython-313-pytest-9.0.2.pyc","20199","6997399C07E81CCDD04811345B364B20FA4C890295DAA088373D7BAD5CABCF89"
".venv\Lib\site-packages\anyio\streams\__pycache__\tls.cpython-313.pyc","20085","79D723705F60EB794D2CEA84E1CA31669FFC60E16BFD6BE0CA433E4D53BC7C4F"
".venv\Lib\site-packages\anyio\_backends\__init__.py","0","E3B0C44298FC1C149AFBF4C8996FB92427AE41E4649B934CA495991B7852B855"
".venv\Lib\site-packages\anyio\_backends\_asyncio.py","99656","C3A80248CB3FD83D5DA0A56DCE2DF66CE968065D5D7FE207B9B97CF9592CF74F"
".venv\Lib\site-packages\anyio\_backends\_trio.py","42398","49C3553100748A2B89300A27D5EA500953956C86DFF8BC677DBE4EC6E8F33289"
".venv\Lib\site-packages\anyio\_backends\__pycache__\__init__.cpython-313-pytest-9.0.2.pyc","180","1A9E66DFCBFD97E10743B5E79A8D3881406B13114E03439D326262CDE9149F87"
".venv\Lib\site-packages\anyio\_backends\__pycache__\__init__.cpython-313.pyc","180","966F3F5CAC6F8D82110BEED9AE5C0DB25808CAA021415BC9366BFF0DFDFBA6E9"
".venv\Lib\site-packages\anyio\_backends\__pycache__\_asyncio.cpython-313-pytest-9.0.2.pyc","149000","49534B5184AEA729D01FFFB20D778C5CF03EED0333D5BE01D8533259BD188508"
".venv\Lib\site-packages\anyio\_backends\__pycache__\_asyncio.cpython-313.pyc","144112","A10213D3DD8955891C695D5CB28CB4E5316E127ED6CC516D9734BD28901F1704"
".venv\Lib\site-packages\anyio\_backends\__pycache__\_trio.cpython-313-pytest-9.0.2.pyc","75999","2680D51E514DD3CD0EA346E0EEB9073C8BBF67728FB5D311FFF2344C5048AF9B"
".venv\Lib\site-packages\anyio\_backends\__pycache__\_trio.cpython-313.pyc","74874","36E452C0CEDF8D6B19742D52B4E906FFC1BA8D4495D21A94517EBE51507424DE"
".venv\Lib\site-packages\anyio\_core\__init__.py","0","E3B0C44298FC1C149AFBF4C8996FB92427AE41E4649B934CA495991B7852B855"
".venv\Lib\site-packages\anyio\_core\_asyncio_selector_thread.py","5626","D8F77114CDDCB34D8AA7A052A696EF9914FBABB6ACADE4D6E45801C44B1F941A"
".venv\Lib\site-packages\anyio\_core\_contextmanagers.py","7215","6089C109A6E211E4BE51A3FF25DC5AD426850BBD444CF5BC1D94C720CF11B1CF"
".venv\Lib\site-packages\anyio\_core\_eventloop.py","6261","C6CA1880721D74D62EB13A8014356672FA631CA24599D82D0DC023A4DDC91164"
".venv\Lib\site-packages\anyio\_core\_exceptions.py","4257","7D1D92BD15016151EFA2534A6F35922EDF050BFE4D141D8E033183EF7F1F0FC4"
".venv\Lib\site-packages\anyio\_core\_fileio.py","25731","B9CEEDD7455BF887FB19B75633FCC57FE6A351EEAE7A4EB77D2B7B2012E5656D"
".venv\Lib\site-packages\anyio\_core\_resources.py","435","35B994E4EE545F7C44C800A7926617DBC166C1D97E7FE9F2D2D1F29B6E9ED30D"
".venv\Lib\site-packages\anyio\_core\_signals.py","905","BEE953D4CD7174B62D011F9E6394DA98881A7F559394EC0EACC1B0B309534EBF"
".venv\Lib\site-packages\anyio\_core\_sockets.py","34311","6936E032BD2A3E604F7EB6A9C4BCA4C9A8EC992EC801EAE15BDFD0939AF9135F"
".venv\Lib\site-packages\anyio\_core\_streams.py","1806","15CCC5C08803A6790AD1B3835895CCA6C50961DBC00F4E24694686CC953C0CAD"
".venv\Lib\site-packages\anyio\_core\_subprocesses.py","8047","1179B98A02FB763E7989890F95B61502AB5BAB12718D4FBA3A77524C8C7D4918"
".venv\Lib\site-packages\anyio\_core\_synchronization.py","20894","498DE7B2BD596720EB8DA9AC395A1872F8FEC7A77F011D770AEE6565E706D206"
".venv\Lib\site-packages\anyio\_core\_tasks.py","4880","926EA1544D5FB2E21E9F26B7303B9DF0A3FAF89FDB373960602D74C14C48EE20"
".venv\Lib\site-packages\anyio\_core\_tempfile.py","19697","9476FB096E05C8896991FE400C07F85662C708AC041C5F67C6A3720421455220"
".venv\Lib\site-packages\anyio\_core\_testing.py","2118","6141B00397201456D44EFE1615DEDCBFF05256BE2BC93B4FA7CA30400DC97561"
".venv\Lib\site-packages\anyio\_core\_typedattr.py","2508","3F8A33662927DFE0DBA6861CBF28214BF14E60081B994C5EA14F3E2FFD3BA593"
".venv\Lib\site-packages\anyio\_core\__pycache__\__init__.cpython-313-pytest-9.0.2.pyc","176","8B0DDC358EE6E287F186EAD981C280F238CCCF8B3B3DE4AAC2A00D601A55322A"
".venv\Lib\site-packages\anyio\_core\__pycache__\__init__.cpython-313.pyc","176","0CB07CAD4A4358AF875C3E6AE72F3F79CBD509699E32BDFCD7BE8663729728C6"
".venv\Lib\site-packages\anyio\_core\__pycache__\_asyncio_selector_thread.cpython-313.pyc","8624","849023202EA278F145175432E65FBECAD5B951C57DB7DB7F078BCD36C482C913"
".venv\Lib\site-packages\anyio\_core\__pycache__\_contextmanagers.cpython-313-pytest-9.0.2.pyc","12517","033E68EA0D138755A2EBC36C8DE0F6FD076E28D81673D21669D0760AA8E80828"
".venv\Lib\site-packages\anyio\_core\__pycache__\_contextmanagers.cpython-313.pyc","9055","B87AE7CB87F493EB2305699307BA85BCBCB6EBB5690D619307983B0085341E9D"
".venv\Lib\site-packages\anyio\_core\__pycache__\_eventloop.cpython-313-pytest-9.0.2.pyc","8429","F7AEB2DDED225C6A32CA87DDE46585C940F9A69530E59AD39D4B9D65F45A5AD5"
".venv\Lib\site-packages\anyio\_core\__pycache__\_eventloop.cpython-313.pyc","8316","818BD309CD82066945D116F6CC8F6E8D276FC4D08B27462089D0F5203E362F22"
".venv\Lib\site-packages\anyio\_core\__pycache__\_exceptions.cpython-313-pytest-9.0.2.pyc","7604","C09E9A690580A05E7DFF5D9768D270AC91F2E04E29676A875B73785B714C0538"
".venv\Lib\site-packages\anyio\_core\__pycache__\_exceptions.cpython-313.pyc","7491","D93629ECC97FC585942D6E6FD93CFF9CBD598E6CCA29294CF7CA453E68681C89"
".venv\Lib\site-packages\anyio\_core\__pycache__\_fileio.cpython-313-pytest-9.0.2.pyc","43370","1AE4490FD3572EFA07CAC88A62B2A75C15E714CFFE6408F4ABD61D5F106ADE34"
".venv\Lib\site-packages\anyio\_core\__pycache__\_fileio.cpython-313.pyc","43257","FA049ED0B9E064B61D7ECDB19B13C3B78EF0AB388E398B5DA7429CDC29FCE5B6"
".venv\Lib\site-packages\anyio\_core\__pycache__\_resources.cpython-313-pytest-9.0.2.pyc","1026","238E4DC2836E27EDB01E87DC2BD81E17AD5A3FCE9A3B52A79481BD26D21F73AB"
".venv\Lib\site-packages\anyio\_core\__pycache__\_resources.cpython-313.pyc","912","3490966AA7BE909E86AE8697E1D5F8A3A6654C8CA2BBFC8B5311285302CA5FD8"
".venv\Lib\site-packages\anyio\_core\__pycache__\_signals.cpython-313-pytest-9.0.2.pyc","1338","65FB5DC8F707A1E073F13B43085399ACDBC68475F05AE9F874D619B40B118557"
".venv\Lib\site-packages\anyio\_core\__pycache__\_signals.cpython-313.pyc","1224","DF193630A59821CC2AD3BEF56797C424912FAC0BA74E97EB4144B1112717CC5B"
".venv\Lib\site-packages\anyio\_core\__pycache__\_sockets.cpython-313-pytest-9.0.2.pyc","39587","8C7D38746E3D6FDFB44F4809F89AC704AAE54B311728DD9B6FE8419BCA2287FB"
".venv\Lib\site-packages\anyio\_core\__pycache__\_sockets.cpython-313.pyc","39474","619B2E04973E9744FBCBC0979E7798AB9E81E955F37F792505DE893DB2B341EC"
".venv\Lib\site-packages\anyio\_core\__pycache__\_streams.cpython-313-pytest-9.0.2.pyc","2477","0E34887E4AF49E8C04EA75816791CA464BF787C66BA7319D2E1B4704E9969579"
".venv\Lib\site-packages\anyio\_core\__pycache__\_streams.cpython-313.pyc","2364","F3FA103F62D804391B48EF0AD8F8976B127A1B86958B60B9F8591789585463A0"
".venv\Lib\site-packages\anyio\_core\__pycache__\_subprocesses.cpython-313-pytest-9.0.2.pyc","9548","5ACBF92FBA1784265B987D63EF1699D25FAA716B2E0F4751504517997C0F2F2F"
".venv\Lib\site-packages\anyio\_core\__pycache__\_subprocesses.cpython-313.pyc","9435","BF1C027B97958668FD88D8F0CB8F864224E2DCBEF050A72DB0B2763946015656"
".venv\Lib\site-packages\anyio\_core\__pycache__\_synchronization.cpython-313-pytest-9.0.2.pyc","33061","44BB6CCD4A34C339B64533ED250BE63E0CD7C1D0F5E37B8AC6990098E6AC12AC"
".venv\Lib\site-packages\anyio\_core\__pycache__\_synchronization.cpython-313.pyc","32948","EEC9215E2B0A97B8DDFD01347F40AD15010830787AEA48D86A42EEE0D15EA49C"
".venv\Lib\site-packages\anyio\_core\__pycache__\_tasks.cpython-313-pytest-9.0.2.pyc","7092","6F323FB950C3B2D946D110A86CCEBDD4B760F9604D39EA1AF087806796855752"
".venv\Lib\site-packages\anyio\_core\__pycache__\_tasks.cpython-313.pyc","6979","B6E5CF6E23D5C9A9AD5D4DD30547C3E15701DD360A5B703AFA663A5969ACE76A"
".venv\Lib\site-packages\anyio\_core\__pycache__\_tempfile.cpython-313-pytest-9.0.2.pyc","28005","A4786327A81B39621A9B34C366680887A4D6E057A09B9916E39B9E20E12174DA"
".venv\Lib\site-packages\anyio\_core\__pycache__\_tempfile.cpython-313.pyc","27892","7BD4BE8E3E6F13C669A965157A4970BD75A634FDB9EE7A6FE5C4FA0E183C0EEA"
".venv\Lib\site-packages\anyio\_core\__pycache__\_testing.cpython-313-pytest-9.0.2.pyc","3698","217DC354941D5CDE88818EA127971B0C46943F5379F4608EF7D9C9CC64D79114"
".venv\Lib\site-packages\anyio\_core\__pycache__\_testing.cpython-313.pyc","3584","046F181AAF9CF78504E9480852857383D77053EF4C485F919429120A6D151698"
".venv\Lib\site-packages\anyio\_core\__pycache__\_typedattr.cpython-313-pytest-9.0.2.pyc","3880","A693A5A7328480408686A2F3CBE74F7649FACC3737B4B1C1965CCE6ED65EBE58"
".venv\Lib\site-packages\anyio\_core\__pycache__\_typedattr.cpython-313.pyc","3766","D338F6D1B9668FB4A662DCC014C917E32F55618EBCE23361B4A1C55DC3CDC686"
".venv\Lib\site-packages\anyio\__pycache__\__init__.cpython-313-pytest-9.0.2.pyc","4749","E333FDFFC6F363344A54A24F95C6FE7328543BA873DBE327481F381574DE7A98"
".venv\Lib\site-packages\anyio\__pycache__\__init__.cpython-313.pyc","4635","17999897A3EE2D63650EE660D24B2CD11BF214D3701E0A79FF3BDB2C2AD05171"
".venv\Lib\site-packages\anyio\__pycache__\from_thread.cpython-313-pytest-9.0.2.pyc","26734","CEF74B680CFB9C39AD47C85FA5708EF285FD2CE0E3300C1CBBE726166BC62C26"
".venv\Lib\site-packages\anyio\__pycache__\from_thread.cpython-313.pyc","25449","6422AA147E3517F8E41F261C380FB6D428657CE4705A0896771B3729B9F1373D"
".venv\Lib\site-packages\anyio\__pycache__\functools.cpython-313.pyc","13859","FD770DAF3CEADCE3049A9C722D6415832D3647E1A5C0EFA20590C1E41AF6B726"
".venv\Lib\site-packages\anyio\__pycache__\lowlevel.cpython-313-pytest-9.0.2.pyc","8000","79C71ED5E114F894C7A2E9DB7D36F08686A90E0A91EEF0CA4C8676E8DE1BE8BC"
".venv\Lib\site-packages\anyio\__pycache__\lowlevel.cpython-313.pyc","7886","5EE424A3FB1B3724C836A09C85444EE48D7C46DCCDD60CA321E1B69C78B56E7D"
".venv\Lib\site-packages\anyio\__pycache__\pytest_plugin.cpython-313-pytest-9.0.2.pyc","15947","7AEBD7534214BD00C45A0972D40AE9094526B017D54BCE848A997CBB642A1661"
".venv\Lib\site-packages\anyio\__pycache__\pytest_plugin.cpython-313.pyc","14670","D28C2729555BEB6962AB21CFAF2EBADEF7F89B85B67A961D48B2BE1C818458A0"
".venv\Lib\site-packages\anyio\__pycache__\to_interpreter.cpython-313.pyc","10425","AEB2863A2DF7333D81657BDB49B85D03BA43D6F7236B5205008D7A276AC1CACF"
".venv\Lib\site-packages\anyio\__pycache__\to_process.cpython-313.pyc","12001","800F310E512DD6216C0E22EC488EF0723A47BA26B64D1B41AC944F77C3613142"
".venv\Lib\site-packages\anyio\__pycache__\to_thread.cpython-313-pytest-9.0.2.pyc","2984","D05C5A54A712A84E8107B7148BAC2211BF2D94129201E8D8EC90636672434B79"
".venv\Lib\site-packages\anyio\__pycache__\to_thread.cpython-313.pyc","2870","358523141D0756B02F51C7122C9648D3585DE880BEE70FE06C437B1AD8430C3F"
".venv\Lib\site-packages\anyio-4.12.0.dist-info\entry_points.txt","39","FDDE98BBABA269998D7B40B2768C22AC4F429A0EF350BDA0D3CB50A684B742F7"
".venv\Lib\site-packages\anyio-4.12.0.dist-info\INSTALLER","4","CEEBAE7B8927A3227E5303CF5E0F1F7B34BB542AD7250AC03FBCDE36EC2F1508"
".venv\Lib\site-packages\anyio-4.12.0.dist-info\METADATA","4277","AED7B6FC2DA160A3FDFE254C158A204B3071747073C18E394B54EB2E206CC5D9"
".venv\Lib\site-packages\anyio-4.12.0.dist-info\RECORD","6256","C0887A384553596DAEFBF7513F522967F04897571FB78FF38DF501B7A79A3A41"
".venv\Lib\site-packages\anyio-4.12.0.dist-info\top_level.txt","6","420952322597F3FE5DA685401081DD118CEFA8531D4985A60A3EAD630D884E44"
".venv\Lib\site-packages\anyio-4.12.0.dist-info\WHEEL","91","FF309DDCDD65EBD02BC724DBF2BCC4A0FF53A5B61792A44548D383E4EBB19D3B"
".venv\Lib\site-packages\anyio-4.12.0.dist-info\licenses\LICENSE","1081","5361AC9DC58F2EF5FD2E9B09C68297C17F04950909BBC8023BDB82EACF22C2B0"
".venv\Lib\site-packages\arq\__init__.py","342","E6DCF21ACF3DBC11FBDC81D31046F9FA04ACA9BBED2203BA978C543D5969A9C6"
".venv\Lib\site-packages\arq\__main__.py","59","26012B6248AC92287C63AA11C28C002ED47EAF042100076A3985A342B69120F2"
".venv\Lib\site-packages\arq\cli.py","2897","57DE9E6A72E484F8F2EA5D40482A3E725F45D707EBA0F7AF650EC1B7D49B2225"
".venv\Lib\site-packages\arq\connections.py","12264","FE9AE9241F502B366B4B6E1C2AA3407F7552E67EF7C3037BAE65B5F61A4B5DCA"
".venv\Lib\site-packages\arq\constants.py","805","EE9C72492437FC8FD8846A64B583C0798F9C69A529F4D8242E117BFCCC2D2043"
".venv\Lib\site-packages\arq\cron.py","6660","A124639610A85F7089734D4CDFCB5C7A86CBB84F7B26266D9370E68E54978662"
".venv\Lib\site-packages\arq\jobs.py","10160","AE9B4177D5FA82A28BCBDC01B80270DF7ED400125DC154082727E15D4FE4E4CB"
".venv\Lib\site-packages\arq\logs.py","723","AA8275640385B80C280197997EC6ABDCEE81A7C2627FA386F68456935263D4FC"
".venv\Lib\site-packages\arq\py.typed","0","E3B0C44298FC1C149AFBF4C8996FB92427AE41E4649B934CA495991B7852B855"
".venv\Lib\site-packages\arq\typing.py","1303","BAE987FE70A4E4A353CC3B3D1844EA54F399E72106BDD0F079A6DF0EA8B691C5"
".venv\Lib\site-packages\arq\utils.py","3594","2DB3B3C65EDE1095881A8AC375714713FB1282D159E39A3488131B8D94372541"
".venv\Lib\site-packages\arq\version.py","126","B5A5E1F378CE394382300171E3EC74AD86C727DF99FEC73EF78ACCBF34164624"
".venv\Lib\site-packages\arq\worker.py","37999","5B6FD33FE9BE21AF00ADB97F1628859649ED871BA4334E16828054F71CF3129B"
".venv\Lib\site-packages\arq\__pycache__\__init__.cpython-313.pyc","510","4A7A3A3CD160832B7A7B53FC219696ED229B5E7D6545E2B8008BFC6BCBD3E698"
".venv\Lib\site-packages\arq\__pycache__\__main__.cpython-313.pyc","263","B9827028C4BAA98A7A439473CEFA305DE26F0095D1A5333E669711E3D2B3F76A"
".venv\Lib\site-packages\arq\__pycache__\cli.cpython-313.pyc","4758","9E539E28CD1AB8EE82A90FC1B29E4B22AE81A580B60AC6C896FB6C75EAC42B2B"
".venv\Lib\site-packages\arq\__pycache__\connections.cpython-313.pyc","17303","6E8BF25E12C07FBDC37AEB991FB9CE94DDD82B0678F882001DBC97A7B88E150A"
".venv\Lib\site-packages\arq\__pycache__\constants.cpython-313.pyc","647","B303A53E1B5CE9A03674D1A0B3CCE654DAA5C4D82D321B9CD1008360375765EE"
".venv\Lib\site-packages\arq\__pycache__\cron.cpython-313.pyc","8380","260BEEA593D06ABB4F3C99D6691A26E1DEEAA1875518E6DB41A0BAAD79B9708D"
".venv\Lib\site-packages\arq\__pycache__\jobs.cpython-313.pyc","15113","6B1EBD1B96374E9DA14B33C4144982CC34157130E789F6E63D305FA6D86138F6"
".venv\Lib\site-packages\arq\__pycache__\logs.cpython-313.pyc","935","85C0E1A2A9E1E86973E2E4B7D27C5D134B711FD61FD866F9916467E68BFE0B3E"
".venv\Lib\site-packages\arq\__pycache__\typing.cpython-313.pyc","2273","31DBCB66A1D365519F5A4FB28E460AA198F0C79B121FD15788019C930C872D78"
".venv\Lib\site-packages\arq\__pycache__\utils.cpython-313.pyc","6593","4958550F7AF4AD9D90BE6AEB89D508CE1352776646D5E13794D2D0C17B870030"
".venv\Lib\site-packages\arq\__pycache__\version.cpython-313.pyc","190","619FC37E41797A4C0A2A0B0D6B7C7147F0BB20F668DA301E292C3C895688AAE3"
".venv\Lib\site-packages\arq\__pycache__\worker.cpython-313.pyc","53646","FD18085C6E663737FBD8BFCFF43C9FA0501A533C8B9C4C63EB82974EB6FC8C23"
".venv\Lib\site-packages\arq-0.26.3.dist-info\entry_points.txt","36","AAB4DC98972DAF8CBD50C947CD60FCC69C64E0374EC0ACA1AC7F56E7F73966AF"
".venv\Lib\site-packages\arq-0.26.3.dist-info\INSTALLER","4","CEEBAE7B8927A3227E5303CF5E0F1F7B34BB542AD7250AC03FBCDE36EC2F1508"
".venv\Lib\site-packages\arq-0.26.3.dist-info\METADATA","2657","E8362A096B8176552CF8C2CC2427E02D2AE4E51E1FAF05722A68C821C7C131BF"
".venv\Lib\site-packages\arq-0.26.3.dist-info\RECORD","1980","C07EF67A2B9F73299BD2FA1F10EFF7164C8D1C59F9BC31F33996F72F3971E6F5"
".venv\Lib\site-packages\arq-0.26.3.dist-info\WHEEL","87","AAD0B0A12256807936D52D4A6F88A1773236AE527564A688BAB4E3FE780E8724"
".venv\Lib\site-packages\arq-0.26.3.dist-info\licenses\LICENSE","1110","F72B9425E837E0CF59B335F6A37E6EB916BCF02544D756168D136139627E3483"
".venv\Lib\site-packages\asyncpg\__init__.py","671","CCF048D136C5D09B35FA1399107C64538B011428C6BCBD871E4D2550849D7D54"
".venv\Lib\site-packages\asyncpg\_asyncio_compat.py","2634","8FBC094BFE67A619A66D2B5BA658E7CE34B3D4A004528FA442E0BBEEE5C8A2C9"
".venv\Lib\site-packages\asyncpg\_version.py","658","ED4F402B995A2C2341CB0580EF5819D99888F54950F99326431BA1D6527835DD"
".venv\Lib\site-packages\asyncpg\cluster.py","25205","4B638447A2BA113D024A68373CED312274486591E1F86C7DE9F0C0C35599DD83"
".venv\Lib\site-packages\asyncpg\compat.py","2547","5D5471B84FA6E583DF72241EB0C5A72F176D5EA3FA9E44D1FEBAAFD5EA34BA25"
".venv\Lib\site-packages\asyncpg\connect_utils.py","44751","F6A998D825FBA5DCDEF15E721639AF6420931576800E05087BB2119FA2B5DABF"
".venv\Lib\site-packages\asyncpg\connection.py","101842","2BB13934D08BDF420D2EFCAAF5869975ABFAA6F98CB7C1F6567D7F5C02D9FEB6"
".venv\Lib\site-packages\asyncpg\connresource.py","1428","4F4BE97EC66E4BDE80925B507E9CA70203CB2E17950F2FE14A3D1E8DC6646C04"
".venv\Lib\site-packages\asyncpg\cursor.py","9483","9E892507E36301E60086123BD39409B8AB97A08ED96748723142AA31D0F14F1C"
".venv\Lib\site-packages\asyncpg\introspection.py","9636","B2CF1E8C3746B6D622A31AB5AF5DB7ED9F8B68832F66B1A9FFBF967755E02942"
".venv\Lib\site-packages\asyncpg\pool.py","43616","703890C4AD30702D5EDD0138058E40C95B527D43632FD8795413138D81599982"
".venv\Lib\site-packages\asyncpg\prepared_stmt.py","10069","BECD789D66F4FB9AEB3C42D9D9CABB4401BD38E0AFD3572AC068AF6A7649FBD6"
".venv\Lib\site-packages\asyncpg\serverversion.py","2203","AB0CD6AE231EDEABDCE015263EA835A96139B0A9A9ABDBC017A51359FD8D3845"
".venv\Lib\site-packages\asyncpg\transaction.py","8743","A5739BFC1F601126FB33A8C4BA679266F690128485D75FD1F5F345F36D04B5D4"
".venv\Lib\site-packages\asyncpg\types.py","5735","6A5D33F4C3B01EF8D3764F4092726215A141D4A61E6F484A694C92742F2F30FD"
".venv\Lib\site-packages\asyncpg\utils.py","1547","7F835BAB5ED018702AE1321559403CAB3868EA6C7105F71BC6A9F26643D8160D"
".venv\Lib\site-packages\asyncpg\exceptions\__init__.py","30368","630783048A7DC3F2E02198FAA03FFEEE60D98EB07F32CAB3BF54C7C36EA8E734"
".venv\Lib\site-packages\asyncpg\exceptions\_base.py","9559","089CB9EFD7158EE7FB25B214634D4CA2E684947AA0FE86C60BF72E4FC9CFB644"
".venv\Lib\site-packages\asyncpg\exceptions\__pycache__\__init__.cpython-313.pyc","52489","3AAE2F5C2260CE3C07EEC5ED4BBBEAA655535164FAD2A6612CB8C466E216571B"
".venv\Lib\site-packages\asyncpg\exceptions\__pycache__\_base.cpython-313.pyc","14196","D9C8E16DBEE8D7C708ADFCE6D1A27F19F1A2FB9AEBFBD9024BE187BE07A9476A"
".venv\Lib\site-packages\asyncpg\pgproto\__init__.pxd","218","777EA23E865B8843ACE092DD576940A54832EBAE0925955D02F653CE71ECD907"
".venv\Lib\site-packages\asyncpg\pgproto\__init__.py","218","777EA23E865B8843ACE092DD576940A54832EBAE0925955D02F653CE71ECD907"
".venv\Lib\site-packages\asyncpg\pgproto\buffer.pxd","4685","A6F9FE3AA7045BC718D4F78B11F54D37F2B2BDFBD9B2095DA70288CD28BD5499"
".venv\Lib\site-packages\asyncpg\pgproto\buffer.pxi","96","E4F2123887522006E260690EB906EC178C9CEB9C3D7A06541DD755989FC2917C"
".venv\Lib\site-packages\asyncpg\pgproto\buffer.pyx","26539","428B3C33BCCB08F18EAB4BD06F6EB6BA465EC438D61E9ABFB30A68FB1AC18C2A"
".venv\Lib\site-packages\asyncpg\pgproto\consts.pxi","291","8DC4AFAB9CE12DDD3E1D689A9AC24E6E7A73668F58E3FA78B8DBA75A32388FD7"
".venv\Lib\site-packages\asyncpg\pgproto\cpythonx.pxd","759","43447736A0DF5F784C2980AFD841D1480CC11F6A101903026C91A2BEC3C61DE4"
".venv\Lib\site-packages\asyncpg\pgproto\debug.pxd","273","F08F0B842B71C7422D3629CA314982DD3AF056992EBD80C384FE0E56C7B5DA7B"
".venv\Lib\site-packages\asyncpg\pgproto\frb.pxd","1260","A8C33376B47EFEEF63678D899F96015357CA91CCCDB536C518D2E86E2DE55FB6"
".venv\Lib\site-packages\asyncpg\pgproto\frb.pyx","421","EC044030C3F49CC42990B0A929F008979EEFB30558364451437BC467F7FDC410"
".venv\Lib\site-packages\asyncpg\pgproto\hton.pxd","977","AEDED62D96AC009A65B77A35318B084257D36466DE72981D2E843139C243FBF4"
".venv\Lib\site-packages\asyncpg\pgproto\pgproto.cp313-win_amd64.pyd","249856","104471B4D2ED7A1BB2B44C79A58C740ABABD77334D36897BA09771BBD3A2B96B"
".venv\Lib\site-packages\asyncpg\pgproto\pgproto.pxd","449","BDF4816A6E376CE40A9622F47C676DF3AD3C0FFA415D76FE89D9D2B93EA8AD46"
".venv\Lib\site-packages\asyncpg\pgproto\pgproto.pyi","431","31D404450269C3491EF87153CD2F9B2DEF72965853DD9A66D31926E35B015DC7"
".venv\Lib\site-packages\asyncpg\pgproto\pgproto.pyx","1298","6E30B2F222198FB2058F40517A0BFCEF1A68610933AC5BCF144CA8C24A3C9E58"
".venv\Lib\site-packages\asyncpg\pgproto\tohex.pxd","371","2A185945A7FE8E5D23CCE93FF97481ADDD1AB2CCE654567508769E09513EBA75"
".venv\Lib\site-packages\asyncpg\pgproto\types.py","13210","386E022025AD245045530F1DF11917107852AE03D0D160F82E13D472C442588E"
".venv\Lib\site-packages\asyncpg\pgproto\uuid.pyx","10602","4CCE721F7DA1D896E76D09F87CEA662D6A148BCAA93A0C0A4D77D5C328FFC0A0"
".venv\Lib\site-packages\asyncpg\pgproto\codecs\__init__.pxd","6289","8B3AC3EA158AFBF928919ADC5A64955587CDA4655A91066B7D8095838AC0BFC2"
".venv\Lib\site-packages\asyncpg\pgproto\codecs\bits.pyx","1522","2015D558CD8D75617EF9DE78CAF05F49DBC587157F4D0C41F7B776D1D4C5C516"
".venv\Lib\site-packages\asyncpg\pgproto\codecs\bytea.pyx","1031","E0054A49F862DB90D1E0DF570A6D773B56A15A88469DDDB0370AFE956F637EC8"
".venv\Lib\site-packages\asyncpg\pgproto\codecs\context.pyx","649","82913F9DC49A00E8BEB080BB96D0B72BB139C8BA242BF18FE0492AF6FE2AD983"
".venv\Lib\site-packages\asyncpg\pgproto\codecs\datetime.pyx","13278","3EDD3294A220DFE1D5F176B8FD337CCEC0E258E566BB683E1F8DF5C6410CC768"
".venv\Lib\site-packages\asyncpg\pgproto\codecs\float.pyx","1065","5CD51E610286069C8CEB24830F42F75B6260D1CAAF5797E1E577FCCB8AF989DA"
".venv\Lib\site-packages\asyncpg\pgproto\codecs\geometry.pyx","4829","036ADA0DC98635FB468BE11DB2B07B0AC660939040DECA754404E1F5B9749F09"
".venv\Lib\site-packages\asyncpg\pgproto\codecs\hstore.pyx","2091","0F1FC89052CBAFD7CDF1C5FC95386FFA45ED0BCDA2B55CF0666C1CF9181129FC"
".venv\Lib\site-packages\asyncpg\pgproto\codecs\int.pyx","4670","D25237125BBEF949AC661E72CE191B00441BDF3D219C20186FC3359657C8E205"
".venv\Lib\site-packages\asyncpg\pgproto\codecs\json.pyx","1511","ABC38019B5044FF320F181105CDD3CA0E569E5982B3EB23097FE54A74AC9324B"
".venv\Lib\site-packages\asyncpg\pgproto\codecs\jsonpath.pyx","862","CFC39637C2ECD12DFE5A896205319C1373A22D014001A210DDF985BC7D14B7A2"
".venv\Lib\site-packages\asyncpg\pgproto\codecs\misc.pyx","500","D2FF055BDEE8236D3382FBEB89CC9AB4DB061ED36DF3AAB2F91C03A599969784"
".venv\Lib\site-packages\asyncpg\pgproto\codecs\network.pyx","4056","D78E1AE9A5480DA55593585CD01D2748E51BB78735A4B9150E0AE918E23AE9FC"
".venv\Lib\site-packages\asyncpg\pgproto\codecs\numeric.pyx","10729","3070D452252467A192DFCB27C50B0F9642863F645CC326AB5A5842EF64008B09"
".venv\Lib\site-packages\asyncpg\pgproto\codecs\pg_snapshot.pyx","1877","C453EFB03AA6DAF980BBB2F35A8DD8A483599CAE2A21DF418F0FC45991B1E20A"
".venv\Lib\site-packages\asyncpg\pgproto\codecs\text.pyx","1564","5F6F2CC39E6E8020EE57CD5B13D037DEB18D34D4E850E23598F9D556265B21C3"
".venv\Lib\site-packages\asyncpg\pgproto\codecs\tid.pyx","1600","20957F7506F44594C8BF5EA85D92EC6411BEFBD84FDF27883F62B2373470F438"
".venv\Lib\site-packages\asyncpg\pgproto\codecs\uuid.pyx","882","432F9CB4A01207A744C310DE4A368A0AD2FB8414D648F9232E1D926DEB090E62"
".venv\Lib\site-packages\asyncpg\pgproto\__pycache__\__init__.cpython-313.pyc","180","E9AC59A6A31AAF51DAF1DA6DE9CBCDC01A21C3EC22DFB98757AACB8474F10C24"
".venv\Lib\site-packages\asyncpg\pgproto\__pycache__\types.cpython-313.pyc","18994","7C144773AB564E60CDD9B80B4E49F6884124F842F39DCE8B92E1FCF61F0CEA26"
".venv\Lib\site-packages\asyncpg\protocol\__init__.py","371","6F744AEC156CF2D3D1BDF0951CB5EF7DCC6EFDDD7264DCF7A4C1D870183A1363"
".venv\Lib\site-packages\asyncpg\protocol\consts.pxi","393","C327F672DC24040AC14B6D2488A67D32EC0474720E45B8DA59498B0064F982B8"
".venv\Lib\site-packages\asyncpg\protocol\coreproto.pxd","6407","F32A77BE78A2CE2336453C9C1C623AA5BE9EDD335F46115817641C25D359B106"
".venv\Lib\site-packages\asyncpg\protocol\coreproto.pyx","42238","E7CBB49C4B5676485A8BDD3F500AB5F844220580D276FE2E797C191F981B5B3F"
".venv\Lib\site-packages\asyncpg\protocol\cpythonx.pxd","632","374B0D3A7DB362AF4B755A426E4E65F944045D9289C65813044BEE2512226B81"
".venv\Lib\site-packages\asyncpg\protocol\encodings.pyx","1697","E243874C079160648DD38A158696DF1C10ECD999701A5321240BFE50DD4D2690"
".venv\Lib\site-packages\asyncpg\protocol\pgtypes.pxi","7184","1C56F8E12DFD8D194346D0BE2EA6D762E9D4922A42C2DA3EC10EC006BB7E225C"
".venv\Lib\site-packages\asyncpg\protocol\prepared_stmt.pxd","1154","735F958FEE88355D1CF443A31E7D47D377446A1D65278CC95976BE1B45A41ACF"
".venv\Lib\site-packages\asyncpg\protocol\prepared_stmt.pyx","13431","95ED655DAF3C0A7174EAA69C15CCD5DE40BA042E84680BC5E74BDAF5B1A0E709"
".venv\Lib\site-packages\asyncpg\protocol\protocol.cp313-win_amd64.pyd","699392","1ABA455670D76748BC16B60341F23070D24E8011427D8F4B2F991EFBB033A6CD"
".venv\Lib\site-packages\asyncpg\protocol\protocol.pxd","2004","3399DF118140F05F246D7A02888856B7B32088A7F186FF3622ABD21858D62722"
".venv\Lib\site-packages\asyncpg\protocol\protocol.pyi","9390","2FFD47BEDD13413D684BA6D5354FDDEDADE1FC20C9E60F27FC4BF48E46DFD279"
".venv\Lib\site-packages\asyncpg\protocol\protocol.pyx","35524","1AD010F43FDDB32B60D6638DFFF8876A1B468C243934A0C02545B0FA9E1AED21"
".venv\Lib\site-packages\asyncpg\protocol\record.cp313-win_amd64.pyd","28160","C250ED0B52F312D65FA9DF35CFC6C70EEB9C99E24DC20C4D767CEF8EC517C4FC"
".venv\Lib\site-packages\asyncpg\protocol\record.pyi","770","2DAF876091A419CE25EC8CB393E9ADB11879D83E9EAFE4D44562A486B8774AAC"
".venv\Lib\site-packages\asyncpg\protocol\recordcapi.pxd","374","E3F260ED757FA5351C5FE69CEF71F846335FDEAC1A10081005A0A1D27F9BB53A"
".venv\Lib\site-packages\asyncpg\protocol\scram.pxd","1330","587CFA6FE08508F237ADE3F0C4AD3DE9B6504749AF235898A6B43E66E86B59D9"
".venv\Lib\site-packages\asyncpg\protocol\scram.pyx","14935","3C5AAD2E2CC13CF28AB293E4236F1D8D74FAD66366C1B3124C274F8F0798DD2F"
".venv\Lib\site-packages\asyncpg\protocol\settings.pxd","1096","04FA14F1E8C22BC7FAAF41E82A7C4D1917CDF7383ABF6178E99A314694D4B24C"
".venv\Lib\site-packages\asyncpg\protocol\settings.pyx","3883","FBFBCF55FAC74CF3090B801A0467CD987855D5DFC115DB5E17FF0A80BBA273A5"
".venv\Lib\site-packages\asyncpg\protocol\codecs\__init__.py","0","E3B0C44298FC1C149AFBF4C8996FB92427AE41E4649B934CA495991B7852B855"
".venv\Lib\site-packages\asyncpg\protocol\codecs\array.pyx","30361","38891C6DE71DA21F3864F7D3DBA9C4960FF2669DC4B021FCBE4C2E54C8727018"
".venv\Lib\site-packages\asyncpg\protocol\codecs\base.pxd","6813","AE88A8AA4ED1DC98B6F86D33C53B77B78F9CC005C6FAAE19B632FE8EB75FE84A"
".venv\Lib\site-packages\asyncpg\protocol\codecs\base.pyx","35382","57DA798941906D5CB782C7C6732C0970A112A75969658BE9FEA5CF0B44B6839D"
".venv\Lib\site-packages\asyncpg\protocol\codecs\pgproto.pyx","17659","BCA589EFA1EDE9B1115E2FBC81902388A3A4676F70245A43715B7AA2BF5240EF"
".venv\Lib\site-packages\asyncpg\protocol\codecs\range.pyx","6566","ABB029AC931D45B17947484D2D7433E36CB50926222F6CF9D431E63C25FDE44A"
".venv\Lib\site-packages\asyncpg\protocol\codecs\record.pyx","2433","47313CCA908548F887E2925D117EB5EFC5047794D2B691B797077448420B85F2"
".venv\Lib\site-packages\asyncpg\protocol\codecs\textutils.pyx","2110","3B74224B7475FC80CB4F9536F5CAB735BFDF2D4A0FF9EBD7E1F7FDDDD5BC5AB9"
".venv\Lib\site-packages\asyncpg\protocol\codecs\__pycache__\__init__.cpython-313.pyc","188","0E47ACEC47587A81C48613B29D323FF267208D32F15B28EF8793843B634D2ACA"
".venv\Lib\site-packages\asyncpg\protocol\__pycache__\__init__.cpython-313.pyc","373","A881E6C96FDA90D79E09596331AFFDA30DF50AA194C7FC401E093E45061E271C"
".venv\Lib\site-packages\asyncpg\_testbase\__init__.py","17042","87718DD3CA08A94C3000039366AAB0FADD50AAEAB5A793EB3D28F4CF1138A579"
".venv\Lib\site-packages\asyncpg\_testbase\fuzzer.py","10110","9D8B2784B5D012ABAE26D5A35B1DDF787A23E7F0ADBBD6C7E95090D99B298457"
".venv\Lib\site-packages\asyncpg\_testbase\__pycache__\__init__.cpython-313.pyc","25515","7C4FF3CFF185CD89BEBA0A9B503C5D4AFF314A4BD0C6AD7EAA070351E76D749A"
".venv\Lib\site-packages\asyncpg\_testbase\__pycache__\fuzzer.cpython-313.pyc","19589","F8D490558C22CC047513E590CD04B11CD7BB6371D382799E05B946FBB44F89FE"
".venv\Lib\site-packages\asyncpg\__pycache__\__init__.cpython-313.pyc","662","D94DBDC4DA647A4A000994666A2E905CF3C5024DCDE45E59F79F5497E8AEE831"
".venv\Lib\site-packages\asyncpg\__pycache__\_asyncio_compat.cpython-313.pyc","3205","039B47FAC1869B29980E51A068592322E58B505BA02BDF210B5198092A1A5FA4"
".venv\Lib\site-packages\asyncpg\__pycache__\_version.cpython-313.pyc","325","B96C8715454DE31B8270DF8BD195EF655855C3F98562971FEF2BD494D9797FC0"
".venv\Lib\site-packages\asyncpg\__pycache__\cluster.cpython-313.pyc","33744","58455C906205B7E2590792BCB8C32F202ECC9D376461E91CEA875B4DF6934B3E"
".venv\Lib\site-packages\asyncpg\__pycache__\compat.cpython-313.pyc","3120","C3BC46218B5B7293CCA85A921304BAEE8F7C89B0482B5AC860D42D0C6A935C9F"
".venv\Lib\site-packages\asyncpg\__pycache__\connect_utils.cpython-313.pyc","44889","E1FBFBCC78D668C677FE5B8BA81D76FADFBE73C7D5E4B1DB0848403110BD1B06"
".venv\Lib\site-packages\asyncpg\__pycache__\connection.cpython-313.pyc","105055","708E17A0AEB2D2959630E6A96A906FCBB6CF355E4F545116929973304566FD12"
".venv\Lib\site-packages\asyncpg\__pycache__\connresource.cpython-313.pyc","2226","96522FE9BFE80E6EBDC428C810D788539AA6AC075056175FF01A617D7A35EC0C"
".venv\Lib\site-packages\asyncpg\__pycache__\cursor.cpython-313.pyc","13995","9E39E8EAC6DC8157BE0ED71CF322F8DEE1EBE592A45B01D23012BE6D28E8598C"
".venv\Lib\site-packages\asyncpg\__pycache__\introspection.cpython-313.pyc","8603","4543CC8539F389CDF99EB0DE6414A9802DC8A3C682EDA590B70579B805F5DE84"
".venv\Lib\site-packages\asyncpg\__pycache__\pool.cpython-313.pyc","49236","1FD01E1BE5614DF140F7BE4781F776D26E8DD7E1DC1961A133C905F21002A66A"
".venv\Lib\site-packages\asyncpg\__pycache__\prepared_stmt.cpython-313.pyc","12523","85B23B0D2313733231FF0F817362A229FCCBEB824F99113FB0E77B697E6313CD"
".venv\Lib\site-packages\asyncpg\__pycache__\serverversion.cpython-313.pyc","2351","734472161F43B2E233B68BBA3DCA3F50DD1F8A9883A5C9B0AC3717AC24094C67"
".venv\Lib\site-packages\asyncpg\__pycache__\transaction.cpython-313.pyc","11271","9EA3791C3D1E684F392170C5E4D60103ADA13DE35A4BBE5378C90E9A517AF0E1"
".venv\Lib\site-packages\asyncpg\__pycache__\types.cpython-313.pyc","8835","A43945DDB69FB343DCF87DEA184F89C962D901BF0A3697F02A656B204ACCB767"
".venv\Lib\site-packages\asyncpg\__pycache__\utils.cpython-313.pyc","2360","D52A56C50E06C2C67191060B4623204EEAE7CCF3CFBA2228159A81ECEEA1D7C6"
".venv\Lib\site-packages\asyncpg-0.31.0.dist-info\INSTALLER","4","CEEBAE7B8927A3227E5303CF5E0F1F7B34BB542AD7250AC03FBCDE36EC2F1508"
".venv\Lib\site-packages\asyncpg-0.31.0.dist-info\METADATA","4543","C450330C04CDCC643E7942D1642B9FC575CE491F0F4B7723E5D2595823A207D0"
".venv\Lib\site-packages\asyncpg-0.31.0.dist-info\RECORD","9008","068B3A241C5C8FD2768981872C1993F50B3669158EC01A84F0C8F1BDD70265B2"
".venv\Lib\site-packages\asyncpg-0.31.0.dist-info\top_level.txt","8","0DD855869CC2AB8F66CA490735A83A8BDCEE271D39FEDC7808C67298CD45F1D5"
".venv\Lib\site-packages\asyncpg-0.31.0.dist-info\WHEEL","101","A95D0420F9638F55C2FEFB926AD4568E7D369D9233DCDD6DF23B19CFB1C1AF65"
".venv\Lib\site-packages\asyncpg-0.31.0.dist-info\licenses\LICENSE","11670","0AAC570982296AD9E97BC32708479E40CF7B60D5787C8AC187D86C1583E92EC0"
".venv\Lib\site-packages\black\__init__.cp313-win_amd64.pyd","10752","65E998A72D0490E1021ACAECCF240E8A0186FAC32BCE6E751D4CC0E36732C901"
".venv\Lib\site-packages\black\__init__.py","55645","C900AB0AB6E77FF189A32AB0A6527346FBA4213FA53C0277EA7B602C1459BB4A"
".venv\Lib\site-packages\black\__main__.py","50","E95D2957D65E87CF78D266D06D54C23DD4D7E068EAD471AB14203A1381CB19A3"
".venv\Lib\site-packages\black\_width_table.cp313-win_amd64.pyd","10752","009A016B05A1AB153C1D30CDCAECB17E6D70955B10D398AF512813B29897FEC1"
".venv\Lib\site-packages\black\_width_table.py","11226","368657C6E4CC113C2F89E1C9D72B5CC7C92FE8B9A8C9BD4151C84181441BC515"
".venv\Lib\site-packages\black\brackets.cp313-win_amd64.pyd","10752","4EB1E007BC2E5451532E33D18D264FDEA5CBE24A1979D009C42CA2A625457A03"
".venv\Lib\site-packages\black\brackets.py","12793","BA03BE0206BC6A276A5DD82AC251CD70134173157542D11654FB13E49C177A56"
".venv\Lib\site-packages\black\cache.cp313-win_amd64.pyd","10752","9B05455697C8E1979A9DC024C13A62C9C48BF5F2C6727406AEC819277BFA51D4"
".venv\Lib\site-packages\black\cache.py","4904","B72F6A9FDA8BEDDCFB6BCD9D15AF33605BD0A6B10BE1ABE727ACC094372AC2A0"
".venv\Lib\site-packages\black\comments.cp313-win_amd64.pyd","10752","AF82173C9DFC7944645914748C52517DC32E7ADB5C24A574B31F8DB9FB79A6A9"
".venv\Lib\site-packages\black\comments.py","31145","84BB4F67E8ED2640FC69C3A65989295EDBC308CB8204358B7195744F7ABBA967"
".venv\Lib\site-packages\black\concurrency.py","6956","0126EFFD78D3380CBD54FE36A87C1BA32EA018AB4D79AAD3AB982F6EF0D78F2E"
".venv\Lib\site-packages\black\const.cp313-win_amd64.pyd","10752","A45163A0CCA225454DAB1B82E135954E8E73385AC40C63A14CC0C4BFD25E4006"
".venv\Lib\site-packages\black\const.py","325","14FE58712C47E826F48EA4A4C05D27238747C4FC90B4BDF88685817C0AA70212"
".venv\Lib\site-packages\black\debug.py","1977","0C9E429B61DA253FC9F07E7F86AC3E8185F59D55F9AE1F39F797B6C5A82644A2"
".venv\Lib\site-packages\black\files.py","15085","7CD9DECF41C5B935AEEA8741C6FE8388DF375D6A439FE3E7CEACB169BC7C0172"
".venv\Lib\site-packages\black\handle_ipynb_magics.cp313-win_amd64.pyd","10752","762C3350194D31C29516DACF2E79A421362610628BA996BF58BBCA012AD15EF7"
".venv\Lib\site-packages\black\handle_ipynb_magics.py","15865","C5DD7876ED03290073F9A999911DACF66A6423E18B4D2FEF3D041157806C5E69"
".venv\Lib\site-packages\black\linegen.cp313-win_amd64.pyd","10752","8308535CB0CA22AD4179826DBAA29E5AD9DD8873C6AC7C5174CFC47AC5AA6816"
".venv\Lib\site-packages\black\linegen.py","80452","A224BE16B29C9A880762C8CF1E60A1432C291FC03BF57ABD741CE5EE0CA8447F"
".venv\Lib\site-packages\black\lines.cp313-win_amd64.pyd","10752","F1B70B62C311D8FDF68EC0614FD33AA4C029C2788D941292D9695688709A6FD6"
".venv\Lib\site-packages\black\lines.py","42009","1EF84A2088D912124853391605AEF8130C8F7C27A4CE2AF47F50AE56F25D4DF5"
".venv\Lib\site-packages\black\mode.cp313-win_amd64.pyd","10752","913FF9955623D846DD5D342064B7E5AD3C12C0230D8E7086C8B2946619FF13D8"
".venv\Lib\site-packages\black\mode.py","11104","804DA45E473B4ED95FAD5694E2BD0004C977DCA2EB687E9EF0DC2D057B91ED8D"
".venv\Lib\site-packages\black\nodes.cp313-win_amd64.pyd","10752","229510EBA23097B8AADC2D3401774183C9CB2022A6442182D069C836F790C311"
".venv\Lib\site-packages\black\nodes.py","32727","9AE7413739A6F6FB50BB68F0551B92A00D336C851D4B52BD207E4F0287DF9962"
".venv\Lib\site-packages\black\numerics.cp313-win_amd64.pyd","10752","88B20919EB5F83E64082B1CC7FCE827B9F7AFAFF7E3247162AFE1096B106B9CE"
".venv\Lib\site-packages\black\numerics.py","1716","801D53D7E9E9C63E385617B1EB7A2FFA81ACA083F0C7F3D9953FA7FEA51CC0EE"
".venv\Lib\site-packages\black\output.py","4033","E21110B2A3439605994C027E9F49AEBACC629F61D1F00C523519AE66B8D6A023"
".venv\Lib\site-packages\black\parsing.cp313-win_amd64.pyd","10752","AD9BDCC01B4787C3733645392EAAB9F6DE16A9CC276360E47C69788BF0B052D0"
".venv\Lib\site-packages\black\parsing.py","9084","82E9BCF4CB67530317E23CEB85FE158A7B8EF0E09F18C1FF52C6B73EF538F5BC"
".venv\Lib\site-packages\black\py.typed","0","E3B0C44298FC1C149AFBF4C8996FB92427AE41E4649B934CA495991B7852B855"
".venv\Lib\site-packages\black\ranges.cp313-win_amd64.pyd","10752","0EEC9F645DB857D0DDD80EF18A55158C3B9EB194CB3E9741EBA7CB07FB5BB3B5"
".venv\Lib\site-packages\black\ranges.py","21128","57A261888402354860CA4453B20761AB0CF40B31EEDD579893626E464E65C51C"
".venv\Lib\site-packages\black\report.py","3559","F1789EB373EC7907933788187C74BB45EC154118C3B0305F143477B12372B5CA"
".venv\Lib\site-packages\black\rusty.cp313-win_amd64.pyd","10752","1CFA3B8ECF344524ADD57A778A6AD187A037E478D1A10039DD13E8EF9AB015B0"
".venv\Lib\site-packages\black\rusty.py","585","468808A262754422CC4CE2BF440E94DC431BCD657F647C4FB6B5EF7976CC8F34"
".venv\Lib\site-packages\black\schema.cp313-win_amd64.pyd","10752","0A68F67D252F1AA6191721811BA2BAFF917A81E5464A94E50ACC8A94741BE925"
".venv\Lib\site-packages\black\schema.py","446","64B2A36A71952B86C6D76183EE6903CE33AD2E4BFF83CEA9D7E4D7ADD37D4A47"
".venv\Lib\site-packages\black\strings.cp313-win_amd64.pyd","10752","A28F0638A8F380B1D90E1DD503A793B0DDF0DA6DCA4067B542D9C8D8E2455711"
".venv\Lib\site-packages\black\strings.py","13640","802F3D0BD2F04B6529DA999F28DA5B7344ED859E58278690EF1FAAC4EC909C8A"
".venv\Lib\site-packages\black\trans.cp313-win_amd64.pyd","10752","29C6E74A000B5E4E3A22DDE2D65631BDD4EFB4F6D98081D037484BC1AA570C92"
".venv\Lib\site-packages\black\trans.py","97673","E21300B68D3CE1082B8184C8ECE0D157A1896555E8F8E3CABD0A64E43912060B"
".venv\Lib\site-packages\black\resources\__init__.cp313-win_amd64.pyd","10752","B1467A82C3777DE66524D1C91EB297AC7DE36E57223C258A1134DF4375B0AE56"
".venv\Lib\site-packages\black\resources\__init__.py","0","E3B0C44298FC1C149AFBF4C8996FB92427AE41E4649B934CA495991B7852B855"
".venv\Lib\site-packages\black\resources\black.schema.json","7821","6C1170C63FF1AA0F25896C28B4536BBD39BD5950A39855FAF71A429D47E66465"
".venv\Lib\site-packages\black\resources\__pycache__\__init__.cpython-313.pyc","180","51416F6809386725AE039B1B2D209EFF34019336163A06A94A899C0BE14106DF"
".venv\Lib\site-packages\black\__pycache__\__init__.cpython-313.pyc","65797","569E092111E14953294F039A1D297720D7756FF9877DB92D2DD09678097AF074"
".venv\Lib\site-packages\black\__pycache__\__main__.cpython-313.pyc","234","0CBC49D946E8C642EB2B01BD4F887F136B78F5EC24C3558817DF3DE27D8EE337"
".venv\Lib\site-packages\black\__pycache__\_width_table.cpython-313.pyc","8361","B9C7947C08EA6601D40B3094D18C53DEFC525D16125EFB23610AA3F43BF574E4"
".venv\Lib\site-packages\black\__pycache__\brackets.cpython-313.pyc","18655","606919F895E1A971570B0B5AC38E385FDA83DF709DDD8A598297C7045E50A4E9"
".venv\Lib\site-packages\black\__pycache__\cache.cpython-313.pyc","7640","A79780309AD8DA02FF5A293853864C1EF9A8DB0945215FD7AA492786AD3B36DD"
".venv\Lib\site-packages\black\__pycache__\comments.cpython-313.pyc","29377","B6A6909ABE0382A32F71EA07242E79037E2B0C95087935308D56BBEED35517A7"
".venv\Lib\site-packages\black\__pycache__\concurrency.cpython-313.pyc","8951","E3A8AE95729DD9FD377EF5C0F69EF77FFC4707B8AEED99B37328D50A15DC7AF2"
".venv\Lib\site-packages\black\__pycache__\const.cpython-313.pyc","507","F258DD1233AD3875C937369F3770A3647EDFE9CB97448BC7D14966CF14183460"
".venv\Lib\site-packages\black\__pycache__\debug.cpython-313.pyc","3541","4DC72C4657A3A70FD1134C21C8579363EEA284D7EC15FC91B705A1601F1C685E"
".venv\Lib\site-packages\black\__pycache__\files.cpython-313.pyc","19008","D01DA91CEA887ECAACC0D36EAC84739D31648082E1CD329982FE18E2B1A3024A"
".venv\Lib\site-packages\black\__pycache__\handle_ipynb_magics.cpython-313.pyc","20526","F1C0BE269173B8A090DA45032887D1599EF023F730725D74619BAAB4FF026325"
".venv\Lib\site-packages\black\__pycache__\linegen.cpython-313.pyc","84182","787FEC4FEE42AADF9268053A96ED47CAEBACD9349710856066ED4059470A175C"
".venv\Lib\site-packages\black\__pycache__\lines.cpython-313.pyc","47348","E50612E304AB1273F8753FD3BCE6930165D65100A7CA81DB33356C09265BC36B"
".venv\Lib\site-packages\black\__pycache__\mode.cpython-313.pyc","13312","7891267B97FFA34D9773B1A0924182849239C7325F9806E867D2DB644BC4BBF2"
".venv\Lib\site-packages\black\__pycache__\nodes.cpython-313.pyc","49469","13ADF12B9330ED5CE19ED87C6DBB60C5838C493B499E20F75C67D33B273152B4"
".venv\Lib\site-packages\black\__pycache__\numerics.cpython-313.pyc","2568","97330AC3231A7BF1DF1D57977B1C3F0DB362D1540374D4122B4EA47327697806"
".venv\Lib\site-packages\black\__pycache__\output.cpython-313.pyc","5904","FAFD4DF4E65F5FE41954BE8DA1C4C7A10D027AC53EB8E5B584AC82B5AD755E96"
".venv\Lib\site-packages\black\__pycache__\parsing.cpython-313.pyc","11625","783AE5DBF8B6A1C0B098596C266BC93A64282139A994AA629EB3D56950C930C4"
".venv\Lib\site-packages\black\__pycache__\ranges.cpython-313.pyc","19230","B4FD8217E3E25DB905244C079C34B0BF96C09C198618CEB12BA4672C71C3AF91"
".venv\Lib\site-packages\black\__pycache__\report.cpython-313.pyc","5278","A13D6939FD040D9DDB5D738FA800D15FDF8F36CA68D4A0549B9F26D73772FC1E"
".venv\Lib\site-packages\black\__pycache__\rusty.cpython-313.pyc","1634","D4F1F4DF443CBD6B294732DD8CDCA48C9DD49D6644065270CF5F9A926A944696"
".venv\Lib\site-packages\black\__pycache__\schema.cpython-313.pyc","1013","AFF8A70D952E04DE81730300AD60E9206A52A5E8CE2EC6EDC0A1C940E56A76A4"
".venv\Lib\site-packages\black\__pycache__\strings.cpython-313.pyc","14682","D153D1E0F817D302AAA19B4B4EBBE75DDF259B040CBBFB77E9FEE18706DEEF18"
".venv\Lib\site-packages\black\__pycache__\trans.cpython-313.pyc","93619","83D47E2E305053698DBA6147FE636B5F19979CB82B64AA64D38E45600E1D635A"
".venv\Lib\site-packages\black-25.12.0.dist-info\entry_points.txt","144","5D3080E17DB2540D2D32257B97DE86BFD4F2C61561A026B39CB3765D386A6120"
".venv\Lib\site-packages\black-25.12.0.dist-info\INSTALLER","4","CEEBAE7B8927A3227E5303CF5E0F1F7B34BB542AD7250AC03FBCDE36EC2F1508"
".venv\Lib\site-packages\black-25.12.0.dist-info\METADATA","86414","B712A4605C61021F80DB591D6C1EC06E36AD0DDDD74B3C31DB86B5D64FBDBF6B"
".venv\Lib\site-packages\black-25.12.0.dist-info\RECORD","9272","CA46A2612539240301A921190541D81A75DC93AE9347928D2953F4B56232D678"
".venv\Lib\site-packages\black-25.12.0.dist-info\WHEEL","97","3C222130EEB567E45A18115E601D3B35E9A4C1228AD94B0EAAEC2E35E0A51291"
".venv\Lib\site-packages\black-25.12.0.dist-info\licenses\LICENSE","1101","5D025205BE1CAC55DE08EBD9F961EC7D74D0F998F65F17856DDD227A7D3BF333"
".venv\Lib\site-packages\blackd\__init__.py","9256","46992CDB490D498C3956ABD4E53CFF0662B0E2066A019727A5996AC85E307CFA"
".venv\Lib\site-packages\blackd\__main__.py","40","FB636B48867912CEE94C54E1A7CC3924BF4BC269B1B45D5A9217BB354D4E1AFB"
".venv\Lib\site-packages\blackd\client.py","4078","BBB9A400F56C38D476638B9C40D16008BC0ADD63875FB5288C64335CAA490C22"
".venv\Lib\site-packages\blackd\middlewares.py","1207","6324534B8CA1EF6882F8DD045FF9C29B89B6582A908BA0DD7AD6210D11EE27A5"
".venv\Lib\site-packages\blackd\__pycache__\__init__.cpython-313.pyc","12115","4CC62C0CDE8AC18AC301F5791EBC98D18389C422224B82D3233FE1F945A5C2F9"
".venv\Lib\site-packages\blackd\__pycache__\__main__.cpython-313.pyc","252","AD843B84DFB8FD15F96986CE883C58DC4E5C53203A0297E94FD50713728F6EF7"
".venv\Lib\site-packages\blackd\__pycache__\client.cpython-313.pyc","5168","9C621F27F86B39951904BE062445CB0AE98021A9690F9475FEE73F954B2FF34B"
".venv\Lib\site-packages\blackd\__pycache__\middlewares.cpython-313.pyc","1878","23039755E1DBD6767D912DB884BBB01CFF7C5666EE7A6F7F85FEDAF28B8BCC3D"
".venv\Lib\site-packages\blib2to3\__init__.py","9","09247654E20A24BF899C61B8D4F71F6D065010F0B0E378DF78AFC4522B0DB054"
".venv\Lib\site-packages\blib2to3\Grammar.txt","12264","84792D4B2D7BE7BCAD5552B3419C832D44E4F8BD881CDE262C4D964550968F66"
".venv\Lib\site-packages\blib2to3\LICENSE","13016","0F61CCE89B3274A00136A15EDBEFCDE0B7FC571C44D7FE43550B40173C36FF0F"
".venv\Lib\site-packages\blib2to3\PatternGrammar.txt","821","9BAC1F5A4EF2DFE428DF9AFBECD59D250EFC5CBD42A93FCF9B4C6BE9E08E7693"
".venv\Lib\site-packages\blib2to3\pygram.cp313-win_amd64.pyd","10752","9B42988CF092BED51A43D23CB34621DDB19BF734C868D8A2BA209C6A7C394DF2"
".venv\Lib\site-packages\blib2to3\pygram.py","5228","959719A873A89EA76C51E77CB3CDE86CAEB544A903A095579A1767F6D05026AB"
".venv\Lib\site-packages\blib2to3\pytree.cp313-win_amd64.pyd","10752","7FAC8B643AF4B090BBA1F72624567F1AB0D21ADD6BF2E42B73E34F35F55CB906"
".venv\Lib\site-packages\blib2to3\pytree.py","33387","406E062A2F3D7C8D7CB478DF1A6FCB7FDBFA1A1D0F955211E0F752F197C4E3B4"
".venv\Lib\site-packages\blib2to3\README","1098","1BE0E25E40BC68A20D08DBFBB26236ABF9B3FBC93A902E3260ED8EACC6F436AB"
".venv\Lib\site-packages\blib2to3\pgen2\__init__.py","147","CFC35E9AD36D01A201A1C3CC97468C2E0C5A40C79DB0A392FDD395032F1CDD32"
".venv\Lib\site-packages\blib2to3\pgen2\conv.cp313-win_amd64.pyd","10752","BF32079A81CA092D1D3B7BE15DEE574F58BEFF641C275EDEC445409358B159E6"
".venv\Lib\site-packages\blib2to3\pgen2\conv.py","9852","A3176AB863F8EBD3DE43016618CF7603D14912D6654156FBFEFE2716ACF3B176"
".venv\Lib\site-packages\blib2to3\pgen2\driver.cp313-win_amd64.pyd","10752","85D18B1C1BA09DF129A9AD99A98A5B7E61A090685DF8B009B379E2875495B2D9"
".venv\Lib\site-packages\blib2to3\pgen2\driver.py","10756","3126348056D2A8D7EF7630FCD602C52B9FAC4C879B459A8F46CF74F992C4E3B4"
".venv\Lib\site-packages\blib2to3\pgen2\grammar.cp313-win_amd64.pyd","10752","453B8852D301B6FBE0FA312300835DC1E8E3ABD88FEA34442A5E3396CFE6528F"
".venv\Lib\site-packages\blib2to3\pgen2\grammar.py","7074","9162C97F76DDBC73B883F6F733F104A3DF18228040C1406D14561677B9051F47"
".venv\Lib\site-packages\blib2to3\pgen2\literals.cp313-win_amd64.pyd","10752","18CA3CEA956C165F2CC76A1F8DAE5D9C04A8AEB4D571FFC90A774C20976160B1"
".venv\Lib\site-packages\blib2to3\pgen2\literals.py","1645","796439E1E129B08279C2885DFFFE9D774924F7AD1033978280C4A0920EDE1599"
".venv\Lib\site-packages\blib2to3\pgen2\parse.cp313-win_amd64.pyd","10752","D81308F1B92AD9CEF7B74ED1AEAF6E462F8F3F56C6D47BD49530A24F45E544AC"
".venv\Lib\site-packages\blib2to3\pgen2\parse.py","15875","45A54B0793CA915BFE396411D3684E85F54FCD45EBFF0A7CBCAC936235537F4F"
".venv\Lib\site-packages\blib2to3\pgen2\pgen.cp313-win_amd64.pyd","10752","51365BB38947D87242EFB2D0CC93BC07D496E78D5E4672FBA3FAF9F6DBC861CF"
".venv\Lib\site-packages\blib2to3\pgen2\pgen.py","15489","C04088E5D2455F88FFE0734BD2CD55E189EF6DD80A37E739E9D4E8C40A028F78"
".venv\Lib\site-packages\blib2to3\pgen2\token.cp313-win_amd64.pyd","10752","33FED85F11BDF11452FE900A1DD96DD36E932F7159D7205CD02E442A99971438"
".venv\Lib\site-packages\blib2to3\pgen2\token.py","2065","CE6D80874A6C666E64865F1F1502B07CAABA4105BF9E57C42630C77C9A173E45"
".venv\Lib\site-packages\blib2to3\pgen2\tokenize.cp313-win_amd64.pyd","10752","5AD6C16A3D9608694B802DDBD4EE2F17C56C5EA594506F7E7414A89CDA14EB60"
".venv\Lib\site-packages\blib2to3\pgen2\tokenize.py","7604","3C5418B91F96CB61BF7ED8488C62057B10CE0B356F9013F4C97935F730BB2350"
".venv\Lib\site-packages\blib2to3\pgen2\__pycache__\__init__.cpython-313.pyc","214","7931A57F9DCAE0A6714490D2AF836E86D5EC45F0E32C58F6E40DBE1D6FEB7184"
".venv\Lib\site-packages\blib2to3\pgen2\__pycache__\conv.cpython-313.pyc","11762","35058D580C9BA17BF0B38D8868936B583EB4BD972624B6415378833980441DB2"
".venv\Lib\site-packages\blib2to3\pgen2\__pycache__\driver.cpython-313.pyc","13880","211247156D872D491CA3AD4484E5CE9634B247479614D71D28457CCF43B1F16D"
".venv\Lib\site-packages\blib2to3\pgen2\__pycache__\grammar.cpython-313.pyc","8425","7335859D4C4CB02EB7EC452A562DEF84C83CFA94F2B9B421DE92B41A4914581E"
".venv\Lib\site-packages\blib2to3\pgen2\__pycache__\literals.cpython-313.pyc","2879","6C6C70740CAEA9F1550571B3D71A4B87CE861491194729A7ED510D5499BECABA"
".venv\Lib\site-packages\blib2to3\pgen2\__pycache__\parse.cpython-313.pyc","17441","3D9B2236B9DBCF3FFB5271CF7AA694C1B1FF6D0E08FD2AD898960EF15111DACE"
".venv\Lib\site-packages\blib2to3\pgen2\__pycache__\pgen.cpython-313.pyc","20911","49C7332931963ADBA59F5790B90F9FD7F287AC05CF057F3CBDE40B0BC9377171"
".venv\Lib\site-packages\blib2to3\pgen2\__pycache__\token.cpython-313.pyc","4060","F8EEF66BAD6A18BDC0909021EF2BE596D888B346DE58BA59C2B31D281133A888"
".venv\Lib\site-packages\blib2to3\pgen2\__pycache__\tokenize.cpython-313.pyc","9146","347926DA28E8C73704D8FE60063D303F4D4E7599AF5A7F3766E0B9ADC236DE85"
".venv\Lib\site-packages\blib2to3\__pycache__\__init__.cpython-313.pyc","173","3DAFCC6168386CCBB6E8EB7A616DFCD0DCE2386DA69ED347DFEBFD88D215657D"
".venv\Lib\site-packages\blib2to3\__pycache__\pygram.cpython-313.pyc","6637","B20B5589BEA06A387AC622DC57E6B099AC4CC0C40E4798AED521D3EF82F7277A"
".venv\Lib\site-packages\blib2to3\__pycache__\pytree.cpython-313.pyc","40382","51D789DD3759DB3F6E4EA6608090CF555FC0C7F96E7DDF3E28BF88DCB0B09508"
".venv\Lib\site-packages\certifi\__init__.py","94","D41452C4D327656EC2676A09B5858BA0981F1DF701F62DBBDDEC7088FC1F8C93"
".venv\Lib\site-packages\certifi\__main__.py","243","C410688FDD394D45812D118034E71FEE88BA7BEDDD30FE1C1281BD3B232CD758"
".venv\Lib\site-packages\certifi\cacert.pem","283932","A1AD5D643E21C43B5BED74C7E0891DCDB58F6AF51C8ACE1E4F020D654AA52A16"
".venv\Lib\site-packages\certifi\core.py","3394","5C55F2727746E697F7EDAC9E17C377D8752E0DA7ECCA191531B3B80403D61DAD"
".venv\Lib\site-packages\certifi\py.typed","0","E3B0C44298FC1C149AFBF4C8996FB92427AE41E4649B934CA495991B7852B855"
".venv\Lib\site-packages\certifi\__pycache__\__init__.cpython-313.pyc","299","A0CCD6CAFAF3F8587D1B40D7AE6E7478BB90236FF812636AF358A7B039B35ED0"
".venv\Lib\site-packages\certifi\__pycache__\__main__.cpython-313.pyc","616","812B2F9807952867BACCDCF9B44E9CA85D2E623A7F0848B54A990991C4E385B4"
".venv\Lib\site-packages\certifi\__pycache__\core.cpython-313.pyc","2054","EB0A7B3EC837C3ADACE795A875E41E59A1DD1E2C44451F449F45A182C8C271C1"
".venv\Lib\site-packages\certifi-2025.11.12.dist-info\INSTALLER","4","CEEBAE7B8927A3227E5303CF5E0F1F7B34BB542AD7250AC03FBCDE36EC2F1508"
".venv\Lib\site-packages\certifi-2025.11.12.dist-info\METADATA","2475","FC9A6B1AEFF595649D1E5AEE44129CA2B5E7ADFBC10E1BD7FFA291AFC1D06CB7"
".venv\Lib\site-packages\certifi-2025.11.12.dist-info\RECORD","1029","A3B9392AD2E63238EF1171A54E0881618206BA9DE174E43BFE788082BBF6AF6B"
".venv\Lib\site-packages\certifi-2025.11.12.dist-info\top_level.txt","8","28CBB8BD409FB232EB90F6D235D81D7A44BEA552730402453BFFE723C345EBE5"
".venv\Lib\site-packages\certifi-2025.11.12.dist-info\WHEEL","91","FF309DDCDD65EBD02BC724DBF2BCC4A0FF53A5B61792A44548D383E4EBB19D3B"
".venv\Lib\site-packages\certifi-2025.11.12.dist-info\licenses\LICENSE","989","E93716DA6B9C0D5A4A1DF60FE695B370F0695603D21F6F83F053E42CFC10CAF7"
".venv\Lib\site-packages\click\__init__.py","4473","E98C92D5A7B29276742D8C1E5A8CCD672D00F6767FD75C2660886FDDC6D0AD8A"
".venv\Lib\site-packages\click\_compat.py","18693","BF7C4166415BBC0D415CF46415F04973AFA92303C8EF7E399BE910127A5502CE"
".venv\Lib\site-packages\click\_termui_impl.py","27093","AE009BDCE9FC5F9038DB4D2B0392FA8B5DEEE626A99857ABEECAEEE7B272EB30"
".venv\Lib\site-packages\click\_textwrap.py","1400","04E69ED1143ABE0DC590D8122723A81B31B599E18CC49FEE9165592B1FEFFB4A"
".venv\Lib\site-packages\click\_utils.py","943","919C2D4DFE6032E0A294925C792DA24C2BD1BC263ED1A379AC9ABC80AC3BA7C8"
".venv\Lib\site-packages\click\_winconsole.py","8465","FEFC54B946B1C01868474BD458236E1D8F1551E7E231D088C94D925CFAA817E0"
".venv\Lib\site-packages\click\core.py","132105","53A05FC6DF06923343AB22741EA5EF96E247B72678B18E54480BCCD4276AEE64"
".venv\Lib\site-packages\click\decorators.py","18461","E4FEDA6E126D010629FCA1E08D4BE132FE3AE044703B3AEFD9E9CD9279701F24"
".venv\Lib\site-packages\click\exceptions.py","9954","F2EB5FF30E95E612573273BF89CD4536BB5BC2E127D4D52ED5A0F057C52A9C6E"
".venv\Lib\site-packages\click\formatting.py","9730","4557F0C2BD2BC16369806AFC35A1E874FCE422BEFFB54C9587F9C375A9CB30D7"
".venv\Lib\site-packages\click\globals.py","1923","80CF8D87A0383341C1FD2824685E4CE2770618C0C773F7E51D7BBDFE88781845"
".venv\Lib\site-packages\click\parser.py","19010","437D691F416541912AF945C4FC0051CE5CA011FBF13D3B996D6361E317D79B3C"
".venv\Lib\site-packages\click\py.typed","0","E3B0C44298FC1C149AFBF4C8996FB92427AE41E4649B934CA495991B7852B855"
".venv\Lib\site-packages\click\shell_completion.py","20994","09CE0641416E5A97D005AF6C179A9779E608EE7DED23FD64E997529F80596D3D"
".venv\Lib\site-packages\click\termui.py","31037","86A0848CD9DD53E9F35B4F2744090169581F669FC574203D2B17C85A529868C7"
".venv\Lib\site-packages\click\testing.py","19102","10445BCDC9756EBD265B4A814BD12A9249DF35F5C1F564045B410B22992FB92B"
".venv\Lib\site-packages\click\types.py","39927","7A4E7804D485C0F2ACAAD7D3EE3B2A71CE161EE8BC00815530A338A156485E17"
".venv\Lib\site-packages\click\utils.py","20257","8025287B0740840F902C15141F1ACB878BA3EA6ED3D568D964C34FBD1D08ED80"
".venv\Lib\site-packages\click\__pycache__\__init__.cpython-313.pyc","4042","0438BFA027E4BD12E419B6995717C97A91243F8DB23606E7660EEB27A93BB895"
".venv\Lib\site-packages\click\__pycache__\_compat.cpython-313.pyc","24742","149D48E45514FEDA6F40BD4A2759215E166F811D05FEDEF613ABC426C9E22050"
".venv\Lib\site-packages\click\__pycache__\_termui_impl.cpython-313.pyc","32553","2D21B166D44C153F8F45D0264C0F0D5395A09556ADB2F2FCFABAAB8E088FF643"
".venv\Lib\site-packages\click\__pycache__\_textwrap.cpython-313.pyc","2461","86431ED3759787A9ABAEFAE2DBD0166D7824884F2F678FA34D8EA204EE612D60"
".venv\Lib\site-packages\click\__pycache__\_utils.cpython-313.pyc","1232","984AC93D41A308868CACFD259D64E0BA6BE31A5E4CC19D206FC1A10ED56EE6B9"
".venv\Lib\site-packages\click\__pycache__\_winconsole.cpython-313.pyc","12059","B86D576E73EF74367B78EA3A571CED3432C73411435959213D496BF47D09A83B"
".venv\Lib\site-packages\click\__pycache__\core.cpython-313.pyc","132865","8014C68D8F29BFE77BF0B1014D95CB2AE019639475F30FF55E924CE86496099A"
".venv\Lib\site-packages\click\__pycache__\decorators.cpython-313.pyc","21981","3CDBC7143167DBC92452115DEABC10B0156BEA0B97C832354AF0C31BA5BD9863"
".venv\Lib\site-packages\click\__pycache__\exceptions.cpython-313.pyc","15064","A02BC8BCD7920273A0C6893A1B77F828ED58C0E71FEC5218D81FCD17054DB522"
".venv\Lib\site-packages\click\__pycache__\formatting.cpython-313.pyc","13546","8FDC55790B02E3C8A8D4798136417405791066C31B556F78905AA87CD196242D"
".venv\Lib\site-packages\click\__pycache__\globals.cpython-313.pyc","2939","F6602D516A93280A3A6DE2F2476CE2826BDB21C79B2F01A7AB38E7EA15BB789B"
".venv\Lib\site-packages\click\__pycache__\parser.cpython-313.pyc","20669","0602FE718D126C52527E25AD82EA9F6CD9BE845EF13BD7A8BFC7774F355B596B"
".venv\Lib\site-packages\click\__pycache__\shell_completion.cpython-313.pyc","23253","DA2594C18BB8783794E433D8EE7225613E9B82E86E9A6DA1FFD1522DA6CE81A7"
".venv\Lib\site-packages\click\__pycache__\termui.cpython-313.pyc","33877","BFAF71EAD5C2C2AE9F108365DCCFE6CAA1409444B9F7F1E22DFB2AF4E8B46802"
".venv\Lib\site-packages\click\__pycache__\testing.cpython-313.pyc","27173","04A67AA144296539E7113EAEF6D87C8B91040B90F81765DFC530BBE3291493C2"
".venv\Lib\site-packages\click\__pycache__\types.cpython-313.pyc","50156","EA8333A2E78F89522445C63FB855936ABB68B0B883B001A7DE6D8A93408965A8"
".venv\Lib\site-packages\click\__pycache__\utils.cpython-313.pyc","24728","5F6208F1FD14747AD9379FD4662482C93975E309563B553331BDF7F452EEBE59"
".venv\Lib\site-packages\click-8.3.1.dist-info\INSTALLER","4","CEEBAE7B8927A3227E5303CF5E0F1F7B34BB542AD7250AC03FBCDE36EC2F1508"
".venv\Lib\site-packages\click-8.3.1.dist-info\METADATA","2621","5D9781ACC004D2085313CF128DFAD20EE4B2342A413E9971251D6D6F00FDA198"
".venv\Lib\site-packages\click-8.3.1.dist-info\RECORD","2531","7DBE8BF789797928881CE95E1CFCCFD12BF356AE4E187B0C7EAA69039FEA5B21"
".venv\Lib\site-packages\click-8.3.1.dist-info\WHEEL","82","1B68144734C4B66791F27ADD5D425F3620775585718A03D0F9B110BA3A4D88DB"
".venv\Lib\site-packages\click-8.3.1.dist-info\licenses\LICENSE.txt","1475","9A8AD106A394E853BFE21F42F4E72D592819A22805D991B5F3275029292B658D"
".venv\Lib\site-packages\colorama\__init__.py","266","C1E3D0038536D2D2A060047248B102D38EEE70D5FE83CA512E9601BA21E52DBF"
".venv\Lib\site-packages\colorama\ansi.py","2522","4E8A7811E12E69074159DB5E28C11C18E4DE29E175F50F96A3FEBF0A3E643B34"
".venv\Lib\site-packages\colorama\ansitowin32.py","11128","BCF3586B73996F18DBB85C9A568D139A19B2D4567594A3160A74FBA1D5E922D9"
".venv\Lib\site-packages\colorama\initialise.py","3325","FA1227CBCE82957A37F62C61E624827D421AD9FFE1FDB80A4435BB82AB3E28B5"
".venv\Lib\site-packages\colorama\win32.py","6181","61038AC0C4F0B4605BB18E1D2F91D84EFC1378FF70210ADAE4CBCF35D769C59B"
".venv\Lib\site-packages\colorama\winterm.py","7134","5C24050C78CF8BA00760D759C32D2D034D87F89878F09A7E1EF0A378B78BA775"
".venv\Lib\site-packages\colorama\tests\__init__.py","75","32480F004CC641DF91AB4C343D95D25F62DA7515A150409C8AC258F254AB9B84"
".venv\Lib\site-packages\colorama\tests\ansi_test.py","2839","15E5620EB50834865CAF9D393C0C6F5380235F3D5AB048802ECF465CC87045A1"
".venv\Lib\site-packages\colorama\tests\ansitowin32_test.py","10678","44DEC0221309E44A83B186828D5A3EA38BBC2730C3E2E9096E67AF58A4BBD2B6"
".venv\Lib\site-packages\colorama\tests\initialise_test.py","6741","05B3F2F977F21F027ACCAA33B903AF36F419CECC7DBDD6FFD1B6179FB86C0537"
".venv\Lib\site-packages\colorama\tests\isatty_test.py","1866","3E0DBA2D1A6FD3240307901CFACC605571BB86C035358BDAA45800A597D8CD98"
".venv\Lib\site-packages\colorama\tests\utils.py","1079","D48211CA51B7F73E7E773AB4F51FE782E7F1C8F67182574D6EBC4AC541B018A1"
".venv\Lib\site-packages\colorama\tests\winterm_test.py","3709","AA85853C48F29B9826D91B8CC297F7A4E8ACDDAE6BFCF259142CCADB9E092FC0"
".venv\Lib\site-packages\colorama\tests\__pycache__\__init__.cpython-313.pyc","179","EC390A14DEFBDA465D3347E0D6D19B07DE12D5AC9E7FC7A0744433A25D47018C"
".venv\Lib\site-packages\colorama\tests\__pycache__\ansi_test.cpython-313.pyc","5508","36CE6D4A4AE3DA204D1E894683AE8A92478B975ADE0510C46697E6CF0EC4652C"
".venv\Lib\site-packages\colorama\tests\__pycache__\ansitowin32_test.cpython-313.pyc","17801","37AB869A2EC9564DCB43D293BDC2320518D91B5F0F016D671E4F8178B10A8C02"
".venv\Lib\site-packages\colorama\tests\__pycache__\initialise_test.cpython-313.pyc","11777","C06683FCC468EF82B3D2075A344FB5048A5162FA58A3E7CE6AE411221320915C"
".venv\Lib\site-packages\colorama\tests\__pycache__\isatty_test.cpython-313.pyc","4932","F8DD029DC5B08178E85498B734C5CB8195DB22535139AA9FB2541299F84C56EA"
".venv\Lib\site-packages\colorama\tests\__pycache__\utils.cpython-313.pyc","2543","71110BE03951C01391A4A46E0FD79CD40D7EF95592B730F1B2A189E95AAE218E"
".venv\Lib\site-packages\colorama\tests\__pycache__\winterm_test.cpython-313.pyc","6633","155930FB09AB6667F30388C000E225DD9BF30CAFC21CA0F8EEFD2313E79A4819"
".venv\Lib\site-packages\colorama\__pycache__\__init__.cpython-313.pyc","473","0D323438503902FC2A656BBB7661FE11543C399A4E4C0AA2D41B150A0EFEE1FC"
".venv\Lib\site-packages\colorama\__pycache__\ansi.cpython-313.pyc","4111","EBADDAFE3FD5E2136745706AD5A31BE0B0F71CBCB05AD8C612A0C1C8FEFAEF80"
".venv\Lib\site-packages\colorama\__pycache__\ansitowin32.cpython-313.pyc","16577","3CA41369AE38EFA918C3380704F987B625652CB25819F414B78FF9508A05775C"
".venv\Lib\site-packages\colorama\__pycache__\initialise.cpython-313.pyc","3607","926FACDBA9AE179C1F0987DC492E2FC89662A7A5F9B7234B3FCD57140DEA518B"
".venv\Lib\site-packages\colorama\__pycache__\win32.cpython-313.pyc","8207","EB11CD6FD6E0DC0FD147954CDEAE68E90713458F634BA7EE55ED20AB827242DD"
".venv\Lib\site-packages\colorama\__pycache__\winterm.cpython-313.pyc","9317","28757BF4D3F1E76B77DC82A0A5926DE5E9F7537A1385FFC05D88C6994298E0A7"
".venv\Lib\site-packages\colorama-0.4.6.dist-info\INSTALLER","4","CEEBAE7B8927A3227E5303CF5E0F1F7B34BB542AD7250AC03FBCDE36EC2F1508"
".venv\Lib\site-packages\colorama-0.4.6.dist-info\METADATA","17158","7BAED29EB50C3B29BDB33FF84E3177BF1BC05784F7685ECDCAA4471C7DD810CC"
".venv\Lib\site-packages\colorama-0.4.6.dist-info\RECORD","2174","A00810CB8417223350A348197C44128A10DC97BE38EB84561D16F50B8FF23D44"
".venv\Lib\site-packages\colorama-0.4.6.dist-info\WHEEL","105","71D705E056DDD053EDC3610C20EC07FB7AD239351D4C278E49744C0F588B51BF"
".venv\Lib\site-packages\colorama-0.4.6.dist-info\licenses\LICENSE.txt","1491","CAC35C02686E5D04A5A7140BFB3B36E73AED496656E891102E428886D7930318"
".venv\Lib\site-packages\fastapi\__init__.py","1081","493A3B33E8DEF003AAB075ABE71BFFA95854142D1B61397B8708261056D347FF"
".venv\Lib\site-packages\fastapi\__main__.py","37","6CA78F5CB74EE12B1548CEABF525682E2724243711D9CD1C4CEC5944AAB6E984"
".venv\Lib\site-packages\fastapi\applications.py","180547","FBED8C42CBD61F8431F716C6FFD47A175F2E66FC873F89BAA9B89EDB7FD5A98F"
".venv\Lib\site-packages\fastapi\background.py","1793","616C4D74172476030B265C09253DAC479349A6455741575B62EBB28FCCD462C9"
".venv\Lib\site-packages\fastapi\cli.py","418","3988596F4351FDD7AE4F9A1FC8F176368341CD90CD38FF126A579FDA793E1EA0"
".venv\Lib\site-packages\fastapi\concurrency.py","1424","322ADFA30A12A6431067C8FF8346716902A957A781DC6F9D0794E07170AB8040"
".venv\Lib\site-packages\fastapi\datastructures.py","5813","56758ACF3135116ECA2CE4D1356784AA522825001209F81D28E3AEE443371FD0"
".venv\Lib\site-packages\fastapi\encoders.py","11417","F3093C5A377DCB940CB407954A6EAD3BEB1BA6BE58338B7FF28A482BBB597D8A"
".venv\Lib\site-packages\fastapi\exception_handlers.py","1275","615713F19CB4DB555861E79C81DCA1E581148C420729C2ECA5B9127F839F6C92"
".venv\Lib\site-packages\fastapi\exceptions.py","6637","86EBE7E0AEB6B645DE0EC5F5F6A7E93821EEB84453CE776E491D8681A380C172"
".venv\Lib\site-packages\fastapi\logger.py","54","23D34D8B7A2FF0072A6EC6C2F709755FE85D22D2A062DD974EBC757FDF59A65E"
".venv\Lib\site-packages\fastapi\param_functions.py","65141","0F131A41D2251CE1CCFB32320CF85C46FB819B528B063754D488EBB0E1C6E4B7"
".venv\Lib\site-packages\fastapi\params.py","27974","2D551B31A16824F0AC0AD66F5241ACCAD14ED6430540F178FFC83ADA9EA9E6FE"
".venv\Lib\site-packages\fastapi\py.typed","0","E3B0C44298FC1C149AFBF4C8996FB92427AE41E4649B934CA495991B7852B855"
".venv\Lib\site-packages\fastapi\requests.py","142","CDAC9EA4A15C89E9C1965BF7B27996236D06934A073552D4E030E1A9705BE0B5"
".venv\Lib\site-packages\fastapi\responses.py","1761","40D410970A4A850A083D94D35A4A5CF5DFD019E199FDA5503DA0D5DE743C9BB7"
".venv\Lib\site-packages\fastapi\routing.py","180652","B85A630740DAAC82D299C1540B6F1B121803DAE2CEFF2B1FA0AF0577EBFA9289"
".venv\Lib\site-packages\fastapi\staticfiles.py","69","8A2AC622DDEC758D90657777EA28ECDC28FE4F416E18575ADDC77DD2433D224C"
".venv\Lib\site-packages\fastapi\temp_pydantic_v1_params.py","26530","73DB93040AF27DD6E0126022B89F419A7985CD888564AE76CF7743297E0F4916"
".venv\Lib\site-packages\fastapi\templating.py","76","E33B2E4D681C8DC11A8A7309140956EBE827B259BA020392D528A20D67E64319"
".venv\Lib\site-packages\fastapi\testclient.py","66","9C1BDA0265FAE9895D45E24D6573CE935B1FBA8D90EA1B3C6CEBC86827A9E8B4"
".venv\Lib\site-packages\fastapi\types.py","479","63E4E01744B2E50E80F2AED8C23B6CE6CCACC99AF3B86F016B93B2142898DF38"
".venv\Lib\site-packages\fastapi\utils.py","9152","2F45A82518283AF9A327E1C6D72B527F74414EDF05BE28F7F6990CA0CEF46AB6"
".venv\Lib\site-packages\fastapi\websockets.py","222","E35F6E9DC60E6C42991B461CAD7B1C7D04182D25A8135D23AB154C7AD19D47DF"
".venv\Lib\site-packages\fastapi\dependencies\__init__.py","0","E3B0C44298FC1C149AFBF4C8996FB92427AE41E4649B934CA495991B7852B855"
".venv\Lib\site-packages\fastapi\dependencies\models.py","7323","167946A3568D36978B7209556B4264FD13BF3B6ACF42FC45472CA654AB25E6A4"
".venv\Lib\site-packages\fastapi\dependencies\utils.py","40220","030EB0982C16F9DD9D25676EA6D63D0AC098809303B9D2A0FC1F6252CE6CECFA"
".venv\Lib\site-packages\fastapi\dependencies\__pycache__\__init__.cpython-313.pyc","185","685373FC8B5B2E350AF3BD08A17E0B9622D27BEC592706B100BDC6D0B2ABB9D6"
".venv\Lib\site-packages\fastapi\dependencies\__pycache__\models.cpython-313.pyc","9827","0ABBDB8B5699713F437A1DADD7899ECB3193819948F603AC476E64DEB6CDEA57"
".venv\Lib\site-packages\fastapi\dependencies\__pycache__\utils.cpython-313.pyc","43302","928A68DE09F2E733539B08E34C01312EE58C6F276224AF0124164751933AE242"
".venv\Lib\site-packages\fastapi\middleware\__init__.py","58","A100F188555C7357D825438816FA619CAEE94D3E6492D99F2F7D905E9045BEFA"
".venv\Lib\site-packages\fastapi\middleware\asyncexitstack.py","637","44A1A54291B383718BA2CA9586BC41CBF34267DA894BBCD078D1EDE58DF1FB4D"
".venv\Lib\site-packages\fastapi\middleware\cors.py","79","CA7C2359066873FBDB873677FD95DC7A8692AEC9471473DDA0CE76AD7AF45945"
".venv\Lib\site-packages\fastapi\middleware\gzip.py","79","C4CE4F72C1FC425022999C38543BDC9939EA41A9AC95386C7DEDC254DDAFA1AD"
".venv\Lib\site-packages\fastapi\middleware\httpsredirect.py","115","ACBF1E5CC9E62E28F05641FBFF8D34CC7AE2D407A47DE05DE83EAAB3C8B1F79D"
".venv\Lib\site-packages\fastapi\middleware\trustedhost.py","109","784E57191C466BB739CCF9CC2431A9DC1C5A2F6E64E625509619EFF8F9343ECB"
".venv\Lib\site-packages\fastapi\middleware\wsgi.py","79","67751EFBBC278B895464CBC7DC6F5E93FFDA72061D26CB5B9E9657FC74006E86"
".venv\Lib\site-packages\fastapi\middleware\__pycache__\__init__.cpython-313.pyc","241","4E939DCE8EC6D15EBDBDC427F7DC11E3C3E8D642443D71B999AD646BCE5B9AE3"
".venv\Lib\site-packages\fastapi\middleware\__pycache__\asyncexitstack.cpython-313.pyc","1529","215E7478B10FA2528E408BE206A761BACC257E393BFA138F439F21B6A7EB534F"
".venv\Lib\site-packages\fastapi\middleware\__pycache__\cors.cpython-313.pyc","246","1CC0F32E8DBD19F6A51BEE52705B20AE36FFD586E851DC2301D90CF6D1AE5309"
".venv\Lib\site-packages\fastapi\middleware\__pycache__\gzip.cpython-313.pyc","246","669A9CB6879A06BF7584B07C23252839397FBECFFC9FCC118E540E5E1D29672B"
".venv\Lib\site-packages\fastapi\middleware\__pycache__\httpsredirect.cpython-313.pyc","275","A26EF2F06038AAD31AE5D1CB1EFA612DD06DC0996FDE26344D1A0774290868D7"
".venv\Lib\site-packages\fastapi\middleware\__pycache__\trustedhost.cpython-313.pyc","269","0FECB1A8B0CB4303B0D13D3CC2A2EBAE568B99976116A0599AF0D6F22F7F0BF2"
".venv\Lib\site-packages\fastapi\middleware\__pycache__\wsgi.cpython-313.pyc","246","7133E17766C28C3CAEAE7729188EAA3B98C0B2FCE51FE0629523627FF9BADA29"
".venv\Lib\site-packages\fastapi\openapi\__init__.py","0","E3B0C44298FC1C149AFBF4C8996FB92427AE41E4649B934CA495991B7852B855"
".venv\Lib\site-packages\fastapi\openapi\constants.py","153","69D1B39A2B352F51C9453137909E5F9874BF368ABAB4863AA56BFF485CE81435"
".venv\Lib\site-packages\fastapi\openapi\docs.py","10370","F51CA9A3C194E60769D92ED2B28C88652546A797B74F64F5293B490584C29D1B"
".venv\Lib\site-packages\fastapi\openapi\models.py","15625","9B504D1F17FF4620D32B5B827CCADEE9764DE72EE4AD9340EB64043FFD8457DB"
".venv\Lib\site-packages\fastapi\openapi\utils.py","23731","0E98CD10EB3D770339EC2F70EF2D18F4D67E7BE0765DA92C6696B7590DB05756"
".venv\Lib\site-packages\fastapi\openapi\__pycache__\__init__.cpython-313.pyc","180","083946F1AEE8B53FFA394508A44F209149C17D5B2E459D7363289DF147DF6ED9"
".venv\Lib\site-packages\fastapi\openapi\__pycache__\constants.cpython-313.pyc","350","C4E5286458676A026E4B98C65D14409C6E1C1257CBE50EB4B95035FDCDF73E2C"
".venv\Lib\site-packages\fastapi\openapi\__pycache__\docs.cpython-313.pyc","10803","A5356E75FA78ED8B0565162E192F76935EC371DBB89BC9F578CAD363D01D734A"
".venv\Lib\site-packages\fastapi\openapi\__pycache__\models.cpython-313.pyc","24159","7096B2EED6DE97CF77083A4BEC1C9BC566C008E65112EBEEA8A0DD27A484A476"
".venv\Lib\site-packages\fastapi\openapi\__pycache__\utils.cpython-313.pyc","21872","EFCDE80780E31AF59C7864D70CC826F4FA0883B54856DD120F5DCF1C336DCAA1"
".venv\Lib\site-packages\fastapi\security\__init__.py","881","6CEF29366C6A5515D48DF97698E2A25592E7D05A4143AD555185639A9A676C9C"
".venv\Lib\site-packages\fastapi\security\api_key.py","9828","03E8B024AD4103CFD5C4E16CAEAE686C8EF73C6F5CEEDAE0A9B8124B38149C53"
".venv\Lib\site-packages\fastapi\security\base.py","141","765E29BDB0BE4718DF6D680FB4259DF0C554FBB081D92676DAB2435D50973BA7"
".venv\Lib\site-packages\fastapi\security\http.py","13553","2B452AB369BDEAE298A30231F20D1DAF1BDC0CE8F5E9A17AF4899F3ECFFF568F"
".venv\Lib\site-packages\fastapi\security\oauth2.py","22574","A639C7EE8A252D2632665C89EE55170D7350E073DCEB5FF2400EFEE3CA8B9F16"
".venv\Lib\site-packages\fastapi\security\open_id_connect_url.py","3187","B12C414496690E78F21859D3E32D48ED9C2D950A2FA62DB31E28BCD02BCB11AA"
".venv\Lib\site-packages\fastapi\security\utils.py","293","6DDF13D1833B5100F90132AE72BD5B36D02FCFF637FFF755340BF951E6E23EF7"
".venv\Lib\site-packages\fastapi\security\__pycache__\__init__.cpython-313.pyc","837","20DA3E5ABAC12D5EA17990BF3940D97AC46B30756D32182F6DF9C3A58235FE27"
".venv\Lib\site-packages\fastapi\security\__pycache__\api_key.cpython-313.pyc","10411","F8F99B81D69E37553373EE6A1D27DE87A1BA6C2517AB6B4378546A53B1FA4B0C"
".venv\Lib\site-packages\fastapi\security\__pycache__\base.cpython-313.pyc","557","47DDC2782A37E1EEC9D636AAE3053AB880733CD39EB3F1F7F080C4DEF70CE32E"
".venv\Lib\site-packages\fastapi\security\__pycache__\http.cpython-313.pyc","14601","1D99682CC4BD684F97328FD20DB3B4ECB5FA2B1D5FAE56BB7EE8B1310A436260"
".venv\Lib\site-packages\fastapi\security\__pycache__\oauth2.cpython-313.pyc","19129","5332F9C8B2FEC0BE26A128EC44ACA1B2D92FABD37F11D48E309E533AB4295347"
".venv\Lib\site-packages\fastapi\security\__pycache__\open_id_connect_url.cpython-313.pyc","3846","D97D62996E338BA5587B88D370614038477A891733A11140D56117CD9B3CADE5"
".venv\Lib\site-packages\fastapi\security\__pycache__\utils.cpython-313.pyc","596","275F1A52F35B9654B5129465E53DAF16D3BF252724CE56A47BBB913D0F60F029"
".venv\Lib\site-packages\fastapi\_compat\__init__.py","2718","F1F6B95E633AFF086BE985AE0ACECA0DD291FE067F00C99AC585BB1839F47A78"
".venv\Lib\site-packages\fastapi\_compat\main.py","10978","5838B1961F7FE677C5BB05AF6D8409362F25E670D975F6E5DA73324EB886EB97"
".venv\Lib\site-packages\fastapi\_compat\may_v1.py","2979","BA26696531151C1943FD0DD66145BF04D5B6E17DF293F3B0BC784280FC1351CA"
".venv\Lib\site-packages\fastapi\_compat\model_field.py","1190","4AB4A85C4725A065CA02A8D1F140D6DBCEBD44F80B4457564EE5604C1857FC6C"
".venv\Lib\site-packages\fastapi\_compat\shared.py","7030","28F38A0D10663389B318B7516700F2AD322987A12E77D55BDAF8A5D5DC4D755D"
".venv\Lib\site-packages\fastapi\_compat\v1.py","10325","BFF60BCE8F2ECABD07780ED0C4D6E06926F7DF69027012BDFBD3D998E1C692AF"
".venv\Lib\site-packages\fastapi\_compat\v2.py","17881","7A6B6FC9FEAF215E2BD8632868FC2F449A50AA0A0D09C2E3F23DEFCD6D4F7CDA"
".venv\Lib\site-packages\fastapi\_compat\__pycache__\__init__.cpython-313.pyc","2106","DB63417C4991457684CB7E1131F9753AECD7996C6F2E58140D70E2387C4243EA"
".venv\Lib\site-packages\fastapi\_compat\__pycache__\main.cpython-313.pyc","12590","11CD8C2CC23CED29CE886E58B069ABB76219A8AA723307B0FC3BD576CE595871"
".venv\Lib\site-packages\fastapi\_compat\__pycache__\may_v1.cpython-313.pyc","5457","54C8AC9DADB866C0B7A0E10569D3A3608A63FC8B42CC34B0186B2F57F4377132"
".venv\Lib\site-packages\fastapi\_compat\__pycache__\model_field.cpython-313.pyc","2633","0062CB52C32A03EB04D8B41CFF058CE50EB50245386A619DEFEA734CFFF7B4BC"
".venv\Lib\site-packages\fastapi\_compat\__pycache__\shared.cpython-313.pyc","9284","79ADE8D2070753A842DA9918F1B0A9DC3BBEB372E9275F701DDC03ECD6233056"
".venv\Lib\site-packages\fastapi\_compat\__pycache__\v1.cpython-313.pyc","11358","B942D42B4E8D65C0C99771BBDC2D9C85DB71C07C0564E301BDA5C3960EE97079"
".venv\Lib\site-packages\fastapi\_compat\__pycache__\v2.cpython-313.pyc","21842","80AC25FCAD2CC94E7B7DCFF9360DF7F3F60F75E4B7C1570E5D6F3226970E9886"
".venv\Lib\site-packages\fastapi\__pycache__\__init__.cpython-313.pyc","1087","41727CFF9B2041C3DEBA919B00B6C0F0CC5D61F21D63D21A26D04E018751FB90"
".venv\Lib\site-packages\fastapi\__pycache__\__main__.cpython-313.pyc","234","64F1F2228ED8DB006D9B5563A9FA08C60396A24FAD205901680864546A134CEA"
".venv\Lib\site-packages\fastapi\__pycache__\applications.cpython-313.pyc","85579","C3AC69FE92AA2AFBC33468DF6527ECA2FA7FE684F1132F208238AC0CDB246050"
".venv\Lib\site-packages\fastapi\__pycache__\background.cpython-313.pyc","2345","04A70015AAE867DB38500BE9B03DA255FBC85583EA0FF04F00E1DB8C31DB3F6F"
".venv\Lib\site-packages\fastapi\__pycache__\cli.cpython-313.pyc","664","0A20EF335FA4CC1E1905534290970C458B03EC775B0CF7FFE9C95302A9DC8DE8"
".venv\Lib\site-packages\fastapi\__pycache__\concurrency.cpython-313.pyc","1657","95B748CB5B232F51237345D208B377E430C726D16DFD4565D229DD4F9C9288B6"
".venv\Lib\site-packages\fastapi\__pycache__\datastructures.cpython-313.pyc","8085","4D40BEB566DDFBDFF1A45E580024DAA49301BBA920B1979F702FCF105F33E255"
".venv\Lib\site-packages\fastapi\__pycache__\encoders.cpython-313.pyc","11549","57D21F8954E866A5598C2C0B19C327AE86009A323D9D4997B702ECDB9C30AB2F"
".venv\Lib\site-packages\fastapi\__pycache__\exception_handlers.cpython-313.pyc","2006","82DE56EDCA5490BBAFFF6ED0ADC9C95DBD8876D3D016BD3FCC85DA7EA68CE724"
".venv\Lib\site-packages\fastapi\__pycache__\exceptions.cpython-313.pyc","9517","9C5C0D21A35D5BC8BB41A2E0776309799C36388E9CE777874D453E5D5DC04A8E"
".venv\Lib\site-packages\fastapi\__pycache__\logger.cpython-313.pyc","272","5EB1F9EC9CFFB9E0B4F8FF59958206CDE9C6AE05715FB0A457CBF6A3102DA0B5"
".venv\Lib\site-packages\fastapi\__pycache__\param_functions.cpython-313.pyc","36065","73A7C532A5F29B7AA494E6F94905A5C6AA7DA1B20636352C76530A19FA04FB46"
".venv\Lib\site-packages\fastapi\__pycache__\params.cpython-313.pyc","24822","F3BF21381AA8021FE23F7D5E8A556C6FFE25942405B865D32A5888129F7A84E6"
".venv\Lib\site-packages\fastapi\__pycache__\requests.cpython-313.pyc","263","9C2582101FC0EF5602546E597E0ACE197036D2E533D583B9B58D8C40F78278AD"
".venv\Lib\site-packages\fastapi\__pycache__\responses.cpython-313.pyc","2439","8AAC5C6FF6676B8D3A677BF3949A96D63D41B2AC119CC19C6A4E02AA597F6791"
".venv\Lib\site-packages\fastapi\__pycache__\routing.cpython-313.pyc","87770","F313A6B26F887A798D8324BC2F3BA20F3C35761F5FBEB88E164FD9CC2CEF6CB5"
".venv\Lib\site-packages\fastapi\__pycache__\staticfiles.cpython-313.pyc","235","FEFAE596861CDDF42C4EBD3AC5DD7F5E2CCDA66DC55025846A0FF282BC650516"
".venv\Lib\site-packages\fastapi\__pycache__\temp_pydantic_v1_params.cpython-313.pyc","23357","A4A0F2EA645AC6B69302205C97C79A987DA3D9FFFE267C2E86C9D810DA3183D0"
".venv\Lib\site-packages\fastapi\__pycache__\templating.cpython-313.pyc","237","C4649A50E853FCF323D3872D1856E546FE1A22878BB0BA1CCCC06A724DF3103D"
".venv\Lib\site-packages\fastapi\__pycache__\testclient.cpython-313.pyc","232","9AF49BA53ADC3AED722104CF7742107F0996BE3EE53A987CF47ABA552C594FED"
".venv\Lib\site-packages\fastapi\__pycache__\types.cpython-313.pyc","874","AFF8C2501E213AA320E506713FC90ABA8339E79469C151F187FEE8A4C065A7A0"
".venv\Lib\site-packages\fastapi\__pycache__\utils.cpython-313.pyc","9838","D973C78E0B9862258F7C05390632D5C98440AB19E8B43BF2DA3EC7CB0EA4607D"
".venv\Lib\site-packages\fastapi\__pycache__\websockets.cpython-313.pyc","312","513E48897A166F76E9FC854CD31347A4EBE5885405250DB469867931C37C0A05"
".venv\Lib\site-packages\fastapi-0.124.2.dist-info\entry_points.txt","61","1827FE59B219C72193E0C526ACF1A3D5C387619A06B0D3C702F3644FA86719E0"
".venv\Lib\site-packages\fastapi-0.124.2.dist-info\INSTALLER","4","CEEBAE7B8927A3227E5303CF5E0F1F7B34BB542AD7250AC03FBCDE36EC2F1508"
".venv\Lib\site-packages\fastapi-0.124.2.dist-info\METADATA","30429","C48CCCB6C085448EAC09CDB4C336486F51370EA0A0389D1FFAF78717E699F543"
".venv\Lib\site-packages\fastapi-0.124.2.dist-info\RECORD","7716","67E04C3224634861D904995F4609B9BDDF6B590F0EB62B2C8C9E1609E6509712"
".venv\Lib\site-packages\fastapi-0.124.2.dist-info\WHEEL","90","B6C52FFEDEC10DE25E447692ADCCDB19EB8AF93B43A46B168BF25FA730F6E792"
".venv\Lib\site-packages\fastapi-0.124.2.dist-info\licenses\LICENSE","1086","4EC89FFC81485B97FEC584B2D4A961032EEFFE834453894FD9C1274906CC744E"
".venv\Lib\site-packages\greenlet\__init__.py","1723","D9E59F9C61F550A176B95BEB0560C3D290DD1F66888334C2B3708E22666E88CC"
".venv\Lib\site-packages\greenlet\_greenlet.cp313-win_amd64.pyd","220672","D1C0469E96252AD2047C9692427C953F905E0F0CCA7BD4CB7DDD2441330986D6"
".venv\Lib\site-packages\greenlet\CObjects.cpp","3508","38F7A3D5B58181CE2C46B4D143668514C2FDA730D82A52A19494A3B08D17FDE5"
".venv\Lib\site-packages\greenlet\greenlet_allocator.hpp","1835","9F6F2BC23EFA4554A7EC1E500C0D349CBF0E0637C57A238CD501AB56B1E17EC9"
".venv\Lib\site-packages\greenlet\greenlet_compiler_compat.hpp","4346","9D1C692CDF6235B9CB57214379598EC3279E366EAC710ACE79DD65EC94183023"
".venv\Lib\site-packages\greenlet\greenlet_cpython_compat.hpp","4149","9091BA77FC83C309776D264E385A8CDE4B3553354819CC1BB13336B3C0BA5581"
".venv\Lib\site-packages\greenlet\greenlet_exceptions.hpp","4503","D3A071F350ED55A2536BA46D88C715D78D5BF971EFE29A4481522D91B95C2D66"
".venv\Lib\site-packages\greenlet\greenlet_internal.hpp","2709","02373EFF4F56E315B39BD5DFC971C07900055202862AC9C9C18B130A8372DE7B"
".venv\Lib\site-packages\greenlet\greenlet_msvc_compat.hpp","2978","D0CC9A8B2A0213F03A511397665310471452D7B81FCA1D1DECD529A54DC45457"
".venv\Lib\site-packages\greenlet\greenlet_refs.hpp","34436","3A76C0F75C997F74071FAF9E25C72FA0D0C068DFA940130CADC9455353ADDC9E"
".venv\Lib\site-packages\greenlet\greenlet_slp_switch.hpp","3298","4F563EC34D7204196378F8878146960ACDD765276D1D2AED2EFBE431714350DE"
".venv\Lib\site-packages\greenlet\greenlet_thread_support.hpp","867","5D427A9635A37FD398CAE3882E2CFC7BFC87BD3DDF6DA5221DD8623CD414578B"
".venv\Lib\site-packages\greenlet\greenlet.cpp","11093","99E9F35A589D7CDD837C1258040701F01A543862B55E030BBA4782B04452A7F7"
".venv\Lib\site-packages\greenlet\greenlet.h","4755","B33E69611490A9E7603ADD80320C4B65D4E33BEA9CAFF24CBE0884251F48009F"
".venv\Lib\site-packages\greenlet\PyGreenlet.cpp","25314","AC4292222009FC84F6934B996D46ED3A944D52651CA4A14C2CB47DF5D3E41515"
".venv\Lib\site-packages\greenlet\PyGreenlet.hpp","1463","D994253B160DA32ED0C03EE6A691683977BF02DE7A348B09D1E36C13F8684ACC"
".venv\Lib\site-packages\greenlet\PyGreenletUnswitchable.cpp","4375","3D01347D265AFC83B250CE38204487909A03D8AB465B7764864999498637587B"
".venv\Lib\site-packages\greenlet\PyModule.cpp","8649","B810B614EAEE34A3A5703F059922340A44C992B99153BD5A298C27BD8D782EF5"
".venv\Lib\site-packages\greenlet\slp_platformselect.h","3959","8536F718575C3D46094EEBB5318F778ECECC6446B1D7F7B913E81F9698B44732"
".venv\Lib\site-packages\greenlet\TBrokenGreenlet.cpp","1021","B26376EAE0BB6A101B358892D74AED58F8C27931B88DEBCCF2C880DAC8C98978"
".venv\Lib\site-packages\greenlet\TExceptionState.cpp","1359","53B0ADC3D7C174DADA4B4775EF8328416EDB37E69EDB4F536B426E88AA5CA552"
".venv\Lib\site-packages\greenlet\TGreenlet.cpp","25732","20CE1C1ECBF576B125DF977B9FC60E03FC11F91EE846FC795E138938AD8F041F"
".venv\Lib\site-packages\greenlet\TGreenlet.hpp","28700","E47910FF2CCE3C8C9297B00BFF568EFB3D5619E5F19ACF3E38BCA0C964DAA7F4"
".venv\Lib\site-packages\greenlet\TGreenletGlobals.cpp","3264","6321260E329FD60DF66EC2FEBA721449C14B9E70357F32D67F680E31DF83D19C"
".venv\Lib\site-packages\greenlet\TMainGreenlet.cpp","3420","A41A82929FDC9374AFED327AEA0F505758FB8D9B77EFC5A9A01A33559F568783"
".venv\Lib\site-packages\greenlet\TPythonState.cpp","17155","F024AEEF1A01E94962C3B97EBD19A029B84F5B14F60725669BD91F5AEED03F7A"
".venv\Lib\site-packages\greenlet\TStackState.cpp","7381","578E3823C263F43850CFEF657955BFF5DB624918DA13534C9600C6D365F1ABE6"
".venv\Lib\site-packages\greenlet\TThreadState.hpp","19636","FE7B5D377DC9D4804DB9C56C09CB4BB64B2992FA77B9DD0F6A75674B12DF8FC9"
".venv\Lib\site-packages\greenlet\TThreadStateCreator.hpp","2620","B3E3C26A115BA7C9A94C82533840D958C29658B3C0DAB0B9725657EADBF1038B"
".venv\Lib\site-packages\greenlet\TThreadStateDestroy.cpp","8395","31286A2ED0AE5066902229C559ED9BEC5CFE18F99554A01F57B15B1A16F81847"
".venv\Lib\site-packages\greenlet\TUserGreenlet.cpp","23553","B9E9A0D25C0A5ED601D32CE6BF261D20802C2A736489F5CCD4E2763A5AC53F50"
".venv\Lib\site-packages\greenlet\platform\__init__.py","0","E3B0C44298FC1C149AFBF4C8996FB92427AE41E4649B934CA495991B7852B855"
".venv\Lib\site-packages\greenlet\platform\setup_switch_x64_masm.cmd","143","6690A5509794D2E8C43D24D63527A93F45B67FD5E2610280F10292A15A2EF045"
".venv\Lib\site-packages\greenlet\platform\switch_aarch64_gcc.h","4307","18A0B4C963579DB2B65FEF97E9A82E442323D9383B8435356649774658C3BC2F"
".venv\Lib\site-packages\greenlet\platform\switch_alpha_unix.h","671","67E4AF17C250577A31593F0945B2FD445BB88111713DD27B72F88CF186B2326C"
".venv\Lib\site-packages\greenlet\platform\switch_amd64_unix.h","2748","11C485081968744061AA12A3709A98FF90E7FE39FBA4AA642653AFA7B8055CB2"
".venv\Lib\site-packages\greenlet\platform\switch_arm32_gcc.h","2479","6772A41ECCDD82AEAE53860DDC1C6F28C1B601D0E7A2FC0208DAEA1966752F2A"
".venv\Lib\site-packages\greenlet\platform\switch_arm32_ios.h","1892","9A6E7F47D69707DDA1CB1CC547007BD4CEB41FA025BC78EBA53ADCEF63F3DE5F"
".venv\Lib\site-packages\greenlet\platform\switch_arm64_masm.asm","1245","E24A53B5FCBBADF72BF23D42A492C02B6D44B59A460C025759153AF07132E40F"
".venv\Lib\site-packages\greenlet\platform\switch_arm64_masm.obj","746","0E62E7201FE2728107033D676AE7BFA493D366047D12533BF8D9B3B6BFA8F7F5"
".venv\Lib\site-packages\greenlet\platform\switch_arm64_msvc.h","398","46A2B93072E65C8DD0F8543BB66DF62969DB0CD64A9E425DABC091F3D733EB8D"
".venv\Lib\site-packages\greenlet\platform\switch_csky_gcc.h","1331","9038A4CA23E97B03FBD4AA016503BF32E9034D74D70620BBC7E845D3FD832F4C"
".venv\Lib\site-packages\greenlet\platform\switch_loongarch64_linux.h","779","ECCF8385CE10F2D45B2422616A50CBC14E92F4CC7C32398DD516D30E022F4133"
".venv\Lib\site-packages\greenlet\platform\switch_m68k_gcc.h","928","5526BA369661BF2CAF17E439F024C8592A440E8E052B280EC93CF4D3085CB65C"
".venv\Lib\site-packages\greenlet\platform\switch_mips_unix.h","1426","134B58B2A7396A70D8D4185E9D4D65F035BE9D51C2FC1125CCB809C374C6B4F9"
".venv\Lib\site-packages\greenlet\platform\switch_ppc_aix.h","2941","A47038B251235053F72774989B54C094D3E181BD86FCF02D6B1E5C3BC0447B50"
".venv\Lib\site-packages\greenlet\platform\switch_ppc_linux.h","2759","630AE5294CF1957BA228C42AAFA305015D5B3F35A79AF93A5F502A2591293965"
".venv\Lib\site-packages\greenlet\platform\switch_ppc_macosx.h","2624","67A28DFEE7749FA9C2DE5B49ACDCF6AADBC447ABE7440551347F667480E93316"
".venv\Lib\site-packages\greenlet\platform\switch_ppc_unix.h","2652","F991BB31248F100E4DE2A3BD3D00A1B72109F859BAA889E1C999BF6411D3B4C8"
".venv\Lib\site-packages\greenlet\platform\switch_ppc64_aix.h","3860","FC12F48B246BDD903988F96BDEE93D489E6C35158660BAD7719E73F8213D6A71"
".venv\Lib\site-packages\greenlet\platform\switch_ppc64_linux.h","3815","D2BAE24F95F2C4F6F41AAB124A7FDB3FD890B278EC3DB066BB4CAAA398284B24"
".venv\Lib\site-packages\greenlet\platform\switch_riscv_unix.h","949","EB4E95E800837FBF45CFF58622D9E481B8C8274A4683FB0798FC83C5060A2B9F"
".venv\Lib\site-packages\greenlet\platform\switch_s390_unix.h","2763","451946BBDE7BC9B9AAF79A8D358E10C3599C6A84F77819D6E4A6D5C2EE3C297F"
".venv\Lib\site-packages\greenlet\platform\switch_sh_gcc.h","901","99C449053BBED9405FE2466D5FAD35AA87F0B83BB2F98FA19F126DADC681EDDA"
".venv\Lib\site-packages\greenlet\platform\switch_sparc_sun_gcc.h","2797","C598AC87D1AC3070627A751B50CB17D7E659F9AB3B86CDFAB15858204DDEC3C6"
".venv\Lib\site-packages\greenlet\platform\switch_x32_unix.h","1509","9CCF7C3CAB734D673595C33B4D1314649CEC915751D42EBD53552A651597D061"
".venv\Lib\site-packages\greenlet\platform\switch_x64_masm.asm","1841","9EEEA7DAC5B25EE5DFA4FC78D1DF5898B7C75D4735B0781E4EF5F5914CEEBC43"
".venv\Lib\site-packages\greenlet\platform\switch_x64_masm.obj","1078","18DB5337161DA3B89D15462C42FFA6AD75A0C93E4427DDFEF6AF7494DEACBED4"
".venv\Lib\site-packages\greenlet\platform\switch_x64_msvc.h","1805","2C879AB322A8FEF1F3B2974CCCC1DBA2C461AC17CA23806440E878A9C4C7C89C"
".venv\Lib\site-packages\greenlet\platform\switch_x86_msvc.h","12838","4ED18EC229DB15F9E7E9C97130D902CFC8BA3A6801EA4551AD2868179893F6DA"
".venv\Lib\site-packages\greenlet\platform\switch_x86_unix.h","3059","569956F47D051747191F0D4384974852CE6AE982D2E1CC1BDA76308C5F37475B"
".venv\Lib\site-packages\greenlet\platform\__pycache__\__init__.cpython-313.pyc","182","5DF3F70F12B535EE2C3E28933E61FC075067CB4E15FE9D5CF0387CA6192F0585"
".venv\Lib\site-packages\greenlet\tests\__init__.py","9736","12D4ED41FA510DD7B4321B1D00CE429BB2D821F4BF1CA508170AAE887E10EDA7"
".venv\Lib\site-packages\greenlet\tests\_test_extension_cpp.cp313-win_amd64.pyd","15872","18BD9CD87A5A1B3CB3B076945942C64404976660BD334909BA88DF1A83B8D074"
".venv\Lib\site-packages\greenlet\tests\_test_extension_cpp.cpp","6686","55B90698EC3D6FAA678F93ACA906BB382E5A3DF201CA7C7E6954175C5F6E59C1"
".venv\Lib\site-packages\greenlet\tests\_test_extension.c","6921","0C44ED09AF1CBCF810D8AAD2426F6396A65295BFF5C74A376B1C9D9B380FA214"
".venv\Lib\site-packages\greenlet\tests\_test_extension.cp313-win_amd64.pyd","14336","6C3C5DC0EB6F396EF7C0213E79481BD93E4F2EB79F7AD74F538CE1347B3B489F"
".venv\Lib\site-packages\greenlet\tests\fail_clearing_run_switches.py","1263","A38DF7A00FE7502B4E3DA30419CF1512164829AEF58A65475C5C3B4EC5DA3FC3"
".venv\Lib\site-packages\greenlet\tests\fail_cpp_exception.py","985","A3F65B8A95A292893C06373EBE3890BDC6F91478769D55BE31C18A30B70CCE1D"
".venv\Lib\site-packages\greenlet\tests\fail_initialstub_already_started.py","1961","B7110D9F9232CC6C76A7E5D1D5707BA97982F095FFE26283100F246015D440A7"
".venv\Lib\site-packages\greenlet\tests\fail_slp_switch.py","524","AC90597197D3591DDED84450B4F02E77A60A4A1883B0FF383E6C0E25BA787B2D"
".venv\Lib\site-packages\greenlet\tests\fail_switch_three_greenlets.py","956","CD28AD57BAE43676A81D857300618B9F1CFEC8FB68857249CDA13C7A11434343"
".venv\Lib\site-packages\greenlet\tests\fail_switch_three_greenlets2.py","1285","14F25E9EC9F6109C68AE8A65D372524D53F79203F7DE4D3887A683596A33ACE9"
".venv\Lib\site-packages\greenlet\tests\fail_switch_two_greenlets.py","817","D42688F2CDF9D3855B6C5D6F8F5B8162ECBECF10475731CF2007752C873C38D8"
".venv\Lib\site-packages\greenlet\tests\leakcheck.py","12652","7F6F3365FD0C94C81CC9B6E6FF963220E47A1DC0EA3F67F693A2D7F85C451AA0"
".venv\Lib\site-packages\greenlet\tests\test_contextvars.py","10541","C6EB4EFAA660293C0AB00F6502A4E321C4C1122415E11A4D28CFAF3B6FD80955"
".venv\Lib\site-packages\greenlet\tests\test_cpp.py","2736","869C6114074A253A405593FC0811ACD5972B29DB1C23D05A0D99386ED908E5DE"
".venv\Lib\site-packages\greenlet\tests\test_extension_interface.py","3829","789DDCC0B69C74AD966ECAC2FB80E07B21DDC0B45C1B8CF1EEBAE446DA92CC2E"
".venv\Lib\site-packages\greenlet\tests\test_gc.py","2922","C6B22B790AFCE5E3BC5A5A47B3A21609AE42E1E70803AB76FC8AE44BBE857638"
".venv\Lib\site-packages\greenlet\tests\test_generator_nested.py","3718","EEFE07398ADFD5764FDFD764E4850CB9B759F32737CA7C1972A8FD1942723120"
".venv\Lib\site-packages\greenlet\tests\test_generator.py","1240","B4E3578937FDF151A6DF8EE8D5BFBCD7475A3E2C1D95AE5C6E9160E902354758"
".venv\Lib\site-packages\greenlet\tests\test_greenlet_trash.py","7947","9F67419507CEA043B53836AD162F107616E81F77C1F3A62DAB3718318397C5BC"
".venv\Lib\site-packages\greenlet\tests\test_greenlet.py","48439","A11AD40061056FE185F06355105B1762FCEB6B295E179A900DD036416798122B"
".venv\Lib\site-packages\greenlet\tests\test_leaks.py","18076","385484F3BD19CAA97CE47BA47C2FD761AD9CE200D0054F3CF515750252EE9BBE"
".venv\Lib\site-packages\greenlet\tests\test_stack_saved.py","446","7B2CEA358D95086B86971853FC89FA4EF67A3A46F40171595720449CAD630F00"
".venv\Lib\site-packages\greenlet\tests\test_throw.py","3712","BB64D0FD6BEF09DE8DE89757588C5511C5E42AEE5F7A90E5CFD764B58766B678"
".venv\Lib\site-packages\greenlet\tests\test_tracing.py","8591","3450FA55CC30F20AC19C540584235DB30C067AD8CB78B43BBCBD90AB0DCB5813"
".venv\Lib\site-packages\greenlet\tests\test_version.py","1339","3BD0E90084EC38582245C8DDE28750EDE8E6C31FCDF50D7340435571BB451C87"
".venv\Lib\site-packages\greenlet\tests\test_weakref.py","883","17C336DDBB4417CEDB21BA69B4B341391A2C6D0A8D64689878A32A6235ABB1A9"
".venv\Lib\site-packages\greenlet\tests\__pycache__\__init__.cpython-313.pyc","9413","A3CAB4391BF371B9345F6602F0071F52A8B7A9D0EDE90273AC42E12305A784D4"
".venv\Lib\site-packages\greenlet\tests\__pycache__\fail_clearing_run_switches.cpython-313.pyc","2143","5D2056F95683FB328A6E305D975138AE6CA32DACBC664E9B1B1F3A241D0CDAA9"
".venv\Lib\site-packages\greenlet\tests\__pycache__\fail_cpp_exception.cpython-313.pyc","1608","335E42C280831943D7108ED973344BFAA0FB00F7E4FC7C2A72F986FBC5C99AEB"
".venv\Lib\site-packages\greenlet\tests\__pycache__\fail_initialstub_already_started.cpython-313.pyc","3628","6AE0E5B834322D2C954F073E4E45FC422FF7076352AFCA60A462A70AC965E802"
".venv\Lib\site-packages\greenlet\tests\__pycache__\fail_slp_switch.cpython-313.pyc","1297","6CD5E104DE7B66DF725CAABF62697B8CEC07BF251130697020A5C22E8434134C"
".venv\Lib\site-packages\greenlet\tests\__pycache__\fail_switch_three_greenlets.cpython-313.pyc","1721","8810C6D61D6AD39CD1A9541A163CA5676F312CA5B367CC04AD684725FED08BE0"
".venv\Lib\site-packages\greenlet\tests\__pycache__\fail_switch_three_greenlets2.cpython-313.pyc","2575","9EBFE73D125FA3834A269A7A5B891AA6676799B959928B5F9DC811425C24D719"
".venv\Lib\site-packages\greenlet\tests\__pycache__\fail_switch_two_greenlets.cpython-313.pyc","1690","3808CDA8F380FCC13ABF87F8B707C2FB3294E787BAAE1DE68F178271D8991B06"
".venv\Lib\site-packages\greenlet\tests\__pycache__\leakcheck.cpython-313.pyc","12061","109D4E172EF49AFA28ACF63131C20448B14D3303494FBA3AC59CDCCED00432C7"
".venv\Lib\site-packages\greenlet\tests\__pycache__\test_contextvars.cpython-313.pyc","15620","01FAA55CBF0F587440A39CF21D5DF43D8A0EDC3C722568381A678AB238114366"
".venv\Lib\site-packages\greenlet\tests\__pycache__\test_cpp.cpython-313.pyc","4160","D9C91D93A152F5B03C4B79A2FA9F7686EBBCDBAF79C13668A21F462DB0578B6F"
".venv\Lib\site-packages\greenlet\tests\__pycache__\test_extension_interface.cpython-313.pyc","7569","B98CF23B95A49673CBA4CCDD1644DF4A4757E020CFA536F954483ABA9C63B7DE"
".venv\Lib\site-packages\greenlet\tests\__pycache__\test_gc.cpython-313.pyc","5073","CB07717A50E4FD20A19755CDD02972E363CDB874A597455DBCC0EAD07F06002F"
".venv\Lib\site-packages\greenlet\tests\__pycache__\test_generator_nested.cpython-313.pyc","8018","2758B59D2C3B8A78A0162F2919524C3AEFDDA221105373ACB3474A8855881148"
".venv\Lib\site-packages\greenlet\tests\__pycache__\test_generator.cpython-313.pyc","3233","A0F9EC831E6E2FDF12B975C0305DC2ECFF27CF11CE318FFF45D61A80E69ACAEA"
".venv\Lib\site-packages\greenlet\tests\__pycache__\test_greenlet_trash.cpython-313.pyc","6791","AB1672BA460FABFF75B5E8B2C67F90B85CFAB79A52DD9707D85CC16C5C8DC854"
".venv\Lib\site-packages\greenlet\tests\__pycache__\test_greenlet.cpython-313.pyc","77126","9C8B89DB69418DB96EEFF33462DFC2DC3D4F4DF6B03E5CD0A9BD73641C7760E6"
".venv\Lib\site-packages\greenlet\tests\__pycache__\test_leaks.cpython-313.pyc","20241","A049DA209E633296F21C7434DD67EC08765DEA13B818EF0C94364078605EA663"
".venv\Lib\site-packages\greenlet\tests\__pycache__\test_stack_saved.cpython-313.pyc","1398","A2FC6B94875EEC4D15D365AB597CC7F244B42846202304B5E440FEC2C6B07C36"
".venv\Lib\site-packages\greenlet\tests\__pycache__\test_throw.cpython-313.pyc","7432","ADAC785F82CCFA2F6E086645A34856FE8EEB79C4973BDFC3E409D35B4B095E0D"
".venv\Lib\site-packages\greenlet\tests\__pycache__\test_tracing.cpython-313.pyc","14136","728A3EE598E3F98DBBEABAACBA2051D53560904BDAC220D8BAD63BBD0F1F4B29"
".venv\Lib\site-packages\greenlet\tests\__pycache__\test_version.cpython-313.pyc","2649","0CFC407A2133E7FCA1F9EEEC318BCFFD830C7B161DF43BF26E8CA6D45419DD05"
".venv\Lib\site-packages\greenlet\tests\__pycache__\test_weakref.cpython-313.pyc","2805","59E0DC8C015259F6A140A8F48AFCFBDF2BB0BFE4B16D70B87264A25CCD50659E"
".venv\Lib\site-packages\greenlet\__pycache__\__init__.cpython-313.pyc","1061","8EDAAD9B38CDADCD84BCC57E466D039A9E80C6DEC032220D81FDCDEE20716779"
".venv\Lib\site-packages\greenlet-3.3.0.dist-info\INSTALLER","4","CEEBAE7B8927A3227E5303CF5E0F1F7B34BB542AD7250AC03FBCDE36EC2F1508"
".venv\Lib\site-packages\greenlet-3.3.0.dist-info\METADATA","4239","CF7E1C55B53CF51F7D4CB9E5B9B3D664E9BB9B3E7B77E276CD892787CA2B05D1"
".venv\Lib\site-packages\greenlet-3.3.0.dist-info\RECORD","10306","25C49E67ECF4F96F965F89045877D4B89CC89F3192B4E6294B18824A6B5763ED"
".venv\Lib\site-packages\greenlet-3.3.0.dist-info\top_level.txt","9","6129D1B024683BAD491A53F9EE8F2228BEAB74B5835AE8B2283F1E929594B037"
".venv\Lib\site-packages\greenlet-3.3.0.dist-info\WHEEL","101","A95D0420F9638F55C2FEFB926AD4568E7D369D9233DCDD6DF23B19CFB1C1AF65"
".venv\Lib\site-packages\greenlet-3.3.0.dist-info\licenses\LICENSE","1434","769831D6E5DFAF2C20802FACCFF1FAFB4C2025DD8F6253DFA47FCAD59D4D0979"
".venv\Lib\site-packages\greenlet-3.3.0.dist-info\licenses\LICENSE.PSF","2424","E5FF3C23C110E494CD7D736C10FD96D462457BAFECA310840DB6527298C7D46B"
".venv\Lib\site-packages\h11\__init__.py","1507","88ED4ACE448EE36C99E9F7E0F953206F1FD9553586518D349D16045A7FACDE46"
".venv\Lib\site-packages\h11\_abnf.py","4815","C9B8B1AF4C6CBA99E403A18503232E6EE5C5E9373595BFE117CF743600AC7CD7"
".venv\Lib\site-packages\h11\_connection.py","26863","93D61155FEA4A19A9BB6D056DFAC5259A26959D6706BEC50554F401C4A3D0EE2"
".venv\Lib\site-packages\h11\_events.py","11792","23DEDA5E86A5D56BBB7642F9E3C04034150290E21B7BEC790A2A1803D201635E"
".venv\Lib\site-packages\h11\_headers.py","10412","3FB0FE9413711F074B64F2E29A6630ACF1BEF59923125BEF25925D6408123FEE"
".venv\Lib\site-packages\h11\_readers.py","8590","6B8472A4E454082DDDD2AFE4C4FB8120CEE34C3F222EDE57F754C7D05B1DB8DE"
".venv\Lib\site-packages\h11\_receivebuffer.py","5252","C6BB29B1DB0D81617145F41C4D7C51F11ADD8D15D74CAD08A39710616A49D56B"
".venv\Lib\site-packages\h11\_state.py","13231","FF92C6FC1191F0509C1507813C7F93307826FFE07E1147160A74287FFF578C51"
".venv\Lib\site-packages\h11\_util.py","4888","2D69248D7C89685940CBA2EDDFDC3BDD44AD925153E68BDCBE8D13918ED162E9"
".venv\Lib\site-packages\h11\_version.py","686","1954AC6CF48F0DC3AE17AA6D7C88979D52686849B7CA05DB327AA5AFF1A26A1C"
".venv\Lib\site-packages\h11\_writers.py","5081","A052A6E8FB637877DB8F844B5FB541ECA0DCD60218E778171B7FC747D96D9930"
".venv\Lib\site-packages\h11\py.typed","7","B28C3DB284F03FD4FF80401049587B19BF3CE79874E0DC2686CD967BE2518193"
".venv\Lib\site-packages\h11\__pycache__\__init__.cpython-313.pyc","1059","284E7FB010C14FDCDE439373E880529AA0E5E23F321DE47602413E74C565EAB0"
".venv\Lib\site-packages\h11\__pycache__\_abnf.cpython-313.pyc","1751","58B5A24AFA75A439DD0A46939761ABF1F8064AC58D65F146D669C16BB53F129E"
".venv\Lib\site-packages\h11\__pycache__\_connection.cpython-313.pyc","22726","20E78499B805AE50020EE4237793C1C76872294DD276B4A021A13B5DB8F22983"
".venv\Lib\site-packages\h11\__pycache__\_events.cpython-313.pyc","13131","FD454809999F97429E63B51055EBEAB47822197A00C92A1154EA01DFF00812B8"
".venv\Lib\site-packages\h11\__pycache__\_headers.cpython-313.pyc","8031","980A105D86DD9C201E3498C4453D082CB596BAE464459546CBF1FA8BF104167E"
".venv\Lib\site-packages\h11\__pycache__\_readers.cpython-313.pyc","9857","381A4CC0D214A0656CBDF7D7C8B15B8798772CCEDE7D1CA67FB12738F2B04B5C"
".venv\Lib\site-packages\h11\__pycache__\_receivebuffer.cpython-313.pyc","4766","74B0B291875BB65FB8BDF7E2BEC82ACA1D439310573901202BD753DA416DBC10"
".venv\Lib\site-packages\h11\__pycache__\_state.cpython-313.pyc","8766","F4341367450935B140A4C1FB8B0BFA394D05F3BD77DF0AC7EBB4039C990DC4F1"
".venv\Lib\site-packages\h11\__pycache__\_util.cpython-313.pyc","4829","DD9A4702020A1397AB7A3AB255BBD3B47E392C8D6B71BC4D264C6B5CD6150F74"
".venv\Lib\site-packages\h11\__pycache__\_version.cpython-313.pyc","197","9B870C64C831B8B9253E053CCE736F9D5D8EA32F9F28B2FFD3AC4DA885DF604B"
".venv\Lib\site-packages\h11\__pycache__\_writers.cpython-313.pyc","6457","82AAB5C36764322D9639B154E5FCDCE92C6A9D56D72FC215B3920472D27BCCC8"
".venv\Lib\site-packages\h11-0.16.0.dist-info\INSTALLER","4","CEEBAE7B8927A3227E5303CF5E0F1F7B34BB542AD7250AC03FBCDE36EC2F1508"
".venv\Lib\site-packages\h11-0.16.0.dist-info\METADATA","8348","28F326098AC09FCBA79B8F180F96087C841FE2456215CB7B872A9C7D5CD19D64"
".venv\Lib\site-packages\h11-0.16.0.dist-info\RECORD","1830","38F9D4E04B4FFD3B889098C3CAC68A9854DB8B06F2FDD501157C89CDBF0D80F6"
".venv\Lib\site-packages\h11-0.16.0.dist-info\top_level.txt","4","17B742E23977CDE87C4C61C43DA589ACC6DEBA859B4B7EFD1B0762F98BDD722B"
".venv\Lib\site-packages\h11-0.16.0.dist-info\WHEEL","91","0A6C85234931E5C7443132E238D4116C64308C8A11D5A21807B782010E0A3C9D"
".venv\Lib\site-packages\h11-0.16.0.dist-info\licenses\LICENSE.txt","1124","37DB5BB85926DB28A427A25867F10B1232003AEA1BE69CCB851138ADB8E6F361"
".venv\Lib\site-packages\hiredis\__init__.py","294","8CA286582AF08C4EAB988D2B64957D8E6568399D0B2B4FBE91211DDAC8A37A37"
".venv\Lib\site-packages\hiredis\hiredis.cp313-win_amd64.pyd","33792","FE3EA91BA439D2C5529F35000FF372F46223E8DC5452F4DB4F42BEE02F0E1B37"
".venv\Lib\site-packages\hiredis\hiredis.pyi","1080","97FDB840E63F2769227893D5BE95D5573D55AD395C1E7D8C2AEE0C2E6177D411"
".venv\Lib\site-packages\hiredis\py.typed","0","E3B0C44298FC1C149AFBF4C8996FB92427AE41E4649B934CA495991B7852B855"
".venv\Lib\site-packages\hiredis\version.py","23","DBF572549B03D95009C85BCBC68574D9682B6D8C83B3122DB18C850003AA9A0F"
".venv\Lib\site-packages\hiredis\__pycache__\__init__.cpython-313.pyc","455","5528564BEDF75301A5CC2BE4E2DEF722BE9D5885B1873A8DBE5AB578F2B5C045"
".venv\Lib\site-packages\hiredis\__pycache__\version.cpython-313.pyc","197","CCD7B0D02134D03BD215AB1B94D9632D095CAEFA9BCA1848736C88D4A73CA354"
".venv\Lib\site-packages\hiredis-3.3.0.dist-info\INSTALLER","4","CEEBAE7B8927A3227E5303CF5E0F1F7B34BB542AD7250AC03FBCDE36EC2F1508"
".venv\Lib\site-packages\hiredis-3.3.0.dist-info\METADATA","7749","F71CF6136EFD18C3E774211B0ED42454AC63A649906043C1E20703DA1012FFFA"
".venv\Lib\site-packages\hiredis-3.3.0.dist-info\RECORD","975","7B441DB0C167D5B3327CADB8321EC26F72574839C0F9B6BF2A30590D8220F0D1"
".venv\Lib\site-packages\hiredis-3.3.0.dist-info\top_level.txt","8","3FFCC228C5282853723D728ADDA608E857AE1137B675C0CB0B5CECAF7B1CA202"
".venv\Lib\site-packages\hiredis-3.3.0.dist-info\WHEEL","101","A95D0420F9638F55C2FEFB926AD4568E7D369D9233DCDD6DF23B19CFB1C1AF65"
".venv\Lib\site-packages\hiredis-3.3.0.dist-info\licenses\LICENSE","1116","7289DAA24B8AF44E36D671A58A734296E35E5F466B05EF44773C52A733A2C6EF"
".venv\Lib\site-packages\httpcore\__init__.py","3445","F644FF92A0A10822544C7C30DB866647F7B371D6E94585A4B03FA060DCE464FF"
".venv\Lib\site-packages\httpcore\_api.py","3146","BA7666783B1C8415821823C2C244B75A8B7D7AE2BA6E0FE42B12ED193C70DB5E"
".venv\Lib\site-packages\httpcore\_exceptions.py","1184","968A022A06B7FD8558BB7B3E7772FD44C3D127286C63B7E2BAE1B1BE4383D1CD"
".venv\Lib\site-packages\httpcore\_models.py","17623","20ED8271771DA68BD170B4DD185181E91C8165D126DA1FD33A6A02738AC42A1A"
".venv\Lib\site-packages\httpcore\_ssl.py","187","B2BAA648D53888E52F585F92AC9BDBF06FD811B1C510B39740EC1D0C80534BD7"
".venv\Lib\site-packages\httpcore\_synchronization.py","9434","CD28B5DE6002A250679278D90649D40BA84A343413E02EA28E77B367EAF44F6B"
".venv\Lib\site-packages\httpcore\_trace.py","3952","724E99A08CD84E474D0087EAE4C19E2AA0570EDAA3397FAA7D8C266456EB19CA"
".venv\Lib\site-packages\httpcore\_utils.py","1537","FD12E05D8380602DF9D229002D5E7D199EBC209ADDA1C459C4FB3D3E39B37456"
".venv\Lib\site-packages\httpcore\py.typed","0","E3B0C44298FC1C149AFBF4C8996FB92427AE41E4649B934CA495991B7852B855"
".venv\Lib\site-packages\httpcore\_async\__init__.py","1221","116765DAFE2D867007CC9A6A8D4E21D9AF03522180BCD896AE48A2F697E14DFD"
".venv\Lib\site-packages\httpcore\_async\connection_pool.py","17307","0CE210DACD9909FF6A7F0C61CCCA6B4CF2EA08BF0EC465E2285EAA447C6F5726"
".venv\Lib\site-packages\httpcore\_async\connection.py","8449","E8E70F5EA3047DCD01537F3FFA21D4343775BCA4937365154F4F57A8D6FF04E9"
".venv\Lib\site-packages\httpcore\_async\http_proxy.py","14701","DB3564AE5BFE0ECFAB5866AA69796B84426201014FA36DC14F71AAFEC5A80575"
".venv\Lib\site-packages\httpcore\_async\http11.py","13880","FAA33D6D5ECF8D2405E6FC6CDFBF9E5173881706C88CF7196CD962B97F53B41C"
".venv\Lib\site-packages\httpcore\_async\http2.py","23936","6B35F57DC9AD5DA2308E9BAD165678BDDF7627CC708C639AF5AC7D408BF8DFDE"
".venv\Lib\site-packages\httpcore\_async\interfaces.py","4455","8D389A58BF37A60A460BDCE2BFDD197F068A34C987C2639A97368A8AE4F1013A"
".venv\Lib\site-packages\httpcore\_async\socks_proxy.py","13841","94B2A02E58203DF84596A8B438378190E5AFB7D0A0841054CAAB27B14D6DC7A4"
".venv\Lib\site-packages\httpcore\_async\__pycache__\__init__.cpython-313.pyc","1691","AFBBE5C2D6AE4D63951C2E0E5947EBC2ED9F59A24E35859E988D1A0037C044AC"
".venv\Lib\site-packages\httpcore\_async\__pycache__\connection_pool.cpython-313.pyc","19664","CD82F0A29839213EF469F400EAF23E651943AA51A359AFC266E8382CB80EE437"
".venv\Lib\site-packages\httpcore\_async\__pycache__\connection.cpython-313.pyc","11975","FB035F6AF0590DD3B672418DAC838ABDAECB6CE58E62E81B3C84EB5D168F908A"
".venv\Lib\site-packages\httpcore\_async\__pycache__\http_proxy.cpython-313.pyc","17869","B604FBB546F5C7748D93BDE5601254138BE5101BC96E8188D700A61014848629"
".venv\Lib\site-packages\httpcore\_async\__pycache__\http11.cpython-313.pyc","20495","8B8E4091BC8A1930B5BFA92B71595D42318330AE8C7F109C25292C52748BB5C2"
".venv\Lib\site-packages\httpcore\_async\__pycache__\http2.cpython-313.pyc","31632","D4362B6851217F7E5F78D90F07EBFD0528CCE988BB4E34386D4A366E89AA137E"
".venv\Lib\site-packages\httpcore\_async\__pycache__\interfaces.cpython-313.pyc","5606","FDCDC2D3B121D9CD32AE254D93F6C01F77A93548D6D9E908255A7A3EA1BB5709"
".venv\Lib\site-packages\httpcore\_async\__pycache__\socks_proxy.cpython-313.pyc","16893","5E2C00085E51D7C9C7067CD141D6F848E84364995AF7A394D0044E13AC3DFB90"
".venv\Lib\site-packages\httpcore\_backends\__init__.py","0","E3B0C44298FC1C149AFBF4C8996FB92427AE41E4649B934CA495991B7852B855"
".venv\Lib\site-packages\httpcore\_backends\anyio.py","5252","C7C3E01215D10BC6D5AAC77393F609C7C63A77D4EE6F4E82B944B09DB9ADAA86"
".venv\Lib\site-packages\httpcore\_backends\auto.py","1662","CCED77E8F2999AC6930CAF87464F38780F8C520F3FDB025FE0DBE62B8DF6022A"
".venv\Lib\site-packages\httpcore\_backends\base.py","3042","69286045D6673264611561DEB63BA694CEF77FC2B3D58380C8250FFF8907B250"
".venv\Lib\site-packages\httpcore\_backends\mock.py","4077","7ABF53E37EAE49EECD2EB7E22DAE31E8DBAA8398AF43AF770B1598096B206C7E"
".venv\Lib\site-packages\httpcore\_backends\sync.py","7977","6E113877D88AF549B176C76C826D847CA9D76819ACD9682019853EEE3994BA35"
".venv\Lib\site-packages\httpcore\_backends\trio.py","5996","2C7BB8FCCAF932CC109A64F7C84E282E07FD6FF2497DE552E018C3C5E25CED1A"
".venv\Lib\site-packages\httpcore\_backends\__pycache__\__init__.cpython-313.pyc","183","00B02E165D83B6B772DD977B2B9E1C8EDC7356C610527B92A88B8194C892D11C"
".venv\Lib\site-packages\httpcore\_backends\__pycache__\anyio.cpython-313.pyc","8598","AD534FB9B92505DE1A7957422570172434E7BCB43CBD192B7CEF4DEF58E8E175"
".venv\Lib\site-packages\httpcore\_backends\__pycache__\auto.cpython-313.pyc","2736","0CBDC2A312D392476893423421F757B74BD31069D85AABAE214A4B4CA016BD83"
".venv\Lib\site-packages\httpcore\_backends\__pycache__\base.cpython-313.pyc","5060","6A91EB906168E050A57772D513744742AC3C0894634B043393676A98B965CF06"
".venv\Lib\site-packages\httpcore\_backends\__pycache__\mock.cpython-313.pyc","7373","8F69E0031E0845E09FEFBBAC9CBEB94D0AFCC37D130AEE244FC4DE1530D2E234"
".venv\Lib\site-packages\httpcore\_backends\__pycache__\sync.cpython-313.pyc","11600","D357D4FF61209C16EA34A5CF13A1636A63AB5C858368CB98F8F25C66E32C99BF"
".venv\Lib\site-packages\httpcore\_backends\__pycache__\trio.cpython-313.pyc","9109","54747FBB573C36EC6535212E1C2E6B0D914165B1232704578D9E6EAE1CC04338"
".venv\Lib\site-packages\httpcore\_sync\__init__.py","1141","2410C8817B7995AD4B089D6C2D078A863285A4B9E936BF12BECEB3DA78B77E08"
".venv\Lib\site-packages\httpcore\_sync\connection_pool.py","16955","6BE4FC2D3B14C5CEEBD16C356AD7C7483A163E34347C0F1497B4B7F85D0C8FBD"
".venv\Lib\site-packages\httpcore\_sync\connection.py","8238","F5EC4639BDCF07E329D93D7EB1C91278BDADFAD27FF7E357A2657C8A19960A05"
".venv\Lib\site-packages\httpcore\_sync\http_proxy.py","14463","FDA97FE9CACAB8466EDB0CAFBB8F7745922625D0499E3E6818A3632CE24BD99A"
".venv\Lib\site-packages\httpcore\_sync\http11.py","13476","205A1B0F531DE491652462969E1D7F4377A98A452BC88F2AA34F6FF0C8892040"
".venv\Lib\site-packages\httpcore\_sync\http2.py","23400","031538CA172AEBC067E6FA9D258B625CA6148FB9EF8586F1CF7BF8AD3E319EF0"
".venv\Lib\site-packages\httpcore\_sync\interfaces.py","4344","B275CE378DAF5031CEE49049BE8F03E155A4D966ADE38CF63975C70EB8DB97DE"
".venv\Lib\site-packages\httpcore\_sync\socks_proxy.py","13614","CDE8195BD4A7AA3DBFF7DD831496BCFC2A6939506454BE0083076E4644AD6A44"
".venv\Lib\site-packages\httpcore\_sync\__pycache__\__init__.cpython-313.pyc","1645","98153F636F0EBBB81C51278F7A93A695A70918A0EA484D645B9A94931CDA2899"
".venv\Lib\site-packages\httpcore\_sync\__pycache__\connection_pool.cpython-313.pyc","18756","CD48CEBA22EE03CDB52DDF0BF09409DFAA511A77B0E031EEB7E3B94FA9A39491"
".venv\Lib\site-packages\httpcore\_sync\__pycache__\connection.cpython-313.pyc","10642","A70A260CC7A5DD8A276C5E16D68ED28D44C045FB663768E31909E39BE0698877"
".venv\Lib\site-packages\httpcore\_sync\__pycache__\http_proxy.cpython-313.pyc","17078","388257D913E8A9F42C89D482A0D73C193E31CCCC0578E2E1B02E64BD1F04EA9A"
".venv\Lib\site-packages\httpcore\_sync\__pycache__\http11.cpython-313.pyc","18117","AFAADAB329ACDE63A92BF2419E83C6A41D72392B6B5D9189486783472DA65D7E"
".venv\Lib\site-packages\httpcore\_sync\__pycache__\http2.cpython-313.pyc","27818","15FB51E0E19120725DF0B15E6676CD63AC10ABD1B02A57F6E53E391A3C79B577"
".venv\Lib\site-packages\httpcore\_sync\__pycache__\interfaces.cpython-313.pyc","5158","288806CB0E4E3182890C1BCCBCC5E0263B7A0E17B0BFCDD83BD467A06F620533"
".venv\Lib\site-packages\httpcore\_sync\__pycache__\socks_proxy.cpython-313.pyc","15690","4E114767B4718C3DEE240D4E25648BED0DF9653B2C1B04FFB109AD00DD6290D6"
".venv\Lib\site-packages\httpcore\__pycache__\__init__.cpython-313.pyc","3249","AC447ADEDC634C0882820B7B592CB94E15D0E14CD706631691436787D215B3B9"
".venv\Lib\site-packages\httpcore\__pycache__\_api.cpython-313.pyc","3602","7A15B24D467679BFE625E1EFE542BB4CAF55363DE41CCBF87A4DD1A2DE866A52"
".venv\Lib\site-packages\httpcore\__pycache__\_exceptions.cpython-313.pyc","3491","4440D531F3DDF0BF4E0883E896E38A600A44DA457D145B55ADF40895CD8B4AA6"
".venv\Lib\site-packages\httpcore\__pycache__\_models.cpython-313.pyc","23276","8DD59C343E8E23EB23F177E845A942463B53F2F85F2FCDE302026FCC27A8D5B5"
".venv\Lib\site-packages\httpcore\__pycache__\_ssl.cpython-313.pyc","600","9DDDC974E933081BE1C46CFBC9B20C4CFD424912D8F79EF72E5FCABD38FA197B"
".venv\Lib\site-packages\httpcore\__pycache__\_synchronization.cpython-313.pyc","14639","CD147B93C8D53DEB541ECDA4C5FEB89DFE78805C681960B30E318EF3511AF7A7"
".venv\Lib\site-packages\httpcore\__pycache__\_trace.cpython-313.pyc","5859","351D18449B51C085F25EE4A7CBA616E95B1752BB58AA47AFA4074F9710BF9AE7"
".venv\Lib\site-packages\httpcore\__pycache__\_utils.cpython-313.pyc","1274","CC30C76743D072D3AD9F57D1B4E6A45D372F12425C987C1CBD0D8930E776A116"
".venv\Lib\site-packages\httpcore-1.0.9.dist-info\INSTALLER","4","CEEBAE7B8927A3227E5303CF5E0F1F7B34BB542AD7250AC03FBCDE36EC2F1508"
".venv\Lib\site-packages\httpcore-1.0.9.dist-info\METADATA","21529","FE2D4FDA6199128978779E0CF27F3C045C531863FCDD987EACC74F3A18D41C21"
".venv\Lib\site-packages\httpcore-1.0.9.dist-info\RECORD","4762","857D1792FA6969C1FC4169B68159FC032A65F8DE14E067D6EA5F3C7A464BABED"
".venv\Lib\site-packages\httpcore-1.0.9.dist-info\WHEEL","87","AAD0B0A12256807936D52D4A6F88A1773236AE527564A688BAB4E3FE780E8724"
".venv\Lib\site-packages\httpcore-1.0.9.dist-info\licenses\LICENSE.md","1518","FDCB59154C74CBABA16A11242F7740BEA9F23D6FEB5547917D8C5F94A80392A5"
".venv\Lib\site-packages\httpx\__init__.py","2171","0AC6997BAC998F4AC783ADF6D8058A587193315AFDB718047C3E4FDFF46BCFAD"
".venv\Lib\site-packages\httpx\__version__.py","108","2E853261E3974E2786CEE3FFEB850BD30C5DB718EEBBF41B3AF13B34E83E22A5"
".venv\Lib\site-packages\httpx\_api.py","11743","AFF660B388C8A5C3C92EA2B975B6D26B2AA8FE254C2856B164277EA0E1F12C4B"
".venv\Lib\site-packages\httpx\_auth.py","11891","62BDD0C1A5122B5EEB198C7EEE3F85762705233CF863D14557ED45E3EED15D7E"
".venv\Lib\site-packages\httpx\_client.py","65714","C43F941BAEFE58C91E96D00039E1868FE719D91453026D7DB1647194563BFF8D"
".venv\Lib\site-packages\httpx\_config.py","8547","A4FA7653EC2271F70AB05F8A6111352D876DDDEE84446788A1767C1A3A372D67"
".venv\Lib\site-packages\httpx\_content.py","8161","2C61B3AC94D1DCEBCDE0C6F519554D2D7917247FBAA0A97002DB4EF69E70FF28"
".venv\Lib\site-packages\httpx\_decoders.py","12041","A74757F08D0D1077B1B37506A784AC66EB62321B17AEB5A5EBE1A7A956F488A3"
".venv\Lib\site-packages\httpx\_exceptions.py","8527","6F15BB7F1CE054C01D3536F04F4567AB4E202435B5FE023F1858903EE3328CBD"
".venv\Lib\site-packages\httpx\_main.py","15626","0A0F4631A6E24D3FECC1A0DF5202118AD4B0C4B44C4B05033A6ECB7521AA940E"
".venv\Lib\site-packages\httpx\_models.py","44700","E3FFC6BB2BF580BC6E6428708A6F247D036220E709F5A72B785392BABBD97E6B"
".venv\Lib\site-packages\httpx\_multipart.py","9843","28E1C465997AA28860F663DA2B2CAEDF8E6AAB5AC92E0DF94D41B7600CD70776"
".venv\Lib\site-packages\httpx\_status_codes.py","5639","0D89FEDAE7C180C797CB9B3CC77FD307BC2302E00031EC136A43EB9B9AD712C7"
".venv\Lib\site-packages\httpx\_types.py","2965","272878D4642AEC039EBFC20E58A0C083BCC26EF1C07EE7E65B983F3E24ED12B6"
".venv\Lib\site-packages\httpx\_urlparse.py","18546","640987E3B38D7E4C6BAE3F8F3D88467A21E36FA0232824BE00D58837838BFCA6"
".venv\Lib\site-packages\httpx\_urls.py","21550","757F7D551D4348E1E9828F40ABB3F360EE0529DC6A2A3C32369F20ADFF1D1CDD"
".venv\Lib\site-packages\httpx\_utils.py","8285","FD355EA802AFC4990A1DDCFB74579BE2CD0B66A41781E1645D281F88704AFF5A"
".venv\Lib\site-packages\httpx\py.typed","0","E3B0C44298FC1C149AFBF4C8996FB92427AE41E4649B934CA495991B7852B855"
".venv\Lib\site-packages\httpx\_transports\__init__.py","275","19B52805200EA7BCFE97EF63E5884C851DC3308727E8554B863D3BD8EDCD9E7A"
".venv\Lib\site-packages\httpx\_transports\asgi.py","5501","1D17E20D830FB78C101F6805807660E1CFA2DEC6E5A3A6CBE464EA7044FEC73F"
".venv\Lib\site-packages\httpx\_transports\base.py","2523","9194BF54C6D58987C5E7BD29A205022756EE973FB26DF2F9D4FAACF7292D79B5"
".venv\Lib\site-packages\httpx\_transports\default.py","13983","03379A454C95C0271C4F2C8D25EC437F49F57457F3CF2769748420BF0ECF2E79"
".venv\Lib\site-packages\httpx\_transports\mock.py","1232","3D3A34779EBB4484D7C46AE48BA90DEFFEBBC300317F088C0DCB972626428C4A"
".venv\Lib\site-packages\httpx\_transports\wsgi.py","4825","35C3D7DD76A9FC4C0215958EFCE692C9036E227098C7540C35B3BC1807A2EA36"
".venv\Lib\site-packages\httpx\_transports\__pycache__\__init__.cpython-313.pyc","428","DFA79D6D9120EB43DAE683D9E2F35B9998B596F18F86BC218CE0841AA8489726"
".venv\Lib\site-packages\httpx\_transports\__pycache__\asgi.cpython-313.pyc","7728","D8E705EF026497861FCF674AF2A20620D0940435712EC02620628065A37ABBF9"
".venv\Lib\site-packages\httpx\_transports\__pycache__\base.cpython-313.pyc","3768","6B0C07C3C4227113EC7408B4A7CC054EDF423EEF0D5EC032A1E2EA940E0802DC"
".venv\Lib\site-packages\httpx\_transports\__pycache__\default.cpython-313.pyc","17293","FCFA2B5057177E867E04F4863F5BF2FD42B0102D6CFEA09299B2604D2E20E88E"
".venv\Lib\site-packages\httpx\_transports\__pycache__\mock.cpython-313.pyc","2010","AAA59632BE4DA3F59FF3998794829224D2FDBA5ADD2A8AA3868B9ACFFAD28FFE"
".venv\Lib\site-packages\httpx\_transports\__pycache__\wsgi.cpython-313.pyc","6885","037BCE3EDDD63976A42D491745C4D2AC70D21DDAB90E5A25F47C955B1F710F54"
".venv\Lib\site-packages\httpx\__pycache__\__init__.cpython-313.pyc","2127","F3F454811317DC4E6D17967BC482A9F3B9614FC478BC59B14760CDE7F640DC05"
".venv\Lib\site-packages\httpx\__pycache__\__version__.cpython-313.pyc","299","75E6F6579637CB5CC8FABD84AFA7F6929536ABCFD764DC7F1F52CE9322214BDB"
".venv\Lib\site-packages\httpx\__pycache__\_api.cpython-313.pyc","10030","15A5F380CE5DD4F021F45BA88691B91F5832D8A91A1B39E37802B1B27B30688F"
".venv\Lib\site-packages\httpx\__pycache__\_auth.cpython-313.pyc","15609","47800024625F39881E1F33D77C5FB896CD5D6589032AE41E03883103072D4D21"
".venv\Lib\site-packages\httpx\__pycache__\_client.cpython-313.pyc","63473","01683CFB7EF09988F51760588286EDDC6A02D64C4782DB48801DDA7D206C7661"
".venv\Lib\site-packages\httpx\__pycache__\_config.cpython-313.pyc","11385","5DC3DD774ECEAC1033BA2247589BD39D51A1D4D9DB31106168E94F4CE394CC46"
".venv\Lib\site-packages\httpx\__pycache__\_content.cpython-313.pyc","10739","D4D7C6BD3866C8D79CEF06B9F9B27EC226AE97A3290DAE19430FB766FC3E9E30"
".venv\Lib\site-packages\httpx\__pycache__\_decoders.cpython-313.pyc","17249","4F6C0197E4A9F740AE3FB658937E0C1B66B31A71DCBBA6772933BDA585D3A636"
".venv\Lib\site-packages\httpx\__pycache__\_exceptions.cpython-313.pyc","12348","92544331FA8C1FE85342E3C2B1510A0607FBA7F856915B37E8EDB673F5040C13"
".venv\Lib\site-packages\httpx\__pycache__\_main.cpython-313.pyc","20622","47D2A90698CF93F49FEF6B669E26A70BDE919BD50574D8A2D8F9A16F8619AC42"
".venv\Lib\site-packages\httpx\__pycache__\_models.cpython-313.pyc","58570","A20B608505C3319F71B980E2EF9C2494A8A05FC6FF05E2899F590B091FD6B012"
".venv\Lib\site-packages\httpx\__pycache__\_multipart.cpython-313.pyc","13961","A7629AC5FC38F762610DC2720AAC9274A539727759E61F915CC889E5FA3D42B3"
".venv\Lib\site-packages\httpx\__pycache__\_status_codes.cpython-313.pyc","7153","899DBF14BFAD275948F6D1F1B4510AC64C968273284E8D0D5971AD5B80B22BAC"
".venv\Lib\site-packages\httpx\__pycache__\_types.cpython-313.pyc","3888","78905401560F43E33A2BF2FCA59B4F89CBA4C826E7F081823F1FFB374AF84819"
".venv\Lib\site-packages\httpx\__pycache__\_urlparse.cpython-313.pyc","18091","7BD634FBFDDA398937B149DD860580735BC57CCF47B0A7F23D7287A8CF164C1C"
".venv\Lib\site-packages\httpx\__pycache__\_urls.cpython-313.pyc","26933","2B52AC3C3834850280E424C5C6C1147519654A981FB36CAAFE954B49F80B562A"
".venv\Lib\site-packages\httpx\__pycache__\_utils.cpython-313.pyc","9530","508E464C2D3CCEB6DC82063CC2963F1794C7D7988CC968A5544FF1C5B7F9F91B"
".venv\Lib\site-packages\httpx-0.28.1.dist-info\entry_points.txt","37","DA55647509B12C0D6934C812376795F3DA3DD070997B3866370B32EABC8A0D20"
".venv\Lib\site-packages\httpx-0.28.1.dist-info\INSTALLER","4","CEEBAE7B8927A3227E5303CF5E0F1F7B34BB542AD7250AC03FBCDE36EC2F1508"
".venv\Lib\site-packages\httpx-0.28.1.dist-info\METADATA","7052","FEBB9B0F8F3E80D57C8199C304F35C4336E8581D1D18D7983C92766B82793B25"
".venv\Lib\site-packages\httpx-0.28.1.dist-info\RECORD","3530","D0C89E24F45D9883B6777CDEC00121D8A3FA47A8F4E50C2706E8D079309AD422"
".venv\Lib\site-packages\httpx-0.28.1.dist-info\WHEEL","87","0B615483066088B6F39D1FA4D1BFF9937022FF568048E5C3B2CDE5CC252C52E8"
".venv\Lib\site-packages\httpx-0.28.1.dist-info\licenses\LICENSE.md","1508","4EC59D544F12B5F539A3A716FD321AC58CCD8030B465221F2C880200CDF28D8D"
".venv\Lib\site-packages\idna\__init__.py","868","30FA8D0CB65B5EA19A35D5F1005862A853CA1105E3BB68CD42109ECBAFB97893"
".venv\Lib\site-packages\idna\codec.py","3438","33648658DEDCB3FE81DF6426293C9337AC50199798420436C225F7FC347A9681"
".venv\Lib\site-packages\idna\compat.py","316","4732F2E90402765F7BF3868585BD845FD10A1822638343F73E294675E5D7731F"
".venv\Lib\site-packages\idna\core.py","13246","3F6EBF5D5C9CB8C4D9D51DA634AD594445733399AF4F375A6C15DFC99554D4B7"
".venv\Lib\site-packages\idna\idnadata.py","79623","486F2385A184E778A20FA078F69B76A704EFFD4BC295C89613E379E28476A785"
".venv\Lib\site-packages\idna\intranges.py","1898","6A652D91D8587101BC66BF82A0C33F91545A731922BC2D568313756FADCA29D5"
".venv\Lib\site-packages\idna\package_data.py","21","FC251ABCEC686E76F2346D852F21E837C4073F740CF56D6D2AEC3B7AAF50C019"
".venv\Lib\site-packages\idna\py.typed","0","E3B0C44298FC1C149AFBF4C8996FB92427AE41E4649B934CA495991B7852B855"
".venv\Lib\site-packages\idna\uts46data.py","243725","1FD277E55903D05F4BF6628EAA378D19DD80F956BA1653E8CFA273E0AEE1FA9B"
".venv\Lib\site-packages\idna\__pycache__\__init__.cpython-313.pyc","867","CF6144495E27EA62C0C54BB87171FEE3D1D401D0EE06839EC294E61E6EAB1EC5"
".venv\Lib\site-packages\idna\__pycache__\codec.cpython-313.pyc","5291","EB185D52B801D33381C0DC68A3C4A57B267EEB96EA334D7F35997A26D91A2097"
".venv\Lib\site-packages\idna\__pycache__\compat.cpython-313.pyc","877","9AB69903107BD7A30ED6C305972323CAC89AE1E1250721F927772C1E137D2DC2"
".venv\Lib\site-packages\idna\__pycache__\core.cpython-313.pyc","16935","4F6B8798351FB47B9F648EA62AE9C2494654C8A1DE9BD9B9C275C7B32295CF9D"
".venv\Lib\site-packages\idna\__pycache__\idnadata.cpython-313.pyc","100896","B7B2F423B8001BD53255FDB43EA9529307CF9BED0331768056B849D92EA62A5F"
".venv\Lib\site-packages\idna\__pycache__\intranges.cpython-313.pyc","2590","92F08D1FC078306036535769D0C998F5151B1B16701659BF996189861A878F2F"
".venv\Lib\site-packages\idna\__pycache__\package_data.cpython-313.pyc","198","340287201F0FC4DD4FF5DED6FEA2CF413B809CA47BA9CDC7D86E7994F7944BCC"
".venv\Lib\site-packages\idna\__pycache__\uts46data.cpython-313.pyc","161994","8BE5E5C0F1AC677F91849BAD49806A006D1FC3999C8F52DCA303570134739C31"
".venv\Lib\site-packages\idna-3.11.dist-info\INSTALLER","4","CEEBAE7B8927A3227E5303CF5E0F1F7B34BB542AD7250AC03FBCDE36EC2F1508"
".venv\Lib\site-packages\idna-3.11.dist-info\METADATA","8378","7C2C12C30F52BA237C4C81E59454804944025B9E6102CF1DCCA9EBF5168411B0"
".venv\Lib\site-packages\idna-3.11.dist-info\RECORD","1392","A83A7C95189068A850DBB479A1D9B8DAD22E29DC67D6CE049121D18DB62041A9"
".venv\Lib\site-packages\idna-3.11.dist-info\WHEEL","82","1B68144734C4B66791F27ADD5D425F3620775585718A03D0F9B110BA3A4D88DB"
".venv\Lib\site-packages\idna-3.11.dist-info\licenses\LICENSE.md","1541","B7A336ABF3B04E180EC065CDD16E705D079E1CC7A14F910AA6E9187F36B9CD87"
".venv\Lib\site-packages\iniconfig\__init__.py","7497","5CBE5EA94623E26B2400EA2B6798DF4408A726F2734C8F9F271A4FE317D7B5AC"
".venv\Lib\site-packages\iniconfig\_parse.py","5223","E6770197B30042268F367A51AECF45478B7A1BA0E480E52CE39F0E63FD42476F"
".venv\Lib\site-packages\iniconfig\_version.py","704","28D1587BE56D76DED9FA81F297C8E60C043DA97A0234C0045E2823E814754142"
".venv\Lib\site-packages\iniconfig\exceptions.py","399","9A2A50FDA3310FD0AF4AF156375A135D8E10B919CA00C6757F7B027668C34D4D"
".venv\Lib\site-packages\iniconfig\py.typed","0","E3B0C44298FC1C149AFBF4C8996FB92427AE41E4649B934CA495991B7852B855"
".venv\Lib\site-packages\iniconfig\__pycache__\__init__.cpython-313.pyc","10641","0B0CE6A8A609E39108E634C7086F67BFC900BA426B67FFEED3070EECAE936782"
".venv\Lib\site-packages\iniconfig\__pycache__\_parse.cpython-313.pyc","5606","47FB5E80E87EAD29604ADA80C759990F40443F228C5794E1DEB584E5F54976D4"
".venv\Lib\site-packages\iniconfig\__pycache__\_version.cpython-313.pyc","792","9FCEF1128238402715CA0F2A21E8FA052137C2DBC520D5310F6437AC454CC004"
".venv\Lib\site-packages\iniconfig\__pycache__\exceptions.cpython-313.pyc","1251","96172F79B7DC4B95281766BB30A5EEC2FBC0DB65B9FA07E3A2AC9ACDBE9B0C05"
".venv\Lib\site-packages\iniconfig-2.3.0.dist-info\INSTALLER","4","CEEBAE7B8927A3227E5303CF5E0F1F7B34BB542AD7250AC03FBCDE36EC2F1508"
".venv\Lib\site-packages\iniconfig-2.3.0.dist-info\METADATA","2526","40D773F84E4E112F495BBF4F1BE9CBD2D456C0AEB6EF5311F75D1BF322F2165B"
".venv\Lib\site-packages\iniconfig-2.3.0.dist-info\RECORD","1087","348CC4C88DC3FA87914C27041043157EF071FC8DCC167523730CBE117712DF22"
".venv\Lib\site-packages\iniconfig-2.3.0.dist-info\top_level.txt","10","ECA7CCD1FBA07654E88FD516EDE9CA5E4D876002D00FCA878B22AD8E14B380DF"
".venv\Lib\site-packages\iniconfig-2.3.0.dist-info\WHEEL","91","FF309DDCDD65EBD02BC724DBF2BCC4A0FF53A5B61792A44548D383E4EBB19D3B"
".venv\Lib\site-packages\iniconfig-2.3.0.dist-info\licenses\LICENSE","1098","3409FA91F7ACE557894632676656E32264FE5EF7581535725DC9A23774551BD4"
".venv\Lib\site-packages\jinja2\__init__.py","1928","C717A93BD8BB0C7B2A910AE004476E2ED7E8CF6402B93EBF81B2F85D237585B5"
".venv\Lib\site-packages\jinja2\_identifier.py","1958","FF361CB4D2B346A964FE6BAB4CD973AE3BB514524BED56BF223AAA77B8A2DA55"
".venv\Lib\site-packages\jinja2\async_utils.py","2834","BCAF8F76CBA8ACE3275929C4913DE25094489139D880ED93E8C9C6C43807239A"
".venv\Lib\site-packages\jinja2\bccache.py","14061","821D2AB3DAEE9675E8D0F857E634C9CB6507CC8F3016743ADE8FEFC3B9E1CD18"
".venv\Lib\site-packages\jinja2\compiler.py","74131","F51A42425E57F3C0479652623EC1CF876F791E1D2E029BF0149350BAEB542DE3"
".venv\Lib\site-packages\jinja2\constants.py","1433","18CA05C9D045FE476969128FA0CE5C97932F8AAB9544B57266D7E9E7ED7A8E0D"
".venv\Lib\site-packages\jinja2\debug.py","6297","0A71EA0831DDF81546BED8BFF19B13A259D7361037102B18FBA9FFDA9C14F07C"
".venv\Lib\site-packages\jinja2\defaults.py","1267","6E805C4B0EFC87E969DB461B697489B2A900236B8DFE60FF4ED0B27697AAE705"
".venv\Lib\site-packages\jinja2\environment.py","61513","F6786B3FB0A1F8D6C65F4D30BF2AF8CB2FAE84D1EAD8E09CEB48201AB9E2FDF9"
".venv\Lib\site-packages\jinja2\exceptions.py","5071","8A81DE1EB5B009635A5D7D629C798755B96F73885A3BB017B230A9DC67D6BF1D"
".venv\Lib\site-packages\jinja2\ext.py","31875","E4F1797877E1F265C02315C71D1076C576D7A218BCA44DE71D23B16BAEAE4BB1"
".venv\Lib\site-packages\jinja2\filters.py","55212","3D0FC481DF67F634A0B671906321782B98F69D8C21508BA584F9F28A691DAFE9"
".venv\Lib\site-packages\jinja2\idtracking.py","10555","FA5979948A7BDE930BDC4AD46222098FBB5D996C5C1FF2250EFDF203F862658A"
".venv\Lib\site-packages\jinja2\lexer.py","29786","2D88988A8E9BAFE4DEA7D9CF72EA565EC3C4B6396EC37A75994FA534155151F9"
".venv\Lib\site-packages\jinja2\loaders.py","24055","C08AE7C63BDC6EA8795705B6F0D4A47E8B620EAF2A342C4839215B1948922C1E"
".venv\Lib\site-packages\jinja2\meta.py","4397","3930CF91A16F5361E0BF1FBA6A4CFBD79E05F012166919AF25C045BF0A291F0C"
".venv\Lib\site-packages\jinja2\nativetypes.py","4210","EC620600B54981DC8BF34A1925D4146947F04ADE6ADA549265B5EDD1D35FFCCE"
".venv\Lib\site-packages\jinja2\nodes.py","34579","9B50EECDCAFAAA1648F0943A57226050D8A78C07F96D0CE28D29839CCB2F531F"
".venv\Lib\site-packages\jinja2\optimizer.py","1651","AC99C246543BA59B04126321B100E00BFA4AC831F13F94CF4BACD53C6B2072EF"
".venv\Lib\site-packages\jinja2\parser.py","40383","94B385CB7B0498773921A1074621F5B1056721DDA6A14433872789653B5D637D"
".venv\Lib\site-packages\jinja2\py.typed","0","E3B0C44298FC1C149AFBF4C8996FB92427AE41E4649B934CA495991B7852B855"
".venv\Lib\site-packages\jinja2\runtime.py","34249","80393E1AF76B8895EA82C19B1E0ADC2933F4629EB33D7CE1CEB2290851F78C05"
".venv\Lib\site-packages\jinja2\sandbox.py","15009","330D9A8AD958D88F256BB15885C5F6606F41B5461C2E70F41A1DDDDBD7035AB6"
".venv\Lib\site-packages\jinja2\tests.py","5926","54BB018551675A0F8FC52073D4C8519CD5A03F5A2F5E4DE778ED452D031E0BD4"
".venv\Lib\site-packages\jinja2\utils.py","24129","AD1A77A3D7BB64A4B87F2AD645B10BC8B729B8655315C9E8A1A39AD6AC7F1489"
".venv\Lib\site-packages\jinja2\visitor.py","3557","11C9CBD4F2307FFE1154238CC6C44DB91F005C76D2D6A7C074C384DA780A273E"
".venv\Lib\site-packages\jinja2\__pycache__\__init__.cpython-313.pyc","1640","A08B94FCE2ABDB0BF424BD775C5F7AC1DCB2322E6E5B818864CC0729D702EEE4"
".venv\Lib\site-packages\jinja2\__pycache__\_identifier.cpython-313.pyc","2119","3267D0C677230F2E8C8A8967E4CEDB737B31E8AAD63773A99381056B4635EBFD"
".venv\Lib\site-packages\jinja2\__pycache__\async_utils.cpython-313.pyc","5053","159B4E9CE35E724F533E5A811B9AAC402766E5D440535A9444C932F705DE79B8"
".venv\Lib\site-packages\jinja2\__pycache__\bccache.cpython-313.pyc","19367","029BF42377E5C8A8D162082C95F1C9091B385EE3F37E9D9259F714E2B35488EC"
".venv\Lib\site-packages\jinja2\__pycache__\compiler.cpython-313.pyc","105647","B573A8643E26B6D6B793D656E742164999A9328ED4C590EEBE8C0608355E44E4"
".venv\Lib\site-packages\jinja2\__pycache__\constants.cpython-313.pyc","1543","52207DBF5BFC9BFF8A009DD4CFFC330BA992385614FD50F14AFBF929342AB389"
".venv\Lib\site-packages\jinja2\__pycache__\debug.cpython-313.pyc","6564","0018689921E1DACDE914D029EFD5E1207BCDEA2A9EB472E7596241215373A164"
".venv\Lib\site-packages\jinja2\__pycache__\defaults.cpython-313.pyc","1603","C217F8003084CF914E991AB1D54BC53994F23AC6D15033A0D5B6DB4AE8BFC440"
".venv\Lib\site-packages\jinja2\__pycache__\environment.cpython-313.pyc","74815","692C95BB5EF705C4825ED2BFA75AFA2D9CF43775906B9BADF125B766B1487F66"
".venv\Lib\site-packages\jinja2\__pycache__\exceptions.cpython-313.pyc","8009","BE45EC6E57589544D9AC79C1DD3C3285B543238BE4E7272F0E8CFC8074963FFD"
".venv\Lib\site-packages\jinja2\__pycache__\ext.cpython-313.pyc","42185","403FFB10A563B176E5400EA6499FE993AD3FD790DBC4B3D3D5169BFD4F6657BC"
".venv\Lib\site-packages\jinja2\__pycache__\filters.cpython-313.pyc","71370","8CF56DC7160937E89441BE781C99E20DD040743AA4C3E2D5A230C5B181A7A046"
".venv\Lib\site-packages\jinja2\__pycache__\idtracking.cpython-313.pyc","19401","1C1D1B794114DDD9B3B79D756DED4E4E1A21A6B27510F76745C120B25D941D53"
".venv\Lib\site-packages\jinja2\__pycache__\lexer.cpython-313.pyc","32492","7CC53C0AA22761B0B417CF6D742406DF87B32B4051D8F6ABCEA0A1249A7BA9CB"
".venv\Lib\site-packages\jinja2\__pycache__\loaders.cpython-313.pyc","32350","8BB2D0B13EC0695FBB88D3A1042B95C6C0106D8186712F5785195FA6DD4988F2"
".venv\Lib\site-packages\jinja2\__pycache__\meta.cpython-313.pyc","5575","E29D2751FC01B3621F394B63A29855F513C768F5DD5EA845B189FABDCA0FCF27"
".venv\Lib\site-packages\jinja2\__pycache__\nativetypes.cpython-313.pyc","7158","E8181CEBC5466B9C4EFC1BC0BCF0EBE63387AAFE5BDAFAE03186E3D2F5A79546"
".venv\Lib\site-packages\jinja2\__pycache__\nodes.cpython-313.pyc","59939","D5A2974F354DFC85F07C7024B386F7890C5381439DA223966266791F1E217358"
".venv\Lib\site-packages\jinja2\__pycache__\optimizer.cpython-313.pyc","2767","08D9FF1F88A3C6CFE905DF166ED0C40A9A27834E1AC741D28207D52B843AABA9"
".venv\Lib\site-packages\jinja2\__pycache__\parser.cpython-313.pyc","61730","55373B300E7079BE02841F35C2DD0BD109E5FEA4BACF13E1D5054E0799534595"
".venv\Lib\site-packages\jinja2\__pycache__\runtime.cpython-313.pyc","48941","A471B4A3CDCEF8E40005201BD9AA9409A6772AE0845D0256CEC5DCBD022E8CE8"
".venv\Lib\site-packages\jinja2\__pycache__\sandbox.cpython-313.pyc","18219","B7943481ED10B2426CD87E94A058D03073815AA36A42952A1BF3540C7C070E42"
".venv\Lib\site-packages\jinja2\__pycache__\tests.cpython-313.pyc","8906","73A54AE4AB31EE482E2DDE83B4F12AD33BDD137B4846A3C11C956E624A6A4DAA"
".venv\Lib\site-packages\jinja2\__pycache__\utils.cpython-313.pyc","34854","07D0B012F2A6A9F9E181237B678D959C4E9D573ED2207321D038CD03333E2320"
".venv\Lib\site-packages\jinja2\__pycache__\visitor.cpython-313.pyc","5443","B618139B36EF5AF880DB6BA74A05F29CE8F92A98132C5C7CF976656776FFAF09"
".venv\Lib\site-packages\jinja2-3.1.6.dist-info\entry_points.txt","58","38BF39818535783F1CB8F9629227C59E05E97818DAC65EAB209F0A902FF7AFE2"
".venv\Lib\site-packages\jinja2-3.1.6.dist-info\INSTALLER","4","CEEBAE7B8927A3227E5303CF5E0F1F7B34BB542AD7250AC03FBCDE36EC2F1508"
".venv\Lib\site-packages\jinja2-3.1.6.dist-info\METADATA","2871","68C5548FB67C4132A13898D9B31EC50C6BEA2ABDD915D921F214355C3A6499C8"
".venv\Lib\site-packages\jinja2-3.1.6.dist-info\RECORD","3619","D763CFCA37AA55CFEE7C4B1611A09AEB210DEBC641E68C2C769940CEB49DF726"
".venv\Lib\site-packages\jinja2-3.1.6.dist-info\WHEEL","82","FF6A3334508B59CF776CAE1628708EF9E0D410D0E5A3E76073D714DEAA2460EE"
".venv\Lib\site-packages\jinja2-3.1.6.dist-info\licenses\LICENSE.txt","1475","3B49DCEE4105EB37BAC10FAF1BE260408FE85D252B8E9DF2E0979FC1E094437B"
".venv\Lib\site-packages\jwt\__init__.py","1711","541DAF14AB9BA138DC0C6799F2BF94A8AFDDCF736C412404AB24922026F2F178"
".venv\Lib\site-packages\jwt\algorithms.py","30409","70AAFE5C48A87B4981B6A24C09A1C4B30A95380D59F0FBABB7949BDC18BEE411"
".venv\Lib\site-packages\jwt\api_jwk.py","4451","E85D6BEEB9A6F15E6A12704A03FC4C8D2F51ED5A0035ED7F04BD680F616B0231"
".venv\Lib\site-packages\jwt\api_jws.py","11762","68CF2FCEA41FEA646B030EDB472F8CA23FE98D6B0A49543260AF3DE807CC8C95"
".venv\Lib\site-packages\jwt\api_jwt.py","14512","3864F886893597903A147FCA75CAD4E60EAEE8443C07B7A6D2BF6418CF526200"
".venv\Lib\site-packages\jwt\exceptions.py","1211","6D420E27EBFDB63A294CB4BE158393737905C7958FE4866DEE4B0DFC71351BD4"
".venv\Lib\site-packages\jwt\help.py","1808","BC574DCE342801C874E1708C6290A4C81D9B95AA8700602A42BB5FF6748F91D9"
".venv\Lib\site-packages\jwt\jwk_set_cache.py","959","8412A637E82253BF86DFB2FF5CA81CFCE66ED9A878C1D6E3D59346FC6928484F"
".venv\Lib\site-packages\jwt\jwks_client.py","4259","A7D6FE21B42AA36B4481EF598ADDE848F04535E3EAC21A3DE952DB9D4AC7516B"
".venv\Lib\site-packages\jwt\py.typed","0","E3B0C44298FC1C149AFBF4C8996FB92427AE41E4649B934CA495991B7852B855"
".venv\Lib\site-packages\jwt\types.py","99","567846BFF545BB96BBFE6ACFA12081EC768D2EB25D84CF12AB5B127C483480B5"
".venv\Lib\site-packages\jwt\utils.py","3640","8713A3BC3061781621CFE4483E2133ED0F3C7525124CCCC474A13F5B0D95749C"
".venv\Lib\site-packages\jwt\warnings.py","59","E745D63A7C8DB086AACD425393A5C7362203CA488BEFADC6600F763234CA9A89"
".venv\Lib\site-packages\jwt\__pycache__\__init__.cpython-313.pyc","1631","EC3A9633D0181A73F5A04E226BC4D6481D6268E82698BDD13D351EE0E5C38AF2"
".venv\Lib\site-packages\jwt\__pycache__\algorithms.cpython-313.pyc","34951","86E3F641607B5BE7639C65A08908F1C90DBAA04F809731C298CD3F38505097CA"
".venv\Lib\site-packages\jwt\__pycache__\api_jwk.cpython-313.pyc","6975","4E174BB4C7306C59FFEC60B4E72C072392DE5881A7FDEF4807B64D86510A7E07"
".venv\Lib\site-packages\jwt\__pycache__\api_jws.cpython-313.pyc","13798","E7BFC00C352EE315A8E3AFFE965B2E8F14181DD25E2748DE9B20A2CDC976617E"
".venv\Lib\site-packages\jwt\__pycache__\api_jwt.cpython-313.pyc","15112","C95B17E382BEF09208AC993E4F8B4EB27B2B35AE49F102664289D4FE504F13A9"
".venv\Lib\site-packages\jwt\__pycache__\exceptions.cpython-313.pyc","3981","FC239E0F68A083848426C3E88A2B057DA412A5AAEAB4771148E6B5501D6E3472"
".venv\Lib\site-packages\jwt\__pycache__\help.cpython-313.pyc","2203","3E6FAA16F5382567050C36D3637CF5329FF931241902B796C7CE07CCE6E994AD"
".venv\Lib\site-packages\jwt\__pycache__\jwk_set_cache.cpython-313.pyc","1839","D77D4F263D898315BAF53DB9F207D5E0F07EDB47E3ADC09E81DAEFF14796608E"
".venv\Lib\site-packages\jwt\__pycache__\jwks_client.cpython-313.pyc","5800","8C4968CD6AA34492A5E8E055F07B396FEB358767DDD4AC10E743234E9DFF3AE3"
".venv\Lib\site-packages\jwt\__pycache__\types.cpython-313.pyc","322","DF2B07B845728CE3884B9CD7467105DD5A79014F3A479069F14D10E4207E3401"
".venv\Lib\site-packages\jwt\__pycache__\utils.cpython-313.pyc","5623","0277E117E78B6969F5BD19FA7EB6C9F7DB63D2A59EF3A5CF68A9EE471E829315"
".venv\Lib\site-packages\jwt\__pycache__\warnings.cpython-313.pyc","435","00CB5FFE55A5E485500948D1A02569FC3B3EA4D4F670AC19E0DF66BF6FD1E07F"
".venv\Lib\site-packages\markdown_it\__init__.py","114","47B7CCBC3C5A81E609E10E9DA017229A8832D5CB5C575781B8216EE4FAFC6DB0"
".venv\Lib\site-packages\markdown_it\_compat.py","35","5384BFDB2DF380B6557CC7A71D16891415BCCAA87699406E236F752C6415389F"
".venv\Lib\site-packages\markdown_it\_punycode.py","2373","26F48E649E152ABE7CCFBBA71463342A17D3C6A1CC936C3C82097169ED90B333"
".venv\Lib\site-packages\markdown_it\main.py","12732","BF3B93DB72C9C8AACF28DC8728A01B38790D5A9C0895D38650CF881ACBF60C73"
".venv\Lib\site-packages\markdown_it\parser_block.py","3939","F8CCAE81707ADD37BBD6CE0D71241988AE5B13A04791D17266FFDBBE2B9AB5D2"
".venv\Lib\site-packages\markdown_it\parser_core.py","1016","4919898EA7BC742E865B310046959B6B9F5C066C630ABDC6B20F21DBD3BCB109"
".venv\Lib\site-packages\markdown_it\parser_inline.py","5024","CB48C28A0F0227140EEE1073D19637B06BCF940293A213B02206AA9E549A4B90"
".venv\Lib\site-packages\markdown_it\port.yaml","2447","8EDFEB7703A77E870E5799DCDF9ADEBD3C9B00040C229FFED5F95AFF9DBBB151"
".venv\Lib\site-packages\markdown_it\py.typed","26","F0F8F2675695A10A5156FB7BD66BAFBAAE6A13E8D315990AF862C792175E6E67"
".venv\Lib\site-packages\markdown_it\renderer.py","9947","2F3AF4825A9DE68C452F5D0339F8E35BC920E06A78D62750E2F88441A138EE80"
".venv\Lib\site-packages\markdown_it\ruler.py","9142","78C02D5864407D2337DDA88979DD24E7DDB704492E315B0CAB572DF2F53EAA5E"
".venv\Lib\site-packages\markdown_it\token.py","6381","716AEDF64A1D7CF762CC7ABFB58AF3C8864DB4960D30DD7CD770CF365BA7C138"
".venv\Lib\site-packages\markdown_it\tree.py","11111","E7A09D6F0BB602292CEE4358A8EFDF4195A93DBFE7E3C094965CE34107E0BB56"
".venv\Lib\site-packages\markdown_it\utils.py","5687","9552DE5FB01FDC668D15FC6632051BB27E69EDC5DBC212EAED149FE7A516B911"
".venv\Lib\site-packages\markdown_it\cli\__init__.py","0","E3B0C44298FC1C149AFBF4C8996FB92427AE41E4649B934CA495991B7852B855"
".venv\Lib\site-packages\markdown_it\cli\parse.py","2881","527DCDEDFC861E1640428B86567471F9665CA4AC042B6385D3CAF354010189EF"
".venv\Lib\site-packages\markdown_it\cli\__pycache__\__init__.cpython-313.pyc","180","3F3E8618892A5F1870C216FB322BBE9DE59236DF2F22CC92ECA1840DCBAFE085"
".venv\Lib\site-packages\markdown_it\cli\__pycache__\parse.cpython-313.pyc","4417","2E0C7BCE331A155570AFE02FC3A9D28CEA50A2E19A7B19317DBEBB2403F06D4B"
".venv\Lib\site-packages\markdown_it\common\__init__.py","0","E3B0C44298FC1C149AFBF4C8996FB92427AE41E4649B934CA495991B7852B855"
".venv\Lib\site-packages\markdown_it\common\entities.py","157","1184429942FB654D454462D25D094FC77E7A958F04501745CB1F7A79219CE9DD"
".venv\Lib\site-packages\markdown_it\common\html_blocks.py","986","4176D40CCA0DF655CB818164D830589659CB885BA42FA7479F65FDF18E967B0B"
".venv\Lib\site-packages\markdown_it\common\html_re.py","926","16080012FF482FC80742AB064E41DC7F7DF7AD3A23C06D03409307F6856ED1F5"
".venv\Lib\site-packages\markdown_it\common\normalize_url.py","2568","6AF3979CB77DC70E63535AB93CB7ED8C033DA6F1B1F25F500C4926652CAB3208"
".venv\Lib\site-packages\markdown_it\common\utils.py","8734","A4C82F30E137656F81749EC77EECE55CD2B20F522F93B8C712B73627F07C2793"
".venv\Lib\site-packages\markdown_it\common\__pycache__\__init__.cpython-313.pyc","183","40717F09737F5FF8FB1A09F074A419B60318A24F5639BD320F272B76C8383632"
".venv\Lib\site-packages\markdown_it\common\__pycache__\entities.cpython-313.pyc","551","4517328409298DA712483782F8D7DE7DB96E5934EC85F9C0DC272E025E660554"
".venv\Lib\site-packages\markdown_it\common\__pycache__\html_blocks.cpython-313.pyc","767","B77E88DDC49773B19204E723824A20765543CFB3C4FAC24C30ADE8D123CA2067"
".venv\Lib\site-packages\markdown_it\common\__pycache__\html_re.cpython-313.pyc","1319","142F4FE319C5DED5C97E7EB72F5E2E60AF8D32525510ED4624C3928E3116C73E"
".venv\Lib\site-packages\markdown_it\common\__pycache__\normalize_url.cpython-313.pyc","3320","075FD5666379515F9D36FDF939D52EF20B1C84729900BB3076410A5666DB5535"
".venv\Lib\site-packages\markdown_it\common\__pycache__\utils.cpython-313.pyc","8194","CA9F6C139AA5C80D2C511F97AFBC696FC390333351BD5B1C94B6EA54E8BE5E1C"
".venv\Lib\site-packages\markdown_it\helpers\__init__.py","253","607DB3EDD4B459473FF65E753163EFACBB45A013E1E092C6C39F0EBA119108AD"
".venv\Lib\site-packages\markdown_it\helpers\parse_link_destination.py","1906","BBEC715953F7835B3B0B56D0B9022D898C83AD8A181C9CD76995CF82BFA8EA66"
".venv\Lib\site-packages\markdown_it\helpers\parse_link_label.py","1037","3C81C6E99326DC1530D1ADA6D7B9421AA36B977BDACFDD75B6EA06BE2583DC8E"
".venv\Lib\site-packages\markdown_it\helpers\parse_link_title.py","2273","8E42E861030A35E5FD6EF5901E4692AE8884A36EC7CA590450D9A3F31051969E"
".venv\Lib\site-packages\markdown_it\helpers\__pycache__\__init__.cpython-313.pyc","446","FF2F897D1C66684A6427DBBE95CE2A85F01068CDFA2DF6563235EA21AEFDD25B"
".venv\Lib\site-packages\markdown_it\helpers\__pycache__\parse_link_destination.cpython-313.pyc","2166","F75D5530685E53E678272862F2E28AC095EDF54F3F1AA33852F7D77148C1DB95"
".venv\Lib\site-packages\markdown_it\helpers\__pycache__\parse_link_label.cpython-313.pyc","1442","C90169BB6747361CE090397BA03034FF0A505DE328793A71B905DA515F5EF6E1"
".venv\Lib\site-packages\markdown_it\helpers\__pycache__\parse_link_title.cpython-313.pyc","2434","170A8B36D922FC53D58060352BB173D21C4F5ECCBC687F89F91DA95E62C373B1"
".venv\Lib\site-packages\markdown_it\presets\__init__.py","970","DB6BC5B7024463B8AA151B60559FA926D85C7AD7E9AF53A283C5CE17DC75DF6F"
".venv\Lib\site-packages\markdown_it\presets\commonmark.py","2869","CA07DBD11ED643F668C903F775FF81D049D832A357095392C3D48074C8EC1A8C"
".venv\Lib\site-packages\markdown_it\presets\default.py","1811","15F295508D071F733EFEACBA470A2D2D2B5D0B83C0680C44EC3AB4FCA42D46D7"
".venv\Lib\site-packages\markdown_it\presets\zero.py","2113","A245D64C1108FB69E6C31E5729E0A3C489D17FAE680B5D606A1B5197E40DB473"
".venv\Lib\site-packages\markdown_it\presets\__pycache__\__init__.cpython-313.pyc","1641","1B821E8B56BEE5629DFECB603F11E69C78D96BD3220AAA2ABC3B2BA89991F874"
".venv\Lib\site-packages\markdown_it\presets\__pycache__\commonmark.cpython-313.pyc","1146","B967618D4F00E71076003707F9E199DF4D6B081CC526940133321046E8333836"
".venv\Lib\site-packages\markdown_it\presets\__pycache__\default.cpython-313.pyc","662","068F89E2AFBC665688BD088823BC25E4CF09377E75D04C3B1B9013CBEA0EED4D"
".venv\Lib\site-packages\markdown_it\presets\__pycache__\zero.cpython-313.pyc","923","EEF12CA045D18A5AB39A40704F8CB09D37C6D414462E9FDA1A000C9E970AEB25"
".venv\Lib\site-packages\markdown_it\rules_block\__init__.py","553","490A60D28726B077882CF01644787380B80930A21C36443210B1F5DE8FFA2AD7"
".venv\Lib\site-packages\markdown_it\rules_block\blockquote.py","8887","EEECA64B7E9D72B9DE7770EC21A45CA9C6C5535365CA686FB19A445D30F7FE7F"
".venv\Lib\site-packages\markdown_it\rules_block\code.py","860","893031BF4535F8C0E1CFCF0CD66D698B6BF33A110C48444EB17328D90ABEFA45"
".venv\Lib\site-packages\markdown_it\rules_block\fence.py","2537","049814F8FA99E2F0250AA19CADCF14B5D2E9249C8C79158DF86F8EA7ECF1ACC7"
".venv\Lib\site-packages\markdown_it\rules_block\heading.py","1745","E0B875E6BC2856C4231358558696E189D43493DC4A1E28608C079849BC203B99"
".venv\Lib\site-packages\markdown_it\rules_block\hr.py","1227","402A18E6422669046F17B3F23FC3A859FB7A03C2551F5BFA30DFB41D1F489298"
".venv\Lib\site-packages\markdown_it\rules_block\html_block.py","2721","C00F296F7E0BB59AF50642004E018A4012065F98D034E930665F54184AAF6F93"
".venv\Lib\site-packages\markdown_it\rules_block\lheading.py","2625","7D6A04B94A3B4B6B2FAF950C2A6C9032487486179800783680C336EBA32882CE"
".venv\Lib\site-packages\markdown_it\rules_block\list.py","9668","808A1D900245C8E2322826428F994094BEE3223E64033AC36FE2BED8C14DA656"
".venv\Lib\site-packages\markdown_it\rules_block\paragraph.py","1819","F69982C00EDE32EE0B05D5787D62B30B811DC1A3A8686C3691F79849088BC9EF"
".venv\Lib\site-packages\markdown_it\rules_block\reference.py","6983","B9ED6A65B51A50FD0622FC138E1EA70F552D0A28FCBB0B0832E616D710647247"
".venv\Lib\site-packages\markdown_it\rules_block\state_block.py","8422","1E8C2C432CB98465226C7E0745958A7CB2255DE0D49EE58BEE4A45D3EAD2C283"
".venv\Lib\site-packages\markdown_it\rules_block\table.py","7682","F2731DF4E34639F7C447B05799CF646DB87190B8EDA57EFD7552D1D226AD1A73"
".venv\Lib\site-packages\markdown_it\rules_block\__pycache__\__init__.cpython-313.pyc","670","AB29A5AED54A8C878F8F4B33DB171FA35C8B0B368F2D7D24FC157E33EE98819F"
".venv\Lib\site-packages\markdown_it\rules_block\__pycache__\blockquote.cpython-313.pyc","7019","8BF6A3EC0EEBA2FC72A0CB8D3CB612F1358CC778FC8A45B4EFF2A75EC287071E"
".venv\Lib\site-packages\markdown_it\rules_block\__pycache__\code.cpython-313.pyc","1386","59D5129A4667DCAAFEBA030227A7D3BA7326330C0D0500573CA3D15D72289A68"
".venv\Lib\site-packages\markdown_it\rules_block\__pycache__\fence.cpython-313.pyc","2529","88801225E0FAEAE02971273A1189364C02C7C3135DB04F575BC670C6CBFA449B"
".venv\Lib\site-packages\markdown_it\rules_block\__pycache__\heading.cpython-313.pyc","2643","16123D0C034BCA958D77893C099741AC0F7D5B6A419E42F14293AAAAF71C3659"
".venv\Lib\site-packages\markdown_it\rules_block\__pycache__\hr.cpython-313.pyc","1765","A2383FA101312B75D8690E6CAAB211B072A1F4AFB7F66A5BEA083D41DA06839D"
".venv\Lib\site-packages\markdown_it\rules_block\__pycache__\html_block.cpython-313.pyc","3635","2BA0286108465DDD1A0CB6674778A962CDA79D8E122B60AC25BA8F47FFFFD2A9"
".venv\Lib\site-packages\markdown_it\rules_block\__pycache__\lheading.cpython-313.pyc","2965","1BF35D404DB8CD276506A1979B4618B55F60CC5A09DBB0AA355A459090796044"
".venv\Lib\site-packages\markdown_it\rules_block\__pycache__\list.cpython-313.pyc","8225","7B6700597DDDCC5E70A7F6F88E44299291D46492961F949D4BC04A9922EE9BF0"
".venv\Lib\site-packages\markdown_it\rules_block\__pycache__\paragraph.cpython-313.pyc","2170","728E956DBD6E75228521943CBB98762A7589A9B0F6E98E0E26A762B93AB35229"
".venv\Lib\site-packages\markdown_it\rules_block\__pycache__\reference.cpython-313.pyc","6310","7E71FD2607ACF20F865A73CC690A6F815439267B8B7736ABF0B0A5CD1B7550A0"
".venv\Lib\site-packages\markdown_it\rules_block\__pycache__\state_block.cpython-313.pyc","9382","0CEC22FDDE1336754C24FB3833BDFF8AB6AC0F6A6B15CBFD9BC8731405EA441A"
".venv\Lib\site-packages\markdown_it\rules_block\__pycache__\table.cpython-313.pyc","7543","118CEC478120E3F87B903E8D430D96D34D6D78D1E526EF3DB121F5CB7B35E63C"
".venv\Lib\site-packages\markdown_it\rules_core\__init__.py","394","4051817BD4D48E745024353BC58E12418A71C931CDC20F1B7934B05E93464631"
".venv\Lib\site-packages\markdown_it\rules_core\block.py","372","D3F258D42532F87D8EA2816D204640002B6EA0650CA21831A3867A03F5229D28"
".venv\Lib\site-packages\markdown_it\rules_core\inline.py","325","F685A67818491C4EF1E3BA0970DF72A7A52C019B6B118FC0F9599FA0CBCA95DE"
".venv\Lib\site-packages\markdown_it\rules_core\linkify.py","5141","9A342AA64FE51CB876371C3850568BC5AE3B1608BE3879E60DA9A58179E19AFD"
".venv\Lib\site-packages\markdown_it\rules_core\normalize.py","403","0099B87DE9AD149FD006733477387450DA934C993D2BA28CB7044F6A2A1916A3"
".venv\Lib\site-packages\markdown_it\rules_core\replacements.py","3471","087EF99A27BEB5DCDD2CA42D301B824DC5C09758A37A075919F6D5FD593BB2DD"
".venv\Lib\site-packages\markdown_it\rules_core\smartquotes.py","7443","8B32BD7D2CAE4F303ECC0506911933F4AC300905A8E34891A9C08AA8E8456C41"
".venv\Lib\site-packages\markdown_it\rules_core\state_core.py","570","1EA599094AF97D6EF11BA8DE4190DD3B4844F61C71CA5DFFF9B6B080ECB9EC76"
".venv\Lib\site-packages\markdown_it\rules_core\text_join.py","1173","ACB5F136E2E1FDEB3946F1F7D46B178BB7A7F1B30D3BD509E676C930304F96D6"
".venv\Lib\site-packages\markdown_it\rules_core\__pycache__\__init__.cpython-313.pyc","534","6E6A708A90E21891B26813641E3C9F587E46F4A58BE79B46BB437A104099E1A4"
".venv\Lib\site-packages\markdown_it\rules_core\__pycache__\block.cpython-313.pyc","978","37F98073E9450C06C46AA86E7C2A8FD0DA9A5480CE0B4BE0E8BA9A5AE3DE8361"
".venv\Lib\site-packages\markdown_it\rules_core\__pycache__\inline.cpython-313.pyc","817","86C4F924173AF0581E0DCC79B530D400A1E44625EABB58622D47E8C69F298F27"
".venv\Lib\site-packages\markdown_it\rules_core\__pycache__\linkify.cpython-313.pyc","5507","7BEF923BB7E77BAA4DC9C67C24AF6FF09527D6D7E9837A6FD512806FCEF8A204"
".venv\Lib\site-packages\markdown_it\rules_core\__pycache__\normalize.cpython-313.pyc","788","5DD9201B481B618E082E3994AEDB64BBFD450B92DDD0406F9DFBA862B9FCC617"
".venv\Lib\site-packages\markdown_it\rules_core\__pycache__\replacements.cpython-313.pyc","4988","92EFDFAFC709C2DC19A2CBFB27570C6D5B51C99451E220426BE0BC74CC4371FC"
".venv\Lib\site-packages\markdown_it\rules_core\__pycache__\smartquotes.cpython-313.pyc","6432","45905BE55836F1DCDE6CB8770A19259E59337D7EB9F7C00BF2FD740FA805D66F"
".venv\Lib\site-packages\markdown_it\rules_core\__pycache__\state_core.cpython-313.pyc","1173","88F1BA6C4BEA5A335927BCB1642EC472B4ECD429945D4E401B5248A1663F0781"
".venv\Lib\site-packages\markdown_it\rules_core\__pycache__\text_join.cpython-313.pyc","1487","D16D587A68648FF85B1944956B12D1AB003E7B04694A8E6B0E630793AE3E5E1A"
".venv\Lib\site-packages\markdown_it\rules_inline\__init__.py","696","AAA1D993AF9813C45CD76ABA3F1BD52816B1BF6C2665E7A8E391F55CC47F571B"
".venv\Lib\site-packages\markdown_it\rules_inline\autolink.py","2065","A4FA2A258F22F7D56D167ECA814CCC69C90C7AAD61CADCE2A15BD6B3E5503D1A"
".venv\Lib\site-packages\markdown_it\rules_inline\backticks.py","2037","27B6DECE38CDC625E52AABC77347C99076701FBFB69C1B1756370AC9D93C1383"
".venv\Lib\site-packages\markdown_it\rules_inline\balance_pairs.py","4852","E7380188689DA9D8969ADEC8A3F72E64E621E441447D7AD845C7BC4578399BBA"
".venv\Lib\site-packages\markdown_it\rules_inline\emphasis.py","3123","EDA0CB671D0995E92EBDBBB7B845130E1269D346743E3EA0E02DFE54B848F02A"
".venv\Lib\site-packages\markdown_it\rules_inline\entity.py","1651","084F00206322E62B046B6E1136C7A8D304664D36A3E582DB81315D0E605EB005"
".venv\Lib\site-packages\markdown_it\rules_inline\escape.py","1659","286BA5C2B3F9167A9933B19763C95FEE9C95BF4624479F6D6990DE1DBE5C98A8"
".venv\Lib\site-packages\markdown_it\rules_inline\fragments_join.py","1493","FF725BC16609CFBE2044779993A4FC79D5494F62154AC8BB15F98926589E4250"
".venv\Lib\site-packages\markdown_it\rules_inline\html_inline.py","1130","48183A1D1D0746A09DAE491E73475F398B90740AB27DE2D114B790820B608EF8"
".venv\Lib\site-packages\markdown_it\rules_inline\image.py","4141","59BB20EE38273AD2972305C63493A51BB3914E190C90156897122D0B4A61E82D"
".venv\Lib\site-packages\markdown_it\rules_inline\link.py","4258","DA80FE7C0741D31CB10D1B592D38F32DE59BCC9D64F5B6CF5509A885BE7C46E2"
".venv\Lib\site-packages\markdown_it\rules_inline\linkify.py","1706","89F1FAB1BE7013C3C6316130F52AF8C740E13157CD3840427C54B02A59763BEB"
".venv\Lib\site-packages\markdown_it\rules_inline\newline.py","1297","DF6F6BD15DDA0E3CCDB4972FCC0DE5B05623CE006B4A12C0579B9FF61C102FF3"
".venv\Lib\site-packages\markdown_it\rules_inline\state_inline.py","5003","77E99E9C5CDBCF9143CB524D806045F810126AC9D523EF51B8EC56CFD3E72A7E"
".venv\Lib\site-packages\markdown_it\rules_inline\strikethrough.py","3214","A7070F972864879A6A155C51092ADD5B974D0883AD5387838ADED35434CF2150"
".venv\Lib\site-packages\markdown_it\rules_inline\text.py","1119","150A9A41152A6E730B3BD65258F59050C10A1FA26A5924929A5679222F4FE3CA"
".venv\Lib\site-packages\markdown_it\rules_inline\__pycache__\__init__.cpython-313.pyc","801","DAA4091985968043A6923D51EA98A0E36A082BD9124CEF6A1F18D712BFF43BBC"
".venv\Lib\site-packages\markdown_it\rules_inline\__pycache__\autolink.cpython-313.pyc","2815","20F28DDC33EA85B6F079BC98724A522327AE4CADD11B90DA46CE9B5F2D46550D"
".venv\Lib\site-packages\markdown_it\rules_inline\__pycache__\backticks.cpython-313.pyc","2599","F95042D3F9411461B6D12A93939A578C83E2013800A6C37412AF910EB5D3BD41"
".venv\Lib\site-packages\markdown_it\rules_inline\__pycache__\balance_pairs.cpython-313.pyc","3312","E1162DBA4905FAAE1E0487EA4F21E8EB43F1B5E8CA85F12A95DF5899BD086668"
".venv\Lib\site-packages\markdown_it\rules_inline\__pycache__\emphasis.cpython-313.pyc","3965","46F7356D3757CEE18F8AEA32E2C99A4C71C9E821A830CE6D569D3401B3D0326F"
".venv\Lib\site-packages\markdown_it\rules_inline\__pycache__\entity.cpython-313.pyc","2520","0E224ADE78614732A4328D0EAD933951641B38856AC9FC1BC039DF22BBE5CC4D"
".venv\Lib\site-packages\markdown_it\rules_inline\__pycache__\escape.cpython-313.pyc","1913","52B9CDE4FBE07F4F5C2C17737F8D46DE972EC245595AB0CC5EB8013645B043FC"
".venv\Lib\site-packages\markdown_it\rules_inline\__pycache__\fragments_join.cpython-313.pyc","1902","0A1CF76B4BECC41ADDBEA70D8BFA2E22E1B5B2D081CE9118780A33F5BEBBBC94"
".venv\Lib\site-packages\markdown_it\rules_inline\__pycache__\html_inline.cpython-313.pyc","2065","F3759E4419B376661CE63A689CF25ED87EB3475D0E4A244F9BE384596948AFAE"
".venv\Lib\site-packages\markdown_it\rules_inline\__pycache__\image.cpython-313.pyc","4285","E8C76A6B230710503E9FEB45B31EFBF11ED3F67DA8E97C0FB71FE3A636FACB19"
".venv\Lib\site-packages\markdown_it\rules_inline\__pycache__\link.cpython-313.pyc","4120","DEDBD45EA294CC28846E56E3B055F48287900450B541647191359A39DEF48695"
".venv\Lib\site-packages\markdown_it\rules_inline\__pycache__\linkify.cpython-313.pyc","2796","A21ADA6847FD06FE5C7202D2708625FDEEF18C85639BA7919F366DDC4F986DE7"
".venv\Lib\site-packages\markdown_it\rules_inline\__pycache__\newline.cpython-313.pyc","1814","E203847BC3CFC1274D80E0A79DD93C1730706EDE1BA61D3082961BEEA229E351"
".venv\Lib\site-packages\markdown_it\rules_inline\__pycache__\state_inline.cpython-313.pyc","6228","505181B23D8B2BA0216E32714D367E43DF5689F970EFA5ED7F1291376323AA37"
".venv\Lib\site-packages\markdown_it\rules_inline\__pycache__\strikethrough.cpython-313.pyc","4240","5C801B03125337798BA3D5AFBAEE5DA5C4A69FBC52278B1C4CE4C15894205399"
".venv\Lib\site-packages\markdown_it\rules_inline\__pycache__\text.cpython-313.pyc","1519","C0AD913C567406E4A8E302D6D6A7B22F30699122BDC8E33E1B0761924BAB04D2"
".venv\Lib\site-packages\markdown_it\__pycache__\__init__.cpython-313.pyc","311","E71265F3E4AC98D2C923418CCC82392BA8C47BD7C7C711134093DE95509FB205"
".venv\Lib\site-packages\markdown_it\__pycache__\_compat.cpython-313.pyc","224","D7FB43E502C7055725D160433C3A910226B05205BAAEF44CD6F3744348112884"
".venv\Lib\site-packages\markdown_it\__pycache__\_punycode.cpython-313.pyc","2639","AAAAEF2CFD408946B58EB5A23CBC116E22FC7CDA2A1FF073BDA9CAC1FCBF4DA0"
".venv\Lib\site-packages\markdown_it\__pycache__\main.cpython-313.pyc","16673","EE606AEA9633A248311BB6A650FEEF8FE8C70D3E98E160E674FE5D03BCC42C76"
".venv\Lib\site-packages\markdown_it\__pycache__\parser_block.cpython-313.pyc","4162","49403F464DFF158FDEACD9CE77EA69A7EA0D3F678CDAC18F3FC535C49F4776C3"
".venv\Lib\site-packages\markdown_it\__pycache__\parser_core.cpython-313.pyc","1869","2668FB580700FE71063DC2B31A5BA52A8047B42591A38B958CEAE1FC1040C178"
".venv\Lib\site-packages\markdown_it\__pycache__\parser_inline.cpython-313.pyc","5427","87BBC28586823582B68481150C39AE1A9D5ABA3EA4DD59B6E47616E880D30A11"
".venv\Lib\site-packages\markdown_it\__pycache__\renderer.cpython-313.pyc","11859","819BD2042FDDF4A3CF2018D0BEB64772D9DDB740FCA741788434718AE39A5A6A"
".venv\Lib\site-packages\markdown_it\__pycache__\ruler.cpython-313.pyc","12204","B139D9CF1A847F03E9668B1545959F7AB4A470FE59EBAB2AC8E8F5F273A6FCA5"
".venv\Lib\site-packages\markdown_it\__pycache__\token.cpython-313.pyc","7791","4397D566F13883656E6BBB8048D400C4B89EA54A0C23B1F030E74E1629EFC68E"
".venv\Lib\site-packages\markdown_it\__pycache__\tree.cpython-313.pyc","15543","70A1EA865F43FBE3D2CBEFCF5E94A4183577BE52E106EF177054D479CB401E17"
".venv\Lib\site-packages\markdown_it\__pycache__\utils.cpython-313.pyc","8456","BEFEACB82DA1C3BEA9B1F1977A281B109E4070588B14A71863103380A64658B1"
".venv\Lib\site-packages\markdown_it_py-4.0.0.dist-info\entry_points.txt","58","4FCD65EDF1D0DE9965A50E3052D40AE9AF20FE9EB0C506E78CA5470A4D96306E"
".venv\Lib\site-packages\markdown_it_py-4.0.0.dist-info\INSTALLER","4","CEEBAE7B8927A3227E5303CF5E0F1F7B34BB542AD7250AC03FBCDE36EC2F1508"
".venv\Lib\site-packages\markdown_it_py-4.0.0.dist-info\METADATA","7288","E9FCAA1E2DAF3F96D840A09FBAAA394FEAADF37A36D88A7B6B6B672487C65BFB"
".venv\Lib\site-packages\markdown_it_py-4.0.0.dist-info\RECORD","10852","E21BF9AF3AF6D743C9C30CACC61E085DE56B4EDB7C32EFB41C9AAA1E210C7BD4"
".venv\Lib\site-packages\markdown_it_py-4.0.0.dist-info\WHEEL","82","1B68144734C4B66791F27ADD5D425F3620775585718A03D0F9B110BA3A4D88DB"
".venv\Lib\site-packages\markdown_it_py-4.0.0.dist-info\licenses\LICENSE","1078","4A2260D6E2CD0F5A151A1E86DBFE7D3ED552B1E2BEABF9941C1BA5C49CBCE484"
".venv\Lib\site-packages\markdown_it_py-4.0.0.dist-info\licenses\LICENSE.markdown-it","1073","792C48C5A849A15FDF9E37E8BCF9E6D1DD13B32B46C642A748A0A46A9919D473"
".venv\Lib\site-packages\markupsafe\__init__.py","13644","BADD8B5E3FBAB2A908554752031F9D6E807972B01A446E72EC43B8E3B8666ABA"
".venv\Lib\site-packages\markupsafe\_native.py","218","DA9B64278D3209CA7D92ADCBD4DAA98237E9641FA86E789828514A50E9078784"
".venv\Lib\site-packages\markupsafe\_speedups.c","4527","79F73A6B3739D166CAC523629F1578AE4B485F6C7359F2AC2EF9DC0BC67723FC"
".venv\Lib\site-packages\markupsafe\_speedups.cp313-win_amd64.pyd","13312","A4404B6F8E4BAB2E782B373507A30AB7B7130C8887F62BF0E4E4A9B65D0ADD30"
".venv\Lib\site-packages\markupsafe\_speedups.pyi","42","2D20E65D839E7C7E07569017B8BF2C97B02DB4BC34A178759E3568559A76C2A4"
".venv\Lib\site-packages\markupsafe\py.typed","0","E3B0C44298FC1C149AFBF4C8996FB92427AE41E4649B934CA495991B7852B855"
".venv\Lib\site-packages\markupsafe\__pycache__\__init__.cpython-313.pyc","21280","9FC71A48E64A9B40156CF9A785531276D2F4EB5DB88C97F0B6C4D8A7CCEC6E28"
".venv\Lib\site-packages\markupsafe\__pycache__\_native.cpython-313.pyc","604","E9A1366F4578CAC1939039CAFCC5116036BF6E09E30DE296198C088975F9BDA0"
".venv\Lib\site-packages\markupsafe-3.0.3.dist-info\INSTALLER","4","CEEBAE7B8927A3227E5303CF5E0F1F7B34BB542AD7250AC03FBCDE36EC2F1508"
".venv\Lib\site-packages\markupsafe-3.0.3.dist-info\METADATA","2764","F0AE5DBB09D50FB5F7632C3D53F0220995EF76019E5892E0A545740136A4E3CB"
".venv\Lib\site-packages\markupsafe-3.0.3.dist-info\RECORD","1104","1B6E86E9DD52E9D40993D68A8FF79FEA6C3F7119D90DFDAA0383325179AD6417"
".venv\Lib\site-packages\markupsafe-3.0.3.dist-info\top_level.txt","11","AB2D0F9637B9209BAFB020637A32728430A310075C0CB2BFD9A81571EC7C67A5"
".venv\Lib\site-packages\markupsafe-3.0.3.dist-info\WHEEL","101","A95D0420F9638F55C2FEFB926AD4568E7D369D9233DCDD6DF23B19CFB1C1AF65"
".venv\Lib\site-packages\markupsafe-3.0.3.dist-info\licenses\LICENSE.txt","1503","4631EC0DB5FD90A547E336817264C6798214338146F8AC94B4A57F96EE8C9EC4"
".venv\Lib\site-packages\mdurl\__init__.py","547","D6FA44F3D3725E7888459342FF87FA04F9B751BE1B3E7B637F2CA12D147BA295"
".venv\Lib\site-packages\mdurl\_decode.py","3004","DD0FE00D0A94FFF4EF0DBBBBC7E6FD2E36D5978416CB983FA85C258DCBAF37F6"
".venv\Lib\site-packages\mdurl\_encode.py","2602","82824B505B75878AD564DAAA9BDB75E4DC365BE6C55D8404CB7691D352265AFB"
".venv\Lib\site-packages\mdurl\_format.py","626","C5972DD2675E3D70341F7900AB18C6B650793BCE86DF90C060C1A4038E02981E"
".venv\Lib\site-packages\mdurl\_parse.py","11374","7B365290CDBFE0D436671D38EEC11D7091BB3584111478992BB63C20D1C5CF06"
".venv\Lib\site-packages\mdurl\_url.py","284","E6442745037603F1B8B2F2E747365C1B46DFA03F406C1AD80D7A2EB031D9DF3D"
".venv\Lib\site-packages\mdurl\py.typed","26","F0F8F2675695A10A5156FB7BD66BAFBAAE6A13E8D315990AF862C792175E6E67"
".venv\Lib\site-packages\mdurl\__pycache__\__init__.cpython-313.pyc","632","453DD84DD10E489A2C7891A6CEA38C66450BCE91068F3EF62F484C5B2D47F516"
".venv\Lib\site-packages\mdurl\__pycache__\_decode.cpython-313.pyc","3787","321604E81615ECC9271AA8DF354700BF23A6201AC6A64CFD313BCD01480D2C0C"
".venv\Lib\site-packages\mdurl\__pycache__\_encode.cpython-313.pyc","2894","8BAC8DA4EA0ECDD701233FCFC0D54A72C0702F849404E684730A2FAF5F470883"
".venv\Lib\site-packages\mdurl\__pycache__\_format.cpython-313.pyc","1274","3922527D9C5D0C8185F7EA776BFE088A2A3B22B96CD1675919B9EE19E72045D6"
".venv\Lib\site-packages\mdurl\__pycache__\_parse.cpython-313.pyc","7677","FA1CA66906BBDE557A00C42D9F94C339A8B48B68F92A91719C24700CB551243E"
".venv\Lib\site-packages\mdurl\__pycache__\_url.cpython-313.pyc","713","48C4E6C74AF02D1FCA30C2A2A06CDD6CB37ED5D0DFB31C1B5B554388CC2F7C61"
".venv\Lib\site-packages\mdurl-0.1.2.dist-info\INSTALLER","4","CEEBAE7B8927A3227E5303CF5E0F1F7B34BB542AD7250AC03FBCDE36EC2F1508"
".venv\Lib\site-packages\mdurl-0.1.2.dist-info\LICENSE","2338","7C605DF6E28667A9603118E98274F64A49CE3EED0D26FCCCE9534A345E0EF955"
".venv\Lib\site-packages\mdurl-0.1.2.dist-info\METADATA","1638","B53B29D48F499367053FDA3C81E7CE27D2558380EBBF83E66023B02EB7DDD25D"
".venv\Lib\site-packages\mdurl-0.1.2.dist-info\RECORD","1152","7CA94A09C9E6BECAAF5AC463892CE28531D279289847A3F6999D0C4CECE29A0F"
".venv\Lib\site-packages\mdurl-0.1.2.dist-info\WHEEL","81","E137CA201FF1BBED386DCDA22B3EBFCC5B7E80414410353FDF51C686ACCE084F"
".venv\Lib\site-packages\mypy_extensions-1.1.0.dist-info\INSTALLER","4","CEEBAE7B8927A3227E5303CF5E0F1F7B34BB542AD7250AC03FBCDE36EC2F1508"
".venv\Lib\site-packages\mypy_extensions-1.1.0.dist-info\METADATA","1100","2C4A44936D885F30433181CA40BBF62457351F1F6B0871B11F8789564F87477F"
".venv\Lib\site-packages\mypy_extensions-1.1.0.dist-info\RECORD","558","4B001664B0874857F420FA89B4FC3448781A1802ACC1F1B369C9D8F9691E7A02"
".venv\Lib\site-packages\mypy_extensions-1.1.0.dist-info\WHEEL","82","1B68144734C4B66791F27ADD5D425F3620775585718A03D0F9B110BA3A4D88DB"
".venv\Lib\site-packages\mypy_extensions-1.1.0.dist-info\licenses\LICENSE","1204","A50450DA1D53CD777B80CED77C58FF96ABE0CCD879706BD142C3EC20E245F0B4"
".venv\Lib\site-packages\packaging\__init__.py","494","FF470388F55FD92F9B35F566660BB1C739AB2185A5C804B1A6AA61E2AB095947"
".venv\Lib\site-packages\packaging\_elffile.py","3286","524ADB0ED5BB69EAB7AAAA007D4D7AA23C87675C6C4EF1A47BF5AA31328029DD"
".venv\Lib\site-packages\packaging\_manylinux.py","9596","B78CBFF9D4CE71FAF7EA02D8FB3B623A9C7124518EDA2902D751E07F2B06C623"
".venv\Lib\site-packages\packaging\_musllinux.py","2694","A7D66A35888E22D19E7BC29C64578717F61C76157018774AEABFBC9608B1BC64"
".venv\Lib\site-packages\packaging\_parser.py","10221","8187E78F4A511DF955738447662B75DCA353C8DF62895714D915021A2DB60703"
".venv\Lib\site-packages\packaging\_structures.py","1431","AB77953666D62461BF4B40E2B7F4B7028F2A42ACFFE4F6135C500A0597B9CABE"
".venv\Lib\site-packages\packaging\_tokenizer.py","5310","398CEDEEA2B1CA538027EAB45F22B5A80C9CC8F4582DF30F74640A4579195B22"
".venv\Lib\site-packages\packaging\markers.py","12049","3F4C1EDBB8E6D71533806309C418ED50508859E0714EC31E253389E9C8599806"
".venv\Lib\site-packages\packaging\metadata.py","34739","F08644AEA4109CD9B9DDD659B98AB8146538FDDA728A731E1F540504858891F1"
".venv\Lib\site-packages\packaging\py.typed","0","E3B0C44298FC1C149AFBF4C8996FB92427AE41E4649B934CA495991B7852B855"
".venv\Lib\site-packages\packaging\requirements.py","2947","818C9148075BAC8C8A0D8EBABA02035108D132FC641F600B8A84E65F7B672FAA"
".venv\Lib\site-packages\packaging\specifiers.py","40055","82D3EEE434DCF85F5B68BAB71531842BA74F847182BB0C197AD698D0F495DA0B"
".venv\Lib\site-packages\packaging\tags.py","22745","E35B3DED6F596ADAEAD8477B45CDEA7810DA1DEF2928ABD8AB69868F06A17D79"
".venv\Lib\site-packages\packaging\utils.py","5050","D05DC787D385B9182B8538066549792B6D85BF560FDAD665D73FF680EEA42620"
".venv\Lib\site-packages\packaging\version.py","16676","A257F2BA4FC33DB7E5364278C0159EB57435EDCEF8C770C1E74D5D7A052FEC36"
".venv\Lib\site-packages\packaging\licenses\__init__.py","5715","56C2B8A36EC225759F4E2F2BDB26C99AC06809D8699C15AE36BB2468254A3FB5"
".venv\Lib\site-packages\packaging\licenses\_spdx.py","48398","A009B5CED3C5C25B2608A7BB94002CBFF38839F4B57160EEF5B34191EBBEDA7B"
".venv\Lib\site-packages\packaging\licenses\__pycache__\__init__.cpython-313.pyc","4280","811BB9CB73772E9A6BDF99CFC6339DF3989CBF9DE71D7D212BA477F21402CE49"
".venv\Lib\site-packages\packaging\licenses\__pycache__\_spdx.cpython-313.pyc","47421","D0093F63B92B03ADD58D0A41DF99F577ADA01944519D57E1BC3F90F82FB6C1C3"
".venv\Lib\site-packages\packaging\__pycache__\__init__.cpython-313.pyc","539","DEDDCA1CF2DAC448D19922E8C86C396C66C861500058388C0471CECBBD7D7F04"
".venv\Lib\site-packages\packaging\__pycache__\_elffile.cpython-313.pyc","5198","9E9995F822090A65FEA8BB7BDEEEF0E20591D910D61D75AB08528974A3546E9C"
".venv\Lib\site-packages\packaging\__pycache__\_manylinux.cpython-313.pyc","9985","60B98F210E7B8D42B193340A2A81EF86E7DDBBEF70F0E517540145E52F57D40F"
".venv\Lib\site-packages\packaging\__pycache__\_musllinux.cpython-313.pyc","4604","D537E03DBEAD98D260F557B222AFE5110709F3A6418B64684F353164B9531DB9"
".venv\Lib\site-packages\packaging\__pycache__\_parser.cpython-313.pyc","14168","5D07A04F4B8A39CDB9F3A573DBDF991ADF22C538BC932376AD855353018466FE"
".venv\Lib\site-packages\packaging\__pycache__\_structures.cpython-313.pyc","3334","3A4D6A37CB70490BEE4CFFB94D5DED6735DE5D1FDEF7EDE6ADAF09FE99F9AD6C"
".venv\Lib\site-packages\packaging\__pycache__\_tokenizer.cpython-313.pyc","8091","9FB2ADDBBE384D2C0A56A02261C3B475F103C1E1FA9BD27B14565AEE2E10B464"
".venv\Lib\site-packages\packaging\__pycache__\markers.cpython-313.pyc","13081","0DE9F181D3D473289509CFA14A16FEE612477EEDDE4F11E25FF8085D51E6589E"
".venv\Lib\site-packages\packaging\__pycache__\metadata.cpython-313.pyc","27350","0786A14A29B765B8A1FD13B62E90C4DD2920C38F5804AF7C28813D36A59831A6"
".venv\Lib\site-packages\packaging\__pycache__\requirements.cpython-313.pyc","4615","8926F92B82B75A8342CB081A182DBF42AF306B5EE981A180B3BF9471410A2B36"
".venv\Lib\site-packages\packaging\__pycache__\specifiers.cpython-313.pyc","37623","40955800B0ED721E9FF31EF36638C4955247969D37A4EE30A40CF6340BC01F0B"
".venv\Lib\site-packages\packaging\__pycache__\tags.cpython-313.pyc","24955","A453083677EFCD2B1BBC37C6FEA59CBAD22F1CD1C421888EB3BAD06949821EE5"
".venv\Lib\site-packages\packaging\__pycache__\utils.cpython-313.pyc","6739","2B38648E2280837C39EC99B9663B9160A2C05893CBE00A8827AF684D86CEE1EA"
".venv\Lib\site-packages\packaging\__pycache__\version.cpython-313.pyc","19952","D45A8087F6145CC46050AB312914252EB739B268D8574B83C5F811631CCBE3A3"
".venv\Lib\site-packages\packaging-25.0.dist-info\INSTALLER","4","CEEBAE7B8927A3227E5303CF5E0F1F7B34BB542AD7250AC03FBCDE36EC2F1508"
".venv\Lib\site-packages\packaging-25.0.dist-info\METADATA","3281","5B611A609C38FEFC3D616BF45D20AEC98FB7D53F245DACA9E2C30FC85C7AC282"
".venv\Lib\site-packages\packaging-25.0.dist-info\RECORD","2792","8A962BF543C86B824585E6C20AE38EA151FF6404A5877361B73CB66D827FB40B"
".venv\Lib\site-packages\packaging-25.0.dist-info\WHEEL","82","1B68144734C4B66791F27ADD5D425F3620775585718A03D0F9B110BA3A4D88DB"
".venv\Lib\site-packages\packaging-25.0.dist-info\licenses\LICENSE","197","CAD1EF5BD340D73E074BA614D26F7DEACA5C7940C3D8C34852E65C4909686C48"
".venv\Lib\site-packages\packaging-25.0.dist-info\licenses\LICENSE.APACHE","10174","0D542E0C8804E39AA7F37EB00DA5A762149DC682D7829451287E11B938E94594"
".venv\Lib\site-packages\packaging-25.0.dist-info\licenses\LICENSE.BSD","1344","B70E7E9B742F1CC6F948B34C16AA39FFECE94196364BC88FF0D2180F0028FAC5"
".venv\Lib\site-packages\pathspec\__init__.py","1630","ED25F2B264BE15B1A77E89EA5ED6929BA69429D7A94025DDBDDE00AD600C25A9"
".venv\Lib\site-packages\pathspec\_meta.py","2268","0DA4931C5FB29E4925BC105B2884029CD6125B4C9725A2940D8124BD61C16161"
".venv\Lib\site-packages\pathspec\gitignore.py","4637","F3DB15E7753D64C1F06A40B27F3E88484E5A43444DBD246415B57DB5491621D7"
".venv\Lib\site-packages\pathspec\pathspec.py","13273","9832E9603DFF64409885EEFBE2E8D234A14971ACCBD501355CF496939AFBAEFD"
".venv\Lib\site-packages\pathspec\pattern.py","6270","7DCBDC4E170BE5CF8424FD969D8B85578B73A0BEE6CE8390316D3D7AD0AB935E"
".venv\Lib\site-packages\pathspec\py.typed","68","C2AEF0C037B206E9E02BA0EC895E0EF88BA380ACC04701F3F78B90B217697445"
".venv\Lib\site-packages\pathspec\util.py","22680","1BEDBAB59070F29F790FD144AE66F96A5A50E209738C29A96E767570148A2FD9"
".venv\Lib\site-packages\pathspec\patterns\__init__.py","302","BC0CC812A05CD8AB2F5AC8ACCEC2C2798430415597207CDB1CD82AE5336B3DD9"
".venv\Lib\site-packages\pathspec\patterns\gitwildmatch.py","12623","EE0A5A2ACA0B1FC0186C543832ACA3DB0C42108DF35CE563D467BEC7A46DB116"
".venv\Lib\site-packages\pathspec\patterns\__pycache__\__init__.cpython-313.pyc","369","4989B3EE5E34FEFFAE1141CC062A5D46D91A1CF4223CA1C39524C97F798D2FEE"
".venv\Lib\site-packages\pathspec\patterns\__pycache__\gitwildmatch.cpython-313.pyc","9960","19D8C35680C999835126DEBBEAABEC5C4D49FB752B826A32E99387B17DDE6C71"
".venv\Lib\site-packages\pathspec\__pycache__\__init__.cpython-313.pyc","1634","F5CC70AD976D9E78B0322D564EEDC1BDD0CB2F224A7FBCEEF06C28A0FA4C5694"
".venv\Lib\site-packages\pathspec\__pycache__\_meta.cpython-313.pyc","2351","FB3BF9DD3ED189476E8B59C2BF2766228A25C78EE734826732C3B3CAD35480F1"
".venv\Lib\site-packages\pathspec\__pycache__\gitignore.cpython-313.pyc","5492","4717483CA2864002E26D02FBEF7B60C8CA6AC410BDFEDEC35751118143A70FD7"
".venv\Lib\site-packages\pathspec\__pycache__\pathspec.cpython-313.pyc","15793","8EC059F31313E1E1066B6FDC69D3B9A10565CA92D69CE03110845A7B020F6FA8"
".venv\Lib\site-packages\pathspec\__pycache__\pattern.cpython-313.pyc","7337","4AA385A2EAA1843D1DBE63CAD0051F01F45294F416862757C5F8B628B75EA651"
".venv\Lib\site-packages\pathspec\__pycache__\util.cpython-313.pyc","26522","8CE68CCDDADCDE6FF42A6A66E7C281B44E68133801FBED8A9A1EAED336D97701"
".venv\Lib\site-packages\pathspec-0.12.1.dist-info\INSTALLER","4","CEEBAE7B8927A3227E5303CF5E0F1F7B34BB542AD7250AC03FBCDE36EC2F1508"
".venv\Lib\site-packages\pathspec-0.12.1.dist-info\LICENSE","16726","FAB3DD6BDAB226F1C08630B1DD917E11FCB4EC5E1E020E2C16F83A0A13863E85"
".venv\Lib\site-packages\pathspec-0.12.1.dist-info\METADATA","21171","44DBDB3DB89DE535A2C6BF3168BC80DC19BA5ADF0540CE092D8C47BAE712C564"
".venv\Lib\site-packages\pathspec-0.12.1.dist-info\RECORD","1519","26A08E23FE19F83DD87263780C74652F5FB1F81F1A45008C2A7B1D6A8C31EAA7"
".venv\Lib\site-packages\pathspec-0.12.1.dist-info\WHEEL","81","1196C6921EC87B83E865F450F08D19B8FF5592537F4EF719E83484E546ABE33E"
".venv\Lib\site-packages\pip\__init__.py","353","BD22EAA8927DD7EA973B3E6D5E368F9F08F94C3073F948E7F08EF298D99DBED0"
".venv\Lib\site-packages\pip\__main__.py","854","5B36E11D74DB484EA0058D7D98D37D9B8B39A3FDFAE4B3AF4D84A0AA06DD0611"
".venv\Lib\site-packages\pip\__pip-runner__.py","1450","24EA04653C2BB6FEE345A5C1920490280134E323727C59861F1AA91E2187BCBD"
".venv\Lib\site-packages\pip\py.typed","286","10156FBCF4539FF788A73E5EE50CED48276B317ED0C1DED53FDDD14A82256762"
".venv\Lib\site-packages\pip\_internal\__init__.py","511","4BB8BD0E7F5A4994B4306FB65ABBDEDDD57D4C898FCEF427E638E1A7DB7FB9FD"
".venv\Lib\site-packages\pip\_internal\build_env.py","14201","A0C44E45D956A070B9F75A29036D4F8B198CCA47E139F1F0ECFD4C33B2604AB4"
".venv\Lib\site-packages\pip\_internal\cache.py","10345","9CC878F18BF7CAED474B5C8276C728BAEE81E81E7360159D57A6E1AACEE02FE1"
".venv\Lib\site-packages\pip\_internal\configuration.py","14568","5B1C304B063F066E90CC381FDF606CBA31323BC76045E75E802A606D47C3BCCF"
".venv\Lib\site-packages\pip\_internal\exceptions.py","29592","96A9D63DE031DEC6DEB6405B7246C4B50D541E16D67D7EBC1CF09EA882C97DF5"
".venv\Lib\site-packages\pip\_internal\main.py","338","D5C1EA8EC7C50AB3057F7079B70CE87314C951D1CC2E85D4A72E6526816A522F"
".venv\Lib\site-packages\pip\_internal\pyproject.py","4555","27EB135AA0BE5DFB0A420CFD9B56F2A4C5993C722DB121F320DFCD59E2119A13"
".venv\Lib\site-packages\pip\_internal\self_outdated_check.py","8471","1A18BFB227EEF6E7FD40D48BB68D6B79653B6D4F9A8FA8BF771A727CAD6287E9"
".venv\Lib\site-packages\pip\_internal\wheel_builder.py","9010","CAF1142D2B59B6DCBD2A9969F3DB438ACDE119DC8A43ED8151B14B989FF98A79"
".venv\Lib\site-packages\pip\_internal\cli\__init__.py","131","22A83FB4A03BEF55EE30ED4FE2DFEC0C79D228FCE451BF43D03AAE9C09B0FE4A"
".venv\Lib\site-packages\pip\_internal\cli\autocompletion.py","7193","646D9C334DE795C36BB3E586FD21535B8EA2B31F6CD86A399540FFF3E8AFEF4A"
".venv\Lib\site-packages\pip\_internal\cli\base_command.py","8716","D4DC7DD7D25116581444B8ACF57609C2D6F21048D125AFCD747C0CEA206466F6"
".venv\Lib\site-packages\pip\_internal\cli\cmdoptions.py","31025","DAF39DC884BA363CF27064F989DC4AC713AC7F0E93811E370917B6952B5860BD"
".venv\Lib\site-packages\pip\_internal\cli\command_context.py","817","926BB711665B7C17A06B5A036A69C625303F51A7A384840DB8C8F609598C5EED"
".venv\Lib\site-packages\pip\_internal\cli\index_command.py","5717","00793A792A9BA1AC535DB1B7BFD981AD57747422B532D5B8C373D5B9D9E3D161"
".venv\Lib\site-packages\pip\_internal\cli\main_parser.py","4329","52E80F0FE845D56B4D41DA30FD659DB832D41F50EF125A5CEC47945A352470DA"
".venv\Lib\site-packages\pip\_internal\cli\main.py","2815","2BD3EDA51760EAE06B54A93C4B6559D787C037490FF9C9C0D68F85B4908DFCE4"
".venv\Lib\site-packages\pip\_internal\cli\parser.py","10916","07D3E9C8FCBA898F4B32F90A272809FB73F040B1BA0E88AB59AF8C86FDE75651"
".venv\Lib\site-packages\pip\_internal\cli\progress_bars.py","4668","9D14D63687FE1631DFBE2AEF1025C887B4FB780CA74D454F4F21C435FA5B5A25"
".venv\Lib\site-packages\pip\_internal\cli\req_command.py","13799","1CD00D9FBFA10C82058914D46EE763E6845F3D60BD29FDAE906DDF79800DC7DE"
".venv\Lib\site-packages\pip\_internal\cli\spinners.py","7362","109CD921937252D2658E9DFE5A372CC88AEAC56F8752C7D6CE1B96F389FF4EAC"
".venv\Lib\site-packages\pip\_internal\cli\status_codes.py","116","B0414751A5096EABFC880ACBDC702D733B5666618E157D358537AC4B2B43121D"
".venv\Lib\site-packages\pip\_internal\cli\__pycache__\__init__.cpython-313.pyc","267","993F675794ADA349F601F4CB82D15B091903397BC09746BE72EE6166341C8AD8"
".venv\Lib\site-packages\pip\_internal\cli\__pycache__\autocompletion.cpython-313.pyc","9507","14A9440939DEAC1B73579C027176E763E38E332973C3AAD97FF7A175DCB07A96"
".venv\Lib\site-packages\pip\_internal\cli\__pycache__\base_command.cpython-313.pyc","10770","8D908D2775728E4944F706D2CDB3D69790270A218A8F53843C16E41261FBCCDC"
".venv\Lib\site-packages\pip\_internal\cli\__pycache__\cmdoptions.cpython-313.pyc","30108","657543B5B4DB43EF97A7335C1005156D4F10DA0C8786A2A9F2201DB4CD66AF27"
".venv\Lib\site-packages\pip\_internal\cli\__pycache__\command_context.cpython-313.pyc","1901","8C4E17EE5F0BDB6E4CEB8ED91FA53C9B91088682C119EA33A4608FAC247F6ECA"
".venv\Lib\site-packages\pip\_internal\cli\__pycache__\index_command.cpython-313.pyc","7437","7FF790E799006C6FFE505A76A4E13B936CCE538CE190B17534F4D916E46BFCB7"
".venv\Lib\site-packages\pip\_internal\cli\__pycache__\main_parser.cpython-313.pyc","4927","9FE61E7278866F46DCA94FDA6FF7FEDFDC754EF52992399293C82921D0506022"
".venv\Lib\site-packages\pip\_internal\cli\__pycache__\main.cpython-313.pyc","2253","6D39135E22C1B0CAE51E770F9F42DCD90AC47FDCFFB809F233C0B74D2A7E7695"
".venv\Lib\site-packages\pip\_internal\cli\__pycache__\parser.cpython-313.pyc","15146","5D801A11CA313CDEFE4BC5AA00D600F62553B3D0A6E1121136E7381A9B28C82B"
".venv\Lib\site-packages\pip\_internal\cli\__pycache__\progress_bars.cpython-313.pyc","6066","875E2DBAC4DA306EB7065CE21148DD78C1BDD66F4E3FD099163B36CABB5AD89E"
".venv\Lib\site-packages\pip\_internal\cli\__pycache__\req_command.cpython-313.pyc","13867","9EBC0C8CD30520EDC8CC61C2D1F7641FE80B52EB0444BDC6BD440B4FA3EBCB7F"
".venv\Lib\site-packages\pip\_internal\cli\__pycache__\spinners.cpython-313.pyc","11664","FFAF5E5EAED57AE516072B5282EA8CB34D9E8C269AD8B25092E3A784E20BE4B1"
".venv\Lib\site-packages\pip\_internal\cli\__pycache__\status_codes.cpython-313.pyc","367","921529673CBD956B5A9D2F72C34CB5D656E33DB59AC88CBE2C2F2BE008FEEDB0"
".venv\Lib\site-packages\pip\_internal\commands\__init__.py","4026","68D7826D0BAB1968A17E142AEC1A9A2D71EA5834348B7234E0E4BB9312BAA654"
".venv\Lib\site-packages\pip\_internal\commands\cache.py","8230","3ABACB4BA1091216BFE79C8F6BD7D368E6A89F0F95A47E3F955863C6E3930A14"
".venv\Lib\site-packages\pip\_internal\commands\check.py","2244","85514141ECD0DF38F813276859B1508FF69F3D4A6932DEEBF493C0958DB653A6"
".venv\Lib\site-packages\pip\_internal\commands\completion.py","4530","303C214CE06394CE1611B3A181B86B5A79439BBD748B814C8E8A774415D75C27"
".venv\Lib\site-packages\pip\_internal\commands\configuration.py","10105","EA034E1AB5569CE2D4D79CD49C088DB8E3217FBE9144866F09D543D1D7A03D19"
".venv\Lib\site-packages\pip\_internal\commands\debug.py","6805","FFC22A33C171D7F958D924EEFEAB29AFADEDB9F17BCF21490B26005EDC73D0DE"
".venv\Lib\site-packages\pip\_internal\commands\download.py","5075","A6F07B237EB3EACA0B3DFBF820CC0D4479F55AF63C23BCF3336879B1EDE757AB"
".venv\Lib\site-packages\pip\_internal\commands\freeze.py","3099","7F1A16F0001CF9B02A07F7D774DAB656767725F5A414C83E6D1E8B71D0D53BB0"
".venv\Lib\site-packages\pip\_internal\commands\hash.py","1679","18EF6944DDF05C2DA441AA2F2B9ED368B60131CDC896D387F763BA404C3A604D"
".venv\Lib\site-packages\pip\_internal\commands\help.py","1108","073DCB7233505E4CF80AEFFFA4BE0267CEA8E3E1CD2D98F535959D949863BAED"
".venv\Lib\site-packages\pip\_internal\commands\index.py","5243","F06301548E4DBE14511C1494AB6ED8C43204D360E9BDD27FEAA88116019DD5CA"
".venv\Lib\site-packages\pip\_internal\commands\inspect.py","3177","A209B8513ECB468F1B210716512D48880DB941D0F85472DAEC968F028743B6D3"
".venv\Lib\site-packages\pip\_internal\commands\install.py","30472","A149524FB630A1EB8013A2335A8924664F0871C4A3DFD1D3D32A5004E3E3D9F3"
".venv\Lib\site-packages\pip\_internal\commands\list.py","13514","238647EB4E04E60A5C44EC445C0EDEC9A3441615F1DD5155AAFA6C733FCFB3F0"
".venv\Lib\site-packages\pip\_internal\commands\lock.py","5797","E66D0FB2440532E3F571841819F4A204B6BCD5AF0C0DF9544C2FA252C394D6ED"
".venv\Lib\site-packages\pip\_internal\commands\search.py","5782","CDB32C5FF6004A3EA45C0E972018130EFD1B18AE75C46F825772329D925C13E7"
".venv\Lib\site-packages\pip\_internal\commands\show.py","8066","A0B54921F2969832A6D12B101848B7A68CCD8AAAD78D3ADAB3F7DB05260AA410"
".venv\Lib\site-packages\pip\_internal\commands\uninstall.py","3868","0AC3A286ABDBE9903A3BAECBEF4A177A82C778E7CDCCC33CF07F60FBD6A8720C"
".venv\Lib\site-packages\pip\_internal\commands\wheel.py","6013","FA4232CF2F7C9CF7A3A4F89CF82A49937ECF4851855619B9949D543BD669BB6B"
".venv\Lib\site-packages\pip\_internal\commands\__pycache__\__init__.cpython-313.pyc","4105","1011C9C6C978000B1431703368223AA064183AC29595F0425CD87172E38E8F91"
".venv\Lib\site-packages\pip\_internal\commands\__pycache__\cache.cpython-313.pyc","10312","FD9F4A54A1C6C1CFE30C7DBD4510A8B980BC4D7C4F2BA48693FE71CA92DBAD3C"
".venv\Lib\site-packages\pip\_internal\commands\__pycache__\check.cpython-313.pyc","2638","7C6AC21934F8B5BD66A929E2963C1DA860BCF3D279C8490DF32AE65159945916"
".venv\Lib\site-packages\pip\_internal\commands\__pycache__\completion.cpython-313.pyc","5452","120E0C6A91ED94B722108C2E0D819F48A39AF9B15B4D251D667D227CB5B16351"
".venv\Lib\site-packages\pip\_internal\commands\__pycache__\configuration.cpython-313.pyc","13386","3C28930D0145823675FE2BB7C5EAD09CF8D93EC206BE90BC728BE6C8D59B5F78"
".venv\Lib\site-packages\pip\_internal\commands\__pycache__\debug.cpython-313.pyc","10181","7B278E0968608227ED3E1EA889CEF17DFC64BC78DD4E995491292BD6D1CD8A02"
".venv\Lib\site-packages\pip\_internal\commands\__pycache__\download.cpython-313.pyc","7298","DCF69352E7D24361E98E689B70047F855A44900EA4EAD43E04EDE20AF1BC8788"
".venv\Lib\site-packages\pip\_internal\commands\__pycache__\freeze.cpython-313.pyc","4338","91D11B7DB9BC9AC73E098844ED549D025107F0EC686C1075B6377EFAC720E985"
".venv\Lib\site-packages\pip\_internal\commands\__pycache__\hash.cpython-313.pyc","2988","994D99346EF67A9DE6FA4731B5716FD80D9173075AC041BB3495BA51846A7AAB"
".venv\Lib\site-packages\pip\_internal\commands\__pycache__\help.cpython-313.pyc","1702","B16501BB898CEC2CBBC2D96F9AAE5499C87361E967B6BFB577A7122E0CD22C58"
".venv\Lib\site-packages\pip\_internal\commands\__pycache__\index.cpython-313.pyc","7288","1D0D070138D258108C699E24AE9B4CA3C3B9598A071A2E6056588F76B7E47AED"
".venv\Lib\site-packages\pip\_internal\commands\__pycache__\inspect.cpython-313.pyc","3997","0E90F7DCE6D68236857CC0C3B2D300670EE11DE80F072E2B7171ACC7933E2F53"
".venv\Lib\site-packages\pip\_internal\commands\__pycache__\install.cpython-313.pyc","30169","DDF7804D6B8BFBDB3A9364D36DF6516225DFC2B31DDF0843A3ABE3B9319ADC8F"
".venv\Lib\site-packages\pip\_internal\commands\__pycache__\list.cpython-313.pyc","17322","76E8F8EB08DE00774B536CBA13B4991F06F4E03988F8679ECBED88CFEF5A2797"
".venv\Lib\site-packages\pip\_internal\commands\__pycache__\lock.cpython-313.pyc","7923","6F119DE771A32A060731CAC424C6AB8940837985D9F3AA71C1B87AFE12CE7348"
".venv\Lib\site-packages\pip\_internal\commands\__pycache__\search.cpython-313.pyc","7738","357A4791C559448432EF4AE169C88F46BB923047431510FC59EA4577E0EBDFEF"
".venv\Lib\site-packages\pip\_internal\commands\__pycache__\show.cpython-313.pyc","11387","CBA9353747FE3C27D7E7D1CD253234D4B14E0D53892D34C8DAF5A99476236DF5"
".venv\Lib\site-packages\pip\_internal\commands\__pycache__\uninstall.cpython-313.pyc","4727","2563927D02DA2764ECC457E0B8B61AF3396FFBD2A3F3A574ECEEE980EA05BB8D"
".venv\Lib\site-packages\pip\_internal\commands\__pycache__\wheel.cpython-313.pyc","8417","76ABF881A3B17A6A33ED4FD7370AA672F3A9F74060C2DE11CAA525C43B5C5719"
".venv\Lib\site-packages\pip\_internal\distributions\__init__.py","858","1EAEA4B7A8170608CD8ADE614D358B03378234E2A807E374A46612A9E86B962F"
".venv\Lib\site-packages\pip\_internal\distributions\base.py","1830","97E39308022CDB996C6A97A303A218A4F67148CE7E0444F8B1D64392A97C8E26"
".venv\Lib\site-packages\pip\_internal\distributions\installed.py","929","92020413FD4DCE36712C1482FAFE6CEB8B8E15995512DDDA3EB8D3B4BEB1D976"
".venv\Lib\site-packages\pip\_internal\distributions\sdist.py","6627","458C1021BBB1A4ACBA3A394164201E7F1A4C0DAA28714438745B61786B224CE4"
".venv\Lib\site-packages\pip\_internal\distributions\wheel.py","1364","FC76C6D0E7A117C7708F8517FB157FFED5CBC203EEB3D3A33047F635346A05B1"
".venv\Lib\site-packages\pip\_internal\distributions\__pycache__\__init__.cpython-313.pyc","955","A1E84643741F700EFCCB046FE2D3735EB7B5B08804647C176C9FFFD069DD1E53"
".venv\Lib\site-packages\pip\_internal\distributions\__pycache__\base.cpython-313.pyc","2921","B26C2047D572E3B6A6A0C5A12E9AA3389F4F4FA19A99B9144B66D80F80484025"
".venv\Lib\site-packages\pip\_internal\distributions\__pycache__\installed.cpython-313.pyc","1825","570A8DEE85B3E810E1ED61F022F896500038F5160271BFA8C75D3A7226E96BF7"
".venv\Lib\site-packages\pip\_internal\distributions\__pycache__\sdist.cpython-313.pyc","8509","C45D6BEC1D93EA96860F606ED3C11EA9CEB00D2EC4AE4A5E538BEAE0E6CF56D0"
".venv\Lib\site-packages\pip\_internal\distributions\__pycache__\wheel.cpython-313.pyc","2372","250EAA9C7E422E8587D96C74BFD177E9B95D512C0C60C8D6B09DFE0305992AC1"
".venv\Lib\site-packages\pip\_internal\index\__init__.py","29","B73C0C1FF7E141EB9BC0CA877528AF6AC83571181349B360D8288C567CCC9B25"
".venv\Lib\site-packages\pip\_internal\index\collector.py","16185","3C2077B61556462481A301ADA6FD5E9483C573E1AF12A85988D8190FB6F4BC17"
".venv\Lib\site-packages\pip\_internal\index\package_finder.py","38835","C63B1FB5307624896C09DC68AC3227A1E709E9A7ECD4ED25B2A520E04C5C5C8D"
".venv\Lib\site-packages\pip\_internal\index\sources.py","8639","9D72643A384BCBE3B616CACA53D448A823AA818D8FB28296C9BB598E3460A94D"
".venv\Lib\site-packages\pip\_internal\index\__pycache__\__init__.cpython-313.pyc","221","600633B3E9894E485574DBB4F3725DFF9005E182E3EE6ECB1E7D2B4D8B3F003A"
".venv\Lib\site-packages\pip\_internal\index\__pycache__\collector.cpython-313.pyc","21438","F4DCC61639FAE8F0AD05A38F2E7DFAE77CF96EAF8F1E66588D474525EE6D5396"
".venv\Lib\site-packages\pip\_internal\index\__pycache__\package_finder.cpython-313.pyc","41712","8A65E2199E1B37D98D0C1B5A64129D74E6EB6C84D611F72C8A33697158EF9481"
".venv\Lib\site-packages\pip\_internal\index\__pycache__\sources.cpython-313.pyc","12518","84027E0623538B6438445F019E393D960D98D63458D884153768D657110053A4"
".venv\Lib\site-packages\pip\_internal\locations\__init__.py","14185","D920035F41ABF41229C75F403BB15EABCF673A60501846E5D485A30699DA13D1"
".venv\Lib\site-packages\pip\_internal\locations\_distutils.py","5975","8E9163E15D34AC3F48477BC0F53AAB1A4C1C74D545739F0BB028596AF81EF496"
".venv\Lib\site-packages\pip\_internal\locations\_sysconfig.py","7716","3617048B5FF6E70F5C4D3707E11C8E8C3E141D6E888E4B34B8ACB53CBD7F8FFF"
".venv\Lib\site-packages\pip\_internal\locations\base.py","2550","0089A36095B13AD0E473428A73A6381B3EBBEDC83DD5C68C0382FDE01F456448"
".venv\Lib\site-packages\pip\_internal\locations\__pycache__\__init__.cpython-313.pyc","15819","A71BFCEB0F718202F629F35DD89E8F9A59924E8527A8A920292944E9AE525A5D"
".venv\Lib\site-packages\pip\_internal\locations\__pycache__\_distutils.cpython-313.pyc","6870","4C8F0004185938F02813C46EB3B5F17CA78D88A5BDF5FAF164DD5EA0F4BC1AF0"
".venv\Lib\site-packages\pip\_internal\locations\__pycache__\_sysconfig.cpython-313.pyc","8020","B97CFD1554BEBE4415BC987D8E3D04F20EF9E37982A37A965109CA72ED0BBBD3"
".venv\Lib\site-packages\pip\_internal\locations\__pycache__\base.cpython-313.pyc","3695","9A1DE321DC479FF01EBAA5BC72E6422C8DAE077ECB6B3CBD72A093FF0C6D9918"
".venv\Lib\site-packages\pip\_internal\metadata\__init__.py","5824","BE9F8903189683FFA5E45F004F425C7B2EF6B949E1F020F0C2897DF8A92D1D9F"
".venv\Lib\site-packages\pip\_internal\metadata\_json.py","2711","84DBE73073972C0C8D9738AB5A13CBF4DC760AF0AA6B589199AE8EB2AD587D5F"
".venv\Lib\site-packages\pip\_internal\metadata\base.py","25420","046B8C7A795C413F22EE3F62725ADF742DEF4B082F86BF208E7F79E5C0B2D7AB"
".venv\Lib\site-packages\pip\_internal\metadata\pkg_resources.py","10544","34EEFA66B7D1DBE2CA253C9A5EB990A0686624C02B00BBDA72B9591D58920D3F"
".venv\Lib\site-packages\pip\_internal\metadata\importlib\__init__.py","135","8D4522768C671DC7C84C71DA0161B51B68B97DD058925BFFB89723A36C7B5581"
".venv\Lib\site-packages\pip\_internal\metadata\importlib\_compat.py","2804","B27795878FFA5B14192B8963765DF2955B8FFAAD2DB52A9B825F665ADD079CE8"
".venv\Lib\site-packages\pip\_internal\metadata\importlib\_dists.py","8420","CE7643ECC378442EF7FBCECA5C09FAB4A66FF65010448D00C712B66EE6C3BCFC"
".venv\Lib\site-packages\pip\_internal\metadata\importlib\_envs.py","5333","1F7A952D7561E0B5AFACFBEEFDE9177F775F6EDC2796134940FDA9C57A5C71F5"
".venv\Lib\site-packages\pip\_internal\metadata\importlib\__pycache__\__init__.cpython-313.pyc","350","2E8E7AFA497D3771AAB722F28F1814F4A9EC2887FD2D0373916DF8AF0E4F1746"
".venv\Lib\site-packages\pip\_internal\metadata\importlib\__pycache__\_compat.cpython-313.pyc","4274","1854FEDB3FF2767F52DC8E5D3438C9274657FE0FAEE085960D11CD7398B5AC3C"
".venv\Lib\site-packages\pip\_internal\metadata\importlib\__pycache__\_dists.cpython-313.pyc","13043","D22EAFABAC462646BF2712D2FC7216942ED9298B47C65410DD8CDA7552AB63FF"
".venv\Lib\site-packages\pip\_internal\metadata\importlib\__pycache__\_envs.cpython-313.pyc","8067","B534E1E05E22506FBB215E24E9DEA5DE45297C2C8EBA56622A3143E82F9B8A1E"
".venv\Lib\site-packages\pip\_internal\metadata\__pycache__\__init__.cpython-313.pyc","6729","C8940CE726B01D7D35FDAC9015A424E3B68F13D40AEEBA8E88A24ECEFF0B6DF3"
".venv\Lib\site-packages\pip\_internal\metadata\__pycache__\_json.cpython-313.pyc","2914","48F8B2990051D454449C58C47782EAA99E7D6B2D0B9DD2B3A7C54AA1C48659D2"
".venv\Lib\site-packages\pip\_internal\metadata\__pycache__\base.cpython-313.pyc","33817","D49C40C008AF3363756AB1D6B9AFEF63B5C4C632A670D8D84577E52FB91A66A9"
".venv\Lib\site-packages\pip\_internal\metadata\__pycache__\pkg_resources.cpython-313.pyc","16018","A1F88A246DFDBDC464330B70AA26589173E3CBE4CAC86CC00A7498030E0443CC"
".venv\Lib\site-packages\pip\_internal\models\__init__.py","62","023982101C57FCC1FD7FF8D58C818D08524A60261E4847B5F32CAF371E2E44A4"
".venv\Lib\site-packages\pip\_internal\models\candidate.py","753","CF380546EC3F9163E32A91B0ECB0B4654303D8243611B7AB50862CF22CE37420"
".venv\Lib\site-packages\pip\_internal\models\direct_url.py","6555","E0D31669CBBF4333CF591102D6D7BBBFA59FBFED87908E2DBD2245F820602E1E"
".venv\Lib\site-packages\pip\_internal\models\format_control.py","2471","3F07A6606D4BDBB04CD1FD4A3FAD6B9B6E304A110D172C6A943D535AEDF86A57"
".venv\Lib\site-packages\pip\_internal\models\index.py","1030","B589CBF28C468B8692356BABD261BC0C03FBAC2EB2BA16BF33024EF31C3472B2"
".venv\Lib\site-packages\pip\_internal\models\installation_report.py","2839","72A7D627DDD3842C6371A72A496AF23820F65ED227D4266B83367102FE45419D"
".venv\Lib\site-packages\pip\_internal\models\link.py","21793","0D107304326B794CB595A7833AB1B6688C990D6FCB86BF33263BD84E2F261988"
".venv\Lib\site-packages\pip\_internal\models\pylock.py","6211","56669AEF580E495D196334605A2226E0AC156C295A6A131CBAF28290FFD9CE70"
".venv\Lib\site-packages\pip\_internal\models\scheme.py","575","3DA9261C93377BC38E592645B5FCF5033EDFD6678E3499E41AE431165B77C011"
".venv\Lib\site-packages\pip\_internal\models\search_scope.py","4507","D61C54D8856C01A2D9563A7409BCC96D8698CC2C6FEF6FD06E0DC92F4AA15E8D"
".venv\Lib\site-packages\pip\_internal\models\selection_prefs.py","2016","960632A385BC95BDB6C2C631D84941041D1CBD236505582E7300732F8DDD7F31"
".venv\Lib\site-packages\pip\_internal\models\target_python.py","4243","2347854BE7A26B793086B3AF82CA61159B4D001D88C1767D4ABF5FA7A22304FE"
".venv\Lib\site-packages\pip\_internal\models\wheel.py","2920","D5275F0EF37B00B4EC6F267D10EB0DCB518F8AB3F59FA1231F2CCFAD9C8B4A1F"
".venv\Lib\site-packages\pip\_internal\models\__pycache__\__init__.cpython-313.pyc","255","417708350E4B29BE5F7C9F4E5E856921937E5FA23B989C64769D0CFFA792AE26"
".venv\Lib\site-packages\pip\_internal\models\__pycache__\candidate.cpython-313.pyc","1654","0BD36E88C53D0ABA3391BC993472784176CAAC43FD7F1AE254CDC4540E02FF8E"
".venv\Lib\site-packages\pip\_internal\models\__pycache__\direct_url.cpython-313.pyc","10656","15D5C503B9B5F27EC356579B6CCD65231DD5D93B467020061DA828BC5DD2AADE"
".venv\Lib\site-packages\pip\_internal\models\__pycache__\format_control.cpython-313.pyc","4151","B60B1D872C1D35842E69D64B5D3BB53FA87E4C131D623F65284951D6FB07C69B"
".venv\Lib\site-packages\pip\_internal\models\__pycache__\index.cpython-313.pyc","1757","9D89E4282F15A931D2E403A2495CAC70A4F3CDAE691D2D0074625E8F432CA8D0"
".venv\Lib\site-packages\pip\_internal\models\__pycache__\installation_report.cpython-313.pyc","2384","E147BAB1530D7084EB94F8C9A66153F47AFA5C4E2A5E7CF01DF2133EFCCD7B0C"
".venv\Lib\site-packages\pip\_internal\models\__pycache__\link.cpython-313.pyc","26710","53A3976D79DC8FBEE447281F5DD79610B5C9D4F1C7B93E11697F792A6EC0C959"
".venv\Lib\site-packages\pip\_internal\models\__pycache__\pylock.cpython-313.pyc","8143","86747C8DF91BF31350ADD60D151C33085CDD759DC5D1C031E6EE9792A6AEEEDD"
".venv\Lib\site-packages\pip\_internal\models\__pycache__\scheme.cpython-313.pyc","1059","473C8AE5F90AC5051643C25FE06D145206D1725CDD93B5462759FC79B2744062"
".venv\Lib\site-packages\pip\_internal\models\__pycache__\search_scope.cpython-313.pyc","5068","D4E541115ADA3F36A71F28D9201F72F21083FC8385D3C12BB038CF877C67E496"
".venv\Lib\site-packages\pip\_internal\models\__pycache__\selection_prefs.cpython-313.pyc","1849","AE4D7085CDBE64D15EA4B377A8314032A44027745DBC16AB79ADD0BBA12958CC"
".venv\Lib\site-packages\pip\_internal\models\__pycache__\target_python.cpython-313.pyc","4728","4512726C9B8BF2BC1AA42170A588CD90E812509D27FEE38D4D0469BCCB20A16A"
".venv\Lib\site-packages\pip\_internal\models\__pycache__\wheel.cpython-313.pyc","4625","D1ACE255A2279DE1EE0E960F46F1A8C37E86F587DDC1402CB53CFDCE1081454E"
".venv\Lib\site-packages\pip\_internal\network\__init__.py","49","14CCB4E8FFFFCBA8CC8D473CCF765C41D285FA9999DB3335E3FBC17873C68542"
".venv\Lib\site-packages\pip\_internal\network\auth.py","20681","B80C1118062756D80D4999B81CC0B704C00292003B92EE26F30BA9897E8BA4AF"
".venv\Lib\site-packages\pip\_internal\network\cache.py","4862","926457290AC6F44DBAC50463DB5D4B1DE106A4383F4A5614F439F57C9F8031E2"
".venv\Lib\site-packages\pip\_internal\network\download.py","12682","1E0B05BD390F0DD820D3351E868B1EFC9FB9E36FBD474169CA2A51C39061C403"
".venv\Lib\site-packages\pip\_internal\network\lazy_wheel.py","7646","CBD81592C7490928E72DF633B3F9B70D8500B65DE173F93EC453C305DF4380EB"
".venv\Lib\site-packages\pip\_internal\network\session.py","19188","784F9550824653D61E79A572EED540BCC4568A032CCAE00CA7192395BA6D6E3A"
".venv\Lib\site-packages\pip\_internal\network\utils.py","4091","002B177759ACA8D0A2747557B2EECB1D44ABF0D81ACA970E290E0A1BE67FC093"
".venv\Lib\site-packages\pip\_internal\network\xmlrpc.py","1830","FFE467937BCE7DFF2E17D8401A64FA48B00B7E563580C05C6C6C12D767DBFD8E"
".venv\Lib\site-packages\pip\_internal\network\__pycache__\__init__.cpython-313.pyc","243","B3F74ABC5FC17427C99385BA5B607B3BB89468AEB5F9432F49A7418341E0DD4F"
".venv\Lib\site-packages\pip\_internal\network\__pycache__\auth.cpython-313.pyc","21924","F16588FF0747C359AF20AD16B3360D21D495EEB0D08E1169F000D15ACBA41682"
".venv\Lib\site-packages\pip\_internal\network\__pycache__\cache.cpython-313.pyc","8081","F579AE73CEB22707DD854C8619B47757548680BE9AB306D9ABF6C02F404B6E30"
".venv\Lib\site-packages\pip\_internal\network\__pycache__\download.cpython-313.pyc","16295","50DEA6D1C01240549B19FA596D3EE674116BA13CF76D84399CF670EA772773DF"
".venv\Lib\site-packages\pip\_internal\network\__pycache__\lazy_wheel.cpython-313.pyc","11445","5F767C459CD34EC4F538E853A0E123F3F7DB58AD58C951AA30126EEBF81D73E9"
".venv\Lib\site-packages\pip\_internal\network\__pycache__\session.cpython-313.pyc","19499","D6DE9BEB84405B4CF290E32DD60CD9F698D958B5C1BC7018D5BA8D19139C23D1"
".venv\Lib\site-packages\pip\_internal\network\__pycache__\utils.cpython-313.pyc","2284","986CA2730EA4C90463185BD8CCB9036552F2CA958D8AA3172AEFFE2DE26FC3D6"
".venv\Lib\site-packages\pip\_internal\network\__pycache__\xmlrpc.cpython-313.pyc","3019","A8700277428B06919F8BCE76659513FB4F9238EC4B02719738850D1C2DF4937F"
".venv\Lib\site-packages\pip\_internal\operations\__init__.py","0","E3B0C44298FC1C149AFBF4C8996FB92427AE41E4649B934CA495991B7852B855"
".venv\Lib\site-packages\pip\_internal\operations\check.py","5894","C82D975AD87A89E846184FDF8FB5D124B8D5281B13206DD9A16464162DEB3B07"
".venv\Lib\site-packages\pip\_internal\operations\freeze.py","9854","3C3758FB2FD9B596492C029C6963C8191280196EC35D1E3C7F468C454D23EC10"
".venv\Lib\site-packages\pip\_internal\operations\prepare.py","28914","3DA8D252FA7B8CC592102EEC2CF68174A5AFEEC8A8615768074244584A2B2ECC"
".venv\Lib\site-packages\pip\_internal\operations\build\__init__.py","0","E3B0C44298FC1C149AFBF4C8996FB92427AE41E4649B934CA495991B7852B855"
".venv\Lib\site-packages\pip\_internal\operations\build\build_tracker.py","4771","5B76F972690C58F684E902307F3B136B2268EFE3A5C451D60F17CFB9AC7529C1"
".venv\Lib\site-packages\pip\_internal\operations\build\metadata_editable.py","1509","A16B9D32C9E3CB89683BF272EE0E0DF67C6C9DA117FE20E5551802CBBA6ED6BB"
".venv\Lib\site-packages\pip\_internal\operations\build\metadata.py","1421","20D1DA7A245F3A22D80970297C3351A3D0B0DB12385704DCD0A22DBDF75F3A39"
".venv\Lib\site-packages\pip\_internal\operations\build\wheel_editable.py","1478","AB791F12572533A16EB556C5C04F3B24E4E9556B798B10DFDFF5241C02157F3E"
".venv\Lib\site-packages\pip\_internal\operations\build\wheel.py","1136","DDB3FE9CD889E12F09BCC6819F27ACB17414061C53AADD46071E8343588F2436"
".venv\Lib\site-packages\pip\_internal\operations\build\__pycache__\__init__.cpython-313.pyc","195","DB5D44A3E05CC8A0C4D3C4534BE1797F44609F1211F2941723C5B3104EBEEDAD"
".venv\Lib\site-packages\pip\_internal\operations\build\__pycache__\build_tracker.cpython-313.pyc","7644","1491E135E2C65B1BE7E1DEAD5BBED47EDA5E776B78C094CB5A696941566D90ED"
".venv\Lib\site-packages\pip\_internal\operations\build\__pycache__\metadata_editable.cpython-313.pyc","1900","668C222ABCA39143E294D2027F05631B326216DD51FBA30FDA81EECB8AF80D7C"
".venv\Lib\site-packages\pip\_internal\operations\build\__pycache__\metadata.cpython-313.pyc","1848","3B61D817887CB80463B4339E5AF8BDB157FB7179529E139B032C2850DF2CFAD6"
".venv\Lib\site-packages\pip\_internal\operations\build\__pycache__\wheel_editable.cpython-313.pyc","2057","A3766CD9DD8B491223947FF5CA1BCC8495CA6F136DF6D7408DDA05D3420AC4CC"
".venv\Lib\site-packages\pip\_internal\operations\build\__pycache__\wheel.cpython-313.pyc","1716","F4A26AA0D1BF361B653892E3A0C6BFE7DD46C85A34D002F4D8AC0B6D020AD33C"
".venv\Lib\site-packages\pip\_internal\operations\install\__init__.py","50","6A4F941137103CA94565A5A860A5AEE505576E9141BE0D2C5DCDE2D0EE2F4986"
".venv\Lib\site-packages\pip\_internal\operations\install\wheel.py","27956","F1A7A9C710059A7CD916D70C0AFFB52384FF99A12441DE215D9CED616138C91D"
".venv\Lib\site-packages\pip\_internal\operations\install\__pycache__\__init__.cpython-313.pyc","255","6C9CBB6C788B87CF58A0CFF9A873CA315E17B77E897A83780350B74DF80F0743"
".venv\Lib\site-packages\pip\_internal\operations\install\__pycache__\wheel.cpython-313.pyc","34723","1ACE8DCF6BA5AA274E4F1BD4DB57B47EAA14216C82DD1F4C6BB16E924CE6E922"
".venv\Lib\site-packages\pip\_internal\operations\__pycache__\__init__.cpython-313.pyc","189","EA93ED471011B0E1C30704C8092A858530707EBDAAD2C46DFAC9D8B5F9910249"
".venv\Lib\site-packages\pip\_internal\operations\__pycache__\check.cpython-313.pyc","7269","57F75B3BCA305580C562D3F845DE0FAC54D3F07AB480670CDECEC5D85DCA75AC"
".venv\Lib\site-packages\pip\_internal\operations\__pycache__\freeze.cpython-313.pyc","10404","1DFF245803460172374CC22B0A113FC09C78C07F759A3E92C06BB42134877FF0"
".venv\Lib\site-packages\pip\_internal\operations\__pycache__\prepare.cpython-313.pyc","27392","26F84F594C917C572A078CC68528AEF92C9E38CD8644A628EA8938F0EBC16B3D"
".venv\Lib\site-packages\pip\_internal\req\__init__.py","3041","59C63DCFB0F7AE520A5F5418F3FB519C0B12FE9A1E6E218676D43B109E49410A"
".venv\Lib\site-packages\pip\_internal\req\constructors.py","18581","6780B8D401EE17B619173B2A4D05C51205E651D00279479A91FF212D9110AFE1"
".venv\Lib\site-packages\pip\_internal\req\req_dependency_group.py","2618","D3211009468EE41CDAEBA6370F9A3D2517F4A88239420091BA09F5C796918AF0"
".venv\Lib\site-packages\pip\_internal\req\req_file.py","20130","B3250D72C0BE025385A1FA01C31508D557FA14245EC81BD9FC01F2BE9B8659AB"
".venv\Lib\site-packages\pip\_internal\req\req_install.py","31273","BEFE5C6ECDCFE607F8DDEFF5BFBDA0C1243637F0FFAA9B1FB973B27AB3210EE2"
".venv\Lib\site-packages\pip\_internal\req\req_set.py","2828","6B092A2179D80383EB9AC8F441BDF386A75B61499777ED68D0FF8A6779AF450B"
".venv\Lib\site-packages\pip\_internal\req\req_uninstall.py","24099","74298E1EDFBD45A241ABDDB52F8B4C1F73E62010DEB46A659DB8D1297986B74D"
".venv\Lib\site-packages\pip\_internal\req\__pycache__\__init__.cpython-313.pyc","4126","EFC695AC7F04737673180DA3EE796FAAB16C7848B6A164A376105AB8A62A5D67"
".venv\Lib\site-packages\pip\_internal\req\__pycache__\constructors.cpython-313.pyc","21991","75DA6AEE9B5AF8398231B09C0C09AB04657B338055B2D1F47037A0355746D8A3"
".venv\Lib\site-packages\pip\_internal\req\__pycache__\req_dependency_group.cpython-313.pyc","4000","4C00ACEEC9FFC0C4058181322C20CBDDC54665F956DC462AAC61463B1CA3F048"
".venv\Lib\site-packages\pip\_internal\req\__pycache__\req_file.cpython-313.pyc","24103","D8AA6E5151072F9F40225F96DC937B1781B00FE13AC95DD580EDD7DA2657B95E"
".venv\Lib\site-packages\pip\_internal\req\__pycache__\req_install.cpython-313.pyc","35376","734F7CCA0392D117F1CC6FC4F6A4FF23F055656B9CC3FE98A30E89661383F35A"
".venv\Lib\site-packages\pip\_internal\req\__pycache__\req_set.cpython-313.pyc","5562","2D0AAA38B3351E67738D619997F1913FF52D891140AC088EFDCC36F7F0E88187"
".venv\Lib\site-packages\pip\_internal\req\__pycache__\req_uninstall.cpython-313.pyc","32353","DEA415B7EB773F6761DCD22DE82AC274CCB522A85DD16675A210AD4119B2FEF3"
".venv\Lib\site-packages\pip\_internal\resolution\__init__.py","0","E3B0C44298FC1C149AFBF4C8996FB92427AE41E4649B934CA495991B7852B855"
".venv\Lib\site-packages\pip\_internal\resolution\base.py","577","448B2A48FEFDA253DD3A0B4F296FA8390DFAE08095A297A103A45F1A445F7B6B"
".venv\Lib\site-packages\pip\_internal\resolution\legacy\__init__.py","0","E3B0C44298FC1C149AFBF4C8996FB92427AE41E4649B934CA495991B7852B855"
".venv\Lib\site-packages\pip\_internal\resolution\legacy\resolver.py","24060","6F052A13AE9EB73D9B70F69BAB179DD7CFA2CAAA9BFA4C7712BD9A4FA19E5096"
".venv\Lib\site-packages\pip\_internal\resolution\legacy\__pycache__\__init__.cpython-313.pyc","196","AEAA9E61A2EC98EA79F19DF63F8BBBAEDAA8665C42C63D96BFA5C55364A03F30"
".venv\Lib\site-packages\pip\_internal\resolution\legacy\__pycache__\resolver.cpython-313.pyc","22808","8744C462B4E768E30854E5EC8549763EEBEA5E6191B1C4D91D1AE6565E9CDFB8"
".venv\Lib\site-packages\pip\_internal\resolution\resolvelib\__init__.py","0","E3B0C44298FC1C149AFBF4C8996FB92427AE41E4649B934CA495991B7852B855"
".venv\Lib\site-packages\pip\_internal\resolution\resolvelib\base.py","5047","FC0A0FD195A569272DF024439F6A25DC26CD9F8CC3B6787FD334068D70120CA2"
".venv\Lib\site-packages\pip\_internal\resolution\resolvelib\candidates.py","20454","E7400DEC17C1FA909F1266CA365159497B5D0B40BC9ACD70689AC5D9AAE49D01"
".venv\Lib\site-packages\pip\_internal\resolution\resolvelib\factory.py","33628","EAB663BC975C2EFB02A8D8CF7C734088654A5338EEDF56773859619808D4EC0B"
".venv\Lib\site-packages\pip\_internal\resolution\resolvelib\found_candidates.py","6018","F1B6580C264B5D274B1F2FECD68E5FE2BD791E62AFA85521CC1510385DB52EBE"
".venv\Lib\site-packages\pip\_internal\resolution\resolvelib\provider.py","11441","B5B54F7C5BF8560EFCD32676FD71A81853F92D5A345366C59D9A2FDE3A520089"
".venv\Lib\site-packages\pip\_internal\resolution\resolvelib\reporter.py","3909","7DA4A08EA99ED24FEECEFD5FBCCE53D196AD3D0D9E124B4DBCA06A7EF5DE1A37"
".venv\Lib\site-packages\pip\_internal\resolution\resolvelib\requirements.py","8076","CF48179967E8D37CA73A7845F24A63E52C9C82BA1EAC3850574556CE600A01F8"
".venv\Lib\site-packages\pip\_internal\resolution\resolvelib\resolver.py","13437","C10F781E47A9FBB91610701CF8D6CC2619B3784CE0100B71781C72295CD9A1EA"
".venv\Lib\site-packages\pip\_internal\resolution\resolvelib\__pycache__\__init__.cpython-313.pyc","200","A4579AB41AF305646F83AD5840F3C49BD628E02AC7EAAE391049B9684C4B5BDD"
".venv\Lib\site-packages\pip\_internal\resolution\resolvelib\__pycache__\base.cpython-313.pyc","8093","FFF1ADF66971FBA5A3C8C3724E4E8E2D6581C910D8CD085633FCA91063839130"
".venv\Lib\site-packages\pip\_internal\resolution\resolvelib\__pycache__\candidates.cpython-313.pyc","29826","83D31383F9EF15564B3848D2C0396426A281FA14F671A6F173713718B414C5D4"
".venv\Lib\site-packages\pip\_internal\resolution\resolvelib\__pycache__\factory.cpython-313.pyc","34415","659F745A056FD40BDCE45F622D975A65EAF45DD188D1A615E8BA519BE04EC640"
".venv\Lib\site-packages\pip\_internal\resolution\resolvelib\__pycache__\found_candidates.cpython-313.pyc","6805","C88366ECF727223D35E1F39CA7C3994EAEACF282688FD4A91ECC761AB455F134"
".venv\Lib\site-packages\pip\_internal\resolution\resolvelib\__pycache__\provider.cpython-313.pyc","11346","F430D75E457E1373B0A131C6731A787AF557F7375E15FDE7AC3EB8357621D05E"
".venv\Lib\site-packages\pip\_internal\resolution\resolvelib\__pycache__\reporter.cpython-313.pyc","5910","ACB43F05697E67FA9EEC510FC8C3A0259C725F4F0B2E7B4F6D08D30B15A08581"
".venv\Lib\site-packages\pip\_internal\resolution\resolvelib\__pycache__\requirements.cpython-313.pyc","15141","08CFEF6DB4E2B1C67B11DED9C3882A5AD26C663A6E8BBB6C65014704AEBBFAAF"
".venv\Lib\site-packages\pip\_internal\resolution\resolvelib\__pycache__\resolver.cpython-313.pyc","12435","1F8167EAE5AB722AA3EB3DFF5A089D352C41679FD92ACE14EC2BEA643A022B75"
".venv\Lib\site-packages\pip\_internal\resolution\__pycache__\__init__.cpython-313.pyc","189","830159AD629B02256B6D40B8B7F9D7F0ABC04CB9167F1291349DE8E58EBC70AF"
".venv\Lib\site-packages\pip\_internal\resolution\__pycache__\base.cpython-313.pyc","1222","56C9D2029019B36D3945950618E10FB73700C6FEB1194A7A0968321C34648479"
".venv\Lib\site-packages\pip\_internal\utils\__init__.py","0","E3B0C44298FC1C149AFBF4C8996FB92427AE41E4649B934CA495991B7852B855"
".venv\Lib\site-packages\pip\_internal\utils\_jaraco_text.py","3350","335E6E50F221E4DA4FD6D754181C516AEEAAD59004B48F3E5F22C4113B1C15F1"
".venv\Lib\site-packages\pip\_internal\utils\_log.py","1015","FA31CB384FD31DA673E4115C0A7A122FD11802D2749D77A6E3DB3DA1FE23BCAC"
".venv\Lib\site-packages\pip\_internal\utils\appdirs.py","1681","2EBCC33D930A561D2BB9BB42C7DBEEDD79596CB092BA0E954A3E10B2FB7AE810"
".venv\Lib\site-packages\pip\_internal\utils\compat.py","2514","0BD2C75C900A930007F079F79CF933F4460ADEBA8F05E3BF21790E1B6CF3B1D4"
".venv\Lib\site-packages\pip\_internal\utils\compatibility_tags.py","6630","0E23522EAA6EAEE5D46A6190C0E2765990720C62D319A5E2F4EF977FC7CE8B7E"
".venv\Lib\site-packages\pip\_internal\utils\datetime.py","241","1ADDBD325E13A0F48CF3C8F9E22BB8DD62ADAD4F40FA6A0FE1098C8A2AB379D5"
".venv\Lib\site-packages\pip\_internal\utils\deprecation.py","3696","1D586FC8EE6A89115C1BCF0F859969FFCEEA74A40DC0F4D42081D6B6C4D1DB22"
".venv\Lib\site-packages\pip\_internal\utils\direct_url_helpers.py","3200","B6D2AFE06314AA54703CFA20F7F094A29CBA483828C5520BCDE049CE07E7DAD8"
".venv\Lib\site-packages\pip\_internal\utils\egg_link.py","2459","6167ECADB99F72B7D682A418CBA3AE223B326FD21F2F5ABFDAFE33B26B355A32"
".venv\Lib\site-packages\pip\_internal\utils\entrypoints.py","3324","B8F8C0C9284A39B768B63423254CE9AD0EABDF142F0C86705187C71EA67B0E89"
".venv\Lib\site-packages\pip\_internal\utils\filesystem.py","5497","72C548A6E3909E53A702940E7E58FF01000E4A2626FC352BDD5661BFBCE1B543"
".venv\Lib\site-packages\pip\_internal\utils\filetypes.py","689","B0431ADFCA9AAA3BF1D5989DDCE0805236B7D4138153E512B9230F06F537CA3A"
".venv\Lib\site-packages\pip\_internal\utils\glibc.py","3726","B0487C44924B612751BD3A803B84C754F3C0F9848354B0F8488F52A3E6F15F55"
".venv\Lib\site-packages\pip\_internal\utils\hashes.py","4998","777D942357A7F27CAA67375942FC5455D7DE0687B80035B1EC7B6B20CE3E5D0E"
".venv\Lib\site-packages\pip\_internal\utils\logging.py","12108","46D45EED5A7408E0B85017B061D7CA89C5E30939875E90D91DD45E4F326F07BF"
".venv\Lib\site-packages\pip\_internal\utils\misc.py","23374","D63129AA37EA62643A2B70F8FCEF315D23E7F1A11F1F6B8C3A534CECA3EF4AB8"
".venv\Lib\site-packages\pip\_internal\utils\packaging.py","1601","B39B6952616E9B05741FD2524F3AF2AC863827040CF29686B7B4A6EDE370B766"
".venv\Lib\site-packages\pip\_internal\utils\retry.py","1461","F37C11784076ADC9ED319E552DDEDAB1C6984A39FF90B765402AB120BC5690F3"
".venv\Lib\site-packages\pip\_internal\utils\subprocess.py","8983","AF8F816BF61CDEE6574298B42B8A5916C093FD0A9D4AFB45DD727EDB4E1059A0"
".venv\Lib\site-packages\pip\_internal\utils\temp_dir.py","9307","0FD73C0FB58E3EBA0E3BC1860EAA417954A3D74346166BA71B4A364E87638C85"
".venv\Lib\site-packages\pip\_internal\utils\unpacking.py","12974","69BD4A727896411F8AF18CB208BD1BFC988F51587BBCE3E62D02B961318D68BA"
".venv\Lib\site-packages\pip\_internal\utils\urls.py","1601","685FDE83DBA5E5DF1B302C5F4924B141C7ECF8EA4975B4AD62A647A32D8AD511"
".venv\Lib\site-packages\pip\_internal\utils\virtualenv.py","3455","997F943F2C3530FC61C14C4A85BA96597EF427A3C75C0263555AD19C6D21F667"
".venv\Lib\site-packages\pip\_internal\utils\wheel.py","4468","61D46E8FA322706F90F4C834DC56D4BF55932DA9BA2DCEC08228D8E2FA15CA2B"
".venv\Lib\site-packages\pip\_internal\utils\__pycache__\__init__.cpython-313.pyc","184","17430F8FC0CF8B0E36318B11F9F3D802F720793B24051B9718A6F35AEEE7E71A"
".venv\Lib\site-packages\pip\_internal\utils\__pycache__\_jaraco_text.cpython-313.pyc","4430","748E71D4DA66C0F19C4073FAE1D7F6CC034CF2600947B27343FC127CA6AD836F"
".venv\Lib\site-packages\pip\_internal\utils\__pycache__\_log.cpython-313.pyc","1903","2964C82049D311F300F6CFE57DA2E07AF6692E79E2EB41F9877DC5A532892815"
".venv\Lib\site-packages\pip\_internal\utils\__pycache__\appdirs.cpython-313.pyc","2457","E223548DF9BB518EAD974B76230F65499B6F1D9EF510E22F23D44B06B9566C8D"
".venv\Lib\site-packages\pip\_internal\utils\__pycache__\compat.cpython-313.pyc","3039","239DFA45F25833FBFFBC5CFCDC0FBEB1128090C9E21B688171B0596D1B575359"
".venv\Lib\site-packages\pip\_internal\utils\__pycache__\compatibility_tags.cpython-313.pyc","6686","A181DF7F742B72A3372DAB3C7EB80F4D606A8F53131A7C9080C1B2116B1AFCBF"
".venv\Lib\site-packages\pip\_internal\utils\__pycache__\datetime.cpython-313.pyc","664","0F2DBC5251818B6CCDA3590B62657D592FE75278638E0E82809ECAA67018A492"
".venv\Lib\site-packages\pip\_internal\utils\__pycache__\deprecation.cpython-313.pyc","4253","94DEF4A2F3E5799706BFCA8CDD31998533BF3696BDC360CBAF77364D1C29C4F9"
".venv\Lib\site-packages\pip\_internal\utils\__pycache__\direct_url_helpers.cpython-313.pyc","3626","79000FA27056B4EA94576F15E39637A39FA0DE0573DA13B675249EEAB0AEBC30"
".venv\Lib\site-packages\pip\_internal\utils\__pycache__\egg_link.cpython-313.pyc","3142","B106D13AB2BAF8C5A20272211EC8C8BC4435C84EBF8B5CA2630B959A09AB1E86"
".venv\Lib\site-packages\pip\_internal\utils\__pycache__\entrypoints.cpython-313.pyc","4134","23AF36DFDDF8AA00278B1D54131134D49E5DC460DD1EE167028CC7B666DB5677"
".venv\Lib\site-packages\pip\_internal\utils\__pycache__\filesystem.cpython-313.pyc","8076","38CE4B3A23A582975836E5C8481C531086D64F0F7D598C59F7ECE661311C9E1F"
".venv\Lib\site-packages\pip\_internal\utils\__pycache__\filetypes.cpython-313.pyc","1124","135540149FC9569CB7F397CAC0779ED0BA8756DF14387B63CC1171D0BE14C83B"
".venv\Lib\site-packages\pip\_internal\utils\__pycache__\glibc.cpython-313.pyc","2370","89F841FCCC8C766CB6FB3AD0C885429D9365179BB54BDB173C5EA13885DAF83A"
".venv\Lib\site-packages\pip\_internal\utils\__pycache__\hashes.cpython-313.pyc","7550","C5CC8A01E0A7C02805FBB022D77D77BE31FF8A9EA2156E95CBD28517DF3AB512"
".venv\Lib\site-packages\pip\_internal\utils\__pycache__\logging.cpython-313.pyc","14176","8ECF1B2F661522DCD2A0D7213C61B7DD7C41777A923A7058D0BF3337A241E7BD"
".venv\Lib\site-packages\pip\_internal\utils\__pycache__\misc.cpython-313.pyc","32939","9A89AF4CD3BB5C9B50D01A094C08D5E86E67A0C4D01BA2C4C69B6765A2921B77"
".venv\Lib\site-packages\pip\_internal\utils\__pycache__\packaging.cpython-313.pyc","1835","15A9279C13E3C39D35B8D34EE69005DC847E4C2B3541299C28B6A5CC391025DF"
".venv\Lib\site-packages\pip\_internal\utils\__pycache__\retry.cpython-313.pyc","1973","C2E3C322790FC61BAE74A901CEE022E3270DE8C8950B5F0F42F39B5FCE3F1259"
".venv\Lib\site-packages\pip\_internal\utils\__pycache__\subprocess.cpython-313.pyc","8729","734E4D52294557870112BF16124A3ADD2D2884DE1893835CEA3BA1766F383CA2"
".venv\Lib\site-packages\pip\_internal\utils\__pycache__\temp_dir.cpython-313.pyc","12011","2EF4F38DB7274B8BE87CA814BFFD27FA00A23D54B6D5608F831A916778B2E793"
".venv\Lib\site-packages\pip\_internal\utils\__pycache__\unpacking.cpython-313.pyc","14594","F620B14A42E29B7AF44AD0F0542AE9DE85397A9D2585DB5CEB297BD8ADC42FBB"
".venv\Lib\site-packages\pip\_internal\utils\__pycache__\urls.cpython-313.pyc","2123","303267845F86ACDFC36361C9304A7D833922930978D3574A51BABDFDF109936F"
".venv\Lib\site-packages\pip\_internal\utils\__pycache__\virtualenv.cpython-313.pyc","4373","0134E595864F506046833B4681D21C38E65743F8935DA75966E02B8A46EF31B1"
".venv\Lib\site-packages\pip\_internal\utils\__pycache__\wheel.cpython-313.pyc","5848","10B6339FE54D39017706539FF715272498E271372663C41A8EC0AA8227D74C81"
".venv\Lib\site-packages\pip\_internal\vcs\__init__.py","596","500AAFCE96E2D156D9A3751BEAC904799030FA8A08651FB35FF5A909BC720A85"
".venv\Lib\site-packages\pip\_internal\vcs\bazaar.py","3734","DD6D5E1E3918C76BDCE9BA1E6F634187823FAE51805CCFAFAF37CD84B9B54718"
".venv\Lib\site-packages\pip\_internal\vcs\git.py","19144","4D37AA0EECD2FBF04548DB944AD556984DA7183A4ABAF521041264FC20905D5D"
".venv\Lib\site-packages\pip\_internal\vcs\mercurial.py","5575","C3564958B2AA34FD689C48E47E39700559CCA8F64D488111F1ACA341C9D3AB8C"
".venv\Lib\site-packages\pip\_internal\vcs\subversion.py","11787","B9481D3EFC66BC407C430B63AF41DCD178058DB88D8B971BBC8E2F0112CE257A"
".venv\Lib\site-packages\pip\_internal\vcs\versioncontrol.py","22502","77EBF599C2F1A1F83615A22A06B57E7BE65C8CE810852D28C57A648B5BF5C97B"
".venv\Lib\site-packages\pip\_internal\vcs\__pycache__\__init__.cpython-313.pyc","523","45957A268186B4557E00FB1C09C5E1E43B88420527FD466D2390DE043A2B189D"
".venv\Lib\site-packages\pip\_internal\vcs\__pycache__\bazaar.cpython-313.pyc","5232","E1937D00AA67822F89CEEEB78F6D19B26600C8BBC503DCB31AC392D51411A34A"
".venv\Lib\site-packages\pip\_internal\vcs\__pycache__\git.cpython-313.pyc","19690","6A4492578C2BC6A98E987E6172BEA3045C90DC2B36FDD5EB734A421DF4F7A2A9"
".venv\Lib\site-packages\pip\_internal\vcs\__pycache__\mercurial.cpython-313.pyc","7750","43BC3904BEE1E9CC3A507DE197CAD8C8E4AE0D2BDDF7C740DF3C4D0102FDF02F"
".venv\Lib\site-packages\pip\_internal\vcs\__pycache__\subversion.cpython-313.pyc","12450","436714EA3D055ECD93EB61D4D41C3CBD3572156156C8A00E1552C52E4CCDDD93"
".venv\Lib\site-packages\pip\_internal\vcs\__pycache__\versioncontrol.cpython-313.pyc","27998","E12B031F278B34361267B4BEA215656F8A6F4A227A62EA46281C7056B55139BF"
".venv\Lib\site-packages\pip\_internal\__pycache__\__init__.cpython-313.pyc","733","6F0AD26E728B0D3D2071CEB33B0B07860BAC0EF2A38B7416575922E1080DB5E5"
".venv\Lib\site-packages\pip\_internal\__pycache__\build_env.cpython-313.pyc","18703","4171A88AA764AEA55B2BC907D53C9F422FC1F08203D72CDCC3E930F0CAE32A2F"
".venv\Lib\site-packages\pip\_internal\__pycache__\cache.cpython-313.pyc","12590","3495D9DD8E419FE0867D388272FB8C2C3FC63449B0AE710DDEC09CF91B3C40A0"
".venv\Lib\site-packages\pip\_internal\__pycache__\configuration.cpython-313.pyc","18436","BD837D338EADAB7C587813A6B82BF62A3917C6D4D358335F2360AB599EAA4170"
".venv\Lib\site-packages\pip\_internal\__pycache__\exceptions.cpython-313.pyc","41295","0C489B157AF3EEA5EA2D531ECECE457544ABE63E2A7EE9481DBBE97701622DCD"
".venv\Lib\site-packages\pip\_internal\__pycache__\main.cpython-313.pyc","618","02B3382AD6B98FAD9E8CE185069A7BE1BB3A664DAE4CC59F4E9558835A29624E"
".venv\Lib\site-packages\pip\_internal\__pycache__\pyproject.cpython-313.pyc","4077","9A5E5E4019CFDB7727CFD2E40F0EF458CE9537B62706230174B15AF5398DAA71"
".venv\Lib\site-packages\pip\_internal\__pycache__\self_outdated_check.cpython-313.pyc","10401","AE1FF3861D29DD42F4D2C2A783994147CC2F99C1473CD98F4181C7B99588A702"
".venv\Lib\site-packages\pip\_internal\__pycache__\wheel_builder.cpython-313.pyc","10956","C5A92C68FADE5D2B3E7556BBAF5380A6760E3C68163ED18FF9E6DDF87B927D0D"
".venv\Lib\site-packages\pip\_vendor\__init__.py","4907","5B3BAC3D319620C790416495274876ADA7C69154DAF56289D874FEDBE12866B5"
".venv\Lib\site-packages\pip\_vendor\README.rst","9394","A4A281C025A1BB7337A90F5D0E7B26C5BDCA76C46BFA75A632ADACADB1FF062D"
".venv\Lib\site-packages\pip\_vendor\vendor.txt","343","BD540DC5FADFFE73F2FE98D2486925C50556987E61BE1C83B5981BB3319BC3B7"
".venv\Lib\site-packages\pip\_vendor\cachecontrol\__init__.py","677","045DA7E4E790CF5416DB149ECB62F17CD0ADC1B8E74DA7577481F6B68A8979C8"
".venv\Lib\site-packages\pip\_vendor\cachecontrol\_cmd.py","1737","8A2B2DD84A7326F0D5221300C57ABC8859D306C89901DEA2A65C5F98D6E83729"
".venv\Lib\site-packages\pip\_vendor\cachecontrol\adapter.py","6599","F32EAB4CF5CECD51E60CA096E4247DB22BCB56E0EFF9CA5D19C65875158D68FC"
".venv\Lib\site-packages\pip\_vendor\cachecontrol\cache.py","1953","397C2FEC59F60309CA3626A12479E3B6F68A2E776F54BBFFFB33BE96D955F6A2"
".venv\Lib\site-packages\pip\_vendor\cachecontrol\controller.py","19101","731D0797CC4B66052E5EECBBF068A1F406230ADAAEAE6623549C72038C96B7BC"
".venv\Lib\site-packages\pip\_vendor\cachecontrol\filewrapper.py","4291","DA4B5734F1342AA9F2CC5DB868EB0A080E7C1D0AB5C5E0BA97683AFF3C238217"
".venv\Lib\site-packages\pip\_vendor\cachecontrol\heuristics.py","4881","82A31753CC34810B8442249DBB7620FB4BDDF645BB9EB58A6CB71AEF9AE17861"
".venv\Lib\site-packages\pip\_vendor\cachecontrol\LICENSE.txt","558","86EEEE87BE2A43F3FF1F56496F451F69243926F025FEDBB033666C304C4C161B"
".venv\Lib\site-packages\pip\_vendor\cachecontrol\py.typed","0","E3B0C44298FC1C149AFBF4C8996FB92427AE41E4649B934CA495991B7852B855"
".venv\Lib\site-packages\pip\_vendor\cachecontrol\serialize.py","5163","1D0776225950D391F33E454B3174C5DAE5F99A31108C3064C42A94254383A599"
".venv\Lib\site-packages\pip\_vendor\cachecontrol\wrapper.py","1417","86C19CEE0F101904D3FB87FCB60CF700CE6AC12720E853B405274B491744BE95"
".venv\Lib\site-packages\pip\_vendor\cachecontrol\caches\__init__.py","303","76DAEBAE82B90670034751968C2675F5A674B45B0C7EF141B4B410535B29FDA8"
".venv\Lib\site-packages\pip\_vendor\cachecontrol\caches\file_cache.py","4117","77CBA9166CBFCF06829A56D61150652D715D76DF19C3C739485A7178E66C75FC"
".venv\Lib\site-packages\pip\_vendor\cachecontrol\caches\redis_cache.py","1386","F6B9AAC2D62EFE58D5916EBFA0BA9B0BB11A5FF6BC613FF22EE9DAF9E4B4760A"
".venv\Lib\site-packages\pip\_vendor\cachecontrol\caches\__pycache__\__init__.cpython-313.pyc","428","5FEC9F965723D21BFE9850174E2E504727F27B4B3533D43EED8BD54418C6EDB2"
".venv\Lib\site-packages\pip\_vendor\cachecontrol\caches\__pycache__\file_cache.cpython-313.pyc","7156","C65F1EB219ABBC96B557571D3B1E6ABB6BD51E351C7597B028BB8A2F94949CE1"
".venv\Lib\site-packages\pip\_vendor\cachecontrol\caches\__pycache__\redis_cache.cpython-313.pyc","2809","5DF5703E662D89019E63879A6EF98321ABB29DE09C61F49FDDD57F164ACA2558"
".venv\Lib\site-packages\pip\_vendor\cachecontrol\__pycache__\__init__.cpython-313.pyc","890","CBBE04FEBB7441ADBDF77C7B4A7E8EC47C12C3DACC1970898D6E40CEAAF50946"
".venv\Lib\site-packages\pip\_vendor\cachecontrol\__pycache__\_cmd.cpython-313.pyc","2668","05D65421C6A775A5ABB75E6E9E1298A4CF479D93BE91C0B06B1451F4212AC0C5"
".venv\Lib\site-packages\pip\_vendor\cachecontrol\__pycache__\adapter.cpython-313.pyc","6843","DB0C798F3F428DF7C6C8125CA8ECAD0FDE1BD9FCAEE000B0C42E158F99099EC8"
".venv\Lib\site-packages\pip\_vendor\cachecontrol\__pycache__\cache.cpython-313.pyc","3920","BEDB30441FBF9983D94B601DD688CE0CE7FDCFA50B0EAE1A954322448CEB6A5B"
".venv\Lib\site-packages\pip\_vendor\cachecontrol\__pycache__\controller.cpython-313.pyc","16844","9C0F8204DAC8CF235FDB1C33F28D78C049246F7796A447F23E58B98F2974BD98"
".venv\Lib\site-packages\pip\_vendor\cachecontrol\__pycache__\filewrapper.cpython-313.pyc","4426","B959ACB9C32B825CD989E8B48460CBE59D248B69BF31A9EE445060A7520A3ADB"
".venv\Lib\site-packages\pip\_vendor\cachecontrol\__pycache__\heuristics.cpython-313.pyc","6762","22CAB192B0F4C12AD663DF81EBB2574F14E0E582A5D2FC6EEA432115EB8A4672"
".venv\Lib\site-packages\pip\_vendor\cachecontrol\__pycache__\serialize.cpython-313.pyc","5359","C3C02A07611943B5027E400DEB15E45F370FE07DED5465C01DFE0CD0046800A9"
".venv\Lib\site-packages\pip\_vendor\cachecontrol\__pycache__\wrapper.cpython-313.pyc","1687","D2240F9919182EAF7FE755654400B355442D060BD5790DEC694DA6F314540A52"
".venv\Lib\site-packages\pip\_vendor\certifi\__init__.py","94","8D691A607324E2820F4920442B96CB31B3BFAAB932366FDC445C7E0F5EBEDCAB"
".venv\Lib\site-packages\pip\_vendor\certifi\__main__.py","255","D64DC2AFDE6F0B1C464460E58EB5B7C0C76965D2F73617F4BB59FE936A9DB026"
".venv\Lib\site-packages\pip\_vendor\certifi\cacert.pem","291366","2089FC5A25836401FAEE99F722460B01B393999746A0FB817943666D6ECC0458"
".venv\Lib\site-packages\pip\_vendor\certifi\core.py","3442","82EFC40952359B746AD32B69B0D13AD6181019C29A380B7D46CF46F0AB1308E2"
".venv\Lib\site-packages\pip\_vendor\certifi\LICENSE","989","E93716DA6B9C0D5A4A1DF60FE695B370F0695603D21F6F83F053E42CFC10CAF7"
".venv\Lib\site-packages\pip\_vendor\certifi\py.typed","0","E3B0C44298FC1C149AFBF4C8996FB92427AE41E4649B934CA495991B7852B855"
".venv\Lib\site-packages\pip\_vendor\certifi\__pycache__\__init__.cpython-313.pyc","311","EE56AD948493F6F7FA8F4C6B24C4AF772C22445E7303FF949AA1785AAB311F89"
".venv\Lib\site-packages\pip\_vendor\certifi\__pycache__\__main__.cpython-313.pyc","640","4D886EB4B38EF90FDA4A8249D8BDE10C36490CC0941B21FC7F43BD318CC40150"
".venv\Lib\site-packages\pip\_vendor\certifi\__pycache__\core.cpython-313.pyc","2083","8AF94F51F9299D04E90EDDB28128F31FB04B5557394FC6148BDF708C5D750766"
".venv\Lib\site-packages\pip\_vendor\dependency_groups\__init__.py","250","0B7385BB4346C03CD0E0B3A69923853EC452BE46C19FE99D7788FFE58A89C3EB"
".venv\Lib\site-packages\pip\_vendor\dependency_groups\__main__.py","1709","50D4CCECFE667D5B53EF00E2F643935D6815DDFBB77BC6D3AEDD50A758EF8CAA"
".venv\Lib\site-packages\pip\_vendor\dependency_groups\_implementation.py","8041","1AA6F60E54042D16A478794A7FA42D4125B433E6DC1289B11F0E09B2F203D65B"
".venv\Lib\site-packages\pip\_vendor\dependency_groups\_lint_dependency_groups.py","1710","CA9F830EA297B5B9034CD6B489F6BE166380F2B6B6E253D91177ED5BE47902E2"
".venv\Lib\site-packages\pip\_vendor\dependency_groups\_pip_wrapper.py","1865","9EE556FF0FE7B55C69136E842C4BE780C634374E2C14BB228D747265944E146F"
".venv\Lib\site-packages\pip\_vendor\dependency_groups\_toml_compat.py","285","0479D79C569C9B70DEA25B00DF91A323AAA40C0A6FB9AFB5176D24BF705F6561"
".venv\Lib\site-packages\pip\_vendor\dependency_groups\LICENSE.txt","1099","1AB36E3E2A4BA8631625384F87E9E091DB1FAED034C5B23325B3239ABF2CC525"
".venv\Lib\site-packages\pip\_vendor\dependency_groups\py.typed","0","E3B0C44298FC1C149AFBF4C8996FB92427AE41E4649B934CA495991B7852B855"
".venv\Lib\site-packages\pip\_vendor\dependency_groups\__pycache__\__init__.cpython-313.pyc","370","5D7AF5A7A6EF6D56FF384DA9D3AF5592B4B131248038D02F67057C8F3907DE3C"
".venv\Lib\site-packages\pip\_vendor\dependency_groups\__pycache__\__main__.cpython-313.pyc","2672","D9A744FF157FBDE04B76E94814738DEA70DE2729DC84236EEEC65FBE7778240B"
".venv\Lib\site-packages\pip\_vendor\dependency_groups\__pycache__\_implementation.cpython-313.pyc","9645","B0D756F2782EA6DCB240F915F361D972FC3D28C9D0D4690DB3766AB02345771D"
".venv\Lib\site-packages\pip\_vendor\dependency_groups\__pycache__\_lint_dependency_groups.cpython-313.pyc","2872","399870903D7DB5D0F2D362A0BCFEEC202DF49793E4304D2FE6A986BC82376EC1"
".venv\Lib\site-packages\pip\_vendor\dependency_groups\__pycache__\_pip_wrapper.cpython-313.pyc","3445","6F3884B39A895D3425B757810F48FF384772B501B8A6443C837D1EC2642CDDDD"
".venv\Lib\site-packages\pip\_vendor\dependency_groups\__pycache__\_toml_compat.cpython-313.pyc","478","4058F1BD7EE00BA966E01EEC3A0EC95DE4A017296B2DDD0482A5D2741B58A664"
".venv\Lib\site-packages\pip\_vendor\distlib\__init__.py","625","0DEA37BA8F7C694C887DD28936AA1F7921055B00F3AD5D907862D72EC82AD008"
".venv\Lib\site-packages\pip\_vendor\distlib\compat.py","41467","DA34528D1238A3EBE55DE4CAD8108621486473A7BD646852B1A711339A2C793C"
".venv\Lib\site-packages\pip\_vendor\distlib\LICENSE.txt","14531","808E10C8A6AB8DEB149FF9B3FB19F447A808094606D712A9CA57FEAD3552599D"
".venv\Lib\site-packages\pip\_vendor\distlib\resources.py","10820","2F06CF92C73403524C6E2E979EE3DD301527F375FB04FB85356A8F184288EBDF"
".venv\Lib\site-packages\pip\_vendor\distlib\scripts.py","18612","42FA7BE84F49737220C98B9B9E9A88F5F4BB7AC78639EE058E97952AA2ADF48C"
".venv\Lib\site-packages\pip\_vendor\distlib\t32.exe","97792","6B4195E640A85AC32EB6F9628822A622057DF1E459DF7C17A12F97AEABC9415B"
".venv\Lib\site-packages\pip\_vendor\distlib\t64-arm.exe","182784","EBC4C06B7D95E74E315419EE7E88E1D0F71E9E9477538C00A93A9FF8C66A6CFC"
".venv\Lib\site-packages\pip\_vendor\distlib\t64.exe","108032","81A618F21CB87DB9076134E70388B6E9CB7C2106739011B6A51772D22CAE06B7"
".venv\Lib\site-packages\pip\_vendor\distlib\util.py","66682","BCC3C6BEC4B88FD845E98F64DD3CA89B569A1CB6F4AC5999004CB378075E97DC"
".venv\Lib\site-packages\pip\_vendor\distlib\w32.exe","91648","47872CC77F8E18CF642F868F23340A468E537E64521D9A3A416C8B84384D064B"
".venv\Lib\site-packages\pip\_vendor\distlib\w64-arm.exe","168448","C5DC9884A8F458371550E09BD396E5418BF375820A31B9899F6499BF391C7B2E"
".venv\Lib\site-packages\pip\_vendor\distlib\w64.exe","101888","7A319FFABA23A017D7B1E18BA726BA6C54C53D6446DB55F92AF53C279894F8AD"
".venv\Lib\site-packages\pip\_vendor\distlib\__pycache__\__init__.cpython-313.pyc","1348","3FD69F4043B8DE6F9E8130F2BCF03EEBA6B51F5FBB88528B3CBFCEE6DD34C047"
".venv\Lib\site-packages\pip\_vendor\distlib\__pycache__\compat.cpython-313.pyc","45858","F7BFDADE86BA47D28E794F94527F28AC53FFACD9F73587597D86AF38BC6C692D"
".venv\Lib\site-packages\pip\_vendor\distlib\__pycache__\resources.cpython-313.pyc","17650","0645C644CE0C350FCFAF45AE52458D62F79CD5C7F8D8508308A4C07FB23702DA"
".venv\Lib\site-packages\pip\_vendor\distlib\__pycache__\scripts.cpython-313.pyc","20230","ADF7D903C60BBAC73418947590E7B12FE1ABAD70F7AE95507F5AE02ED38528B9"
".venv\Lib\site-packages\pip\_vendor\distlib\__pycache__\util.cpython-313.pyc","90108","69A14648681AF0C23AEC2B839F769B6C2C26382E65D4934AED77E21B699C2A7F"
".venv\Lib\site-packages\pip\_vendor\distro\__init__.py","981","D9F1E317E49F80FBE3C8D67588787FC23A96751FD8A393831F0642D232C13E17"
".venv\Lib\site-packages\pip\_vendor\distro\__main__.py","64","6EEF5DDD389FA0A72264572A441BB2815DC64AE4E19D50FF9B620AE1CCFDE95B"
".venv\Lib\site-packages\pip\_vendor\distro\distro.py","49430","5EA6DE7DA7008434F8CEBFEDAE76C0D79798F2F74AE064E08609AF506AC433FE"
".venv\Lib\site-packages\pip\_vendor\distro\LICENSE","11325","CB5E8E7E5F4A3988E1063C142C60DC2DF75605F4C46515E776E3ACA6DF976E14"
".venv\Lib\site-packages\pip\_vendor\distro\py.typed","0","E3B0C44298FC1C149AFBF4C8996FB92427AE41E4649B934CA495991B7852B855"
".venv\Lib\site-packages\pip\_vendor\distro\__pycache__\__init__.cpython-313.pyc","953","E8E9FB13936B3A1AF7DFF3E3719D74D22BAAECA7B5E7B0669009E9962A28958B"
".venv\Lib\site-packages\pip\_vendor\distro\__pycache__\__main__.cpython-313.pyc","287","DDF59F5EBEE89468CEBDC11D0A9F8D925564860374832CC10FE1551572FD7D24"
".venv\Lib\site-packages\pip\_vendor\distro\__pycache__\distro.cpython-313.pyc","52136","B4EE4D377214D52406EEA6ECBFC05AAEEB57A9ECA4B312864DEBD6282BD54407"
".venv\Lib\site-packages\pip\_vendor\idna\__init__.py","868","30FA8D0CB65B5EA19A35D5F1005862A853CA1105E3BB68CD42109ECBAFB97893"
".venv\Lib\site-packages\pip\_vendor\idna\codec.py","3422","3C47B0DC8B70CE35B887299B6AC9EDCB6376397BCD7201C1F898EB06EC473D86"
".venv\Lib\site-packages\pip\_vendor\idna\compat.py","316","4732F2E90402765F7BF3868585BD845FD10A1822638343F73E294675E5D7731F"
".venv\Lib\site-packages\pip\_vendor\idna\core.py","13239","60963200C9F089010F8D50B8F85AAEFE9E0227AC8A2AE0C69A9A41350350A45B"
".venv\Lib\site-packages\pip\_vendor\idna\idnadata.py","78306","5B7D067081AFB4E598C008D98F8663BA8B94BAD0BA7DF80DBB28C9CBB7D9FA5A"
".venv\Lib\site-packages\pip\_vendor\idna\intranges.py","1898","6A652D91D8587101BC66BF82A0C33F91545A731922BC2D568313756FADCA29D5"
".venv\Lib\site-packages\pip\_vendor\idna\LICENSE.md","1541","A59F0B0EF3635874109A4461CA44FF7A70D50696E814767BFAF721D4C9B0DB0F"
".venv\Lib\site-packages\pip\_vendor\idna\package_data.py","21","AB9F52DCE5EC739548F23EAF483D2C18133293ACD9E2F58544413CF3208960AB"
".venv\Lib\site-packages\pip\_vendor\idna\py.typed","0","E3B0C44298FC1C149AFBF4C8996FB92427AE41E4649B934CA495991B7852B855"
".venv\Lib\site-packages\pip\_vendor\idna\uts46data.py","239289","AEDF742BD278D20512C29A433C2AE18E08B9000EA958CEB974419149FEAB2213"
".venv\Lib\site-packages\pip\_vendor\idna\__pycache__\__init__.cpython-313.pyc","879","D870DA4FD0848DEA2A7C1356AC1CB9D7F69DC3D880E71A8064FA63721284C640"
".venv\Lib\site-packages\pip\_vendor\idna\__pycache__\codec.cpython-313.pyc","5303","6B1BCBAFC66950BB1C75568F379EC0D36B74B65E4E53BE3AE0C931E60DD92516"
".venv\Lib\site-packages\pip\_vendor\idna\__pycache__\compat.cpython-313.pyc","889","5D31FDD046A334D9B32A595E4E55CEF77C85D7EDE9BEEEE1887EA33D6898880F"
".venv\Lib\site-packages\pip\_vendor\idna\__pycache__\core.cpython-313.pyc","16925","A5802EB1D6657203C0D246EF3612350F4A6DCB716ABED3E79F76F6D7BC45339D"
".venv\Lib\site-packages\pip\_vendor\idna\__pycache__\idnadata.cpython-313.pyc","99469","150D0FB4B645B4C07B227A68ECF5E8305D0F67D7CC545274A86DE65346A479ED"
".venv\Lib\site-packages\pip\_vendor\idna\__pycache__\intranges.cpython-313.pyc","2602","48F4B52888F9049414232C19450F920D906DE179F16568CC7079A8A4B2FEBE77"
".venv\Lib\site-packages\pip\_vendor\idna\__pycache__\package_data.cpython-313.pyc","210","50EC8D91B83265077681F3C750A67B2F88ACF0FFBE8D465F3CAA924534F6CFEE"
".venv\Lib\site-packages\pip\_vendor\idna\__pycache__\uts46data.cpython-313.pyc","159003","4BE1D05C54C442946DA7E5918C23216CB776084913300486F32E2CC3D6AD2935"
".venv\Lib\site-packages\pip\_vendor\msgpack\__init__.py","1109","440F2072A2B5ED8A64C419CDC172556B5A1AD8BCA058381F1759C0D4D3F0DE6A"
".venv\Lib\site-packages\pip\_vendor\msgpack\COPYING","614","492DEDBA85DA5872F78E6091BCD1FEA474D660D35ACB4DEE964B8AAB3F007427"
".venv\Lib\site-packages\pip\_vendor\msgpack\exceptions.py","1081","7424D67A2F1DA64ACCB100DC8D093BE004E5F47B08047D326EDF3338F36A3187"
".venv\Lib\site-packages\pip\_vendor\msgpack\ext.py","5726","92D789BF4DE7F6D633779A28DF1628A554E8E2F45A031A27050409857A21659A"
".venv\Lib\site-packages\pip\_vendor\msgpack\fallback.py","32390","D20D4FCE9D2FB66044989E70F45DECFFE24C55444FF114B81B571CE5345A02C2"
".venv\Lib\site-packages\pip\_vendor\msgpack\__pycache__\__init__.cpython-313.pyc","1708","F9925943F270CE78124EC0ADC3A396602121C64D00A538D0EFF2E7440475D23D"
".venv\Lib\site-packages\pip\_vendor\msgpack\__pycache__\exceptions.cpython-313.pyc","2157","24AE99EDF384D03BDE84CB7FF97A1C93DECDB561495C4EC3C5391022B2102268"
".venv\Lib\site-packages\pip\_vendor\msgpack\__pycache__\ext.cpython-313.pyc","8086","E00BA60B83BE5D2E617CCBE038A95E8C40FC6782D872B071D69CE8CCB224F5B8"
".venv\Lib\site-packages\pip\_vendor\msgpack\__pycache__\fallback.cpython-313.pyc","42061","9D27F37EA95EDA60C1E92E4E295A65A87954D32F9D38A0E9307D65630DD1E717"
".venv\Lib\site-packages\pip\_vendor\packaging\__init__.py","494","FF470388F55FD92F9B35F566660BB1C739AB2185A5C804B1A6AA61E2AB095947"
".venv\Lib\site-packages\pip\_vendor\packaging\_elffile.py","3286","524ADB0ED5BB69EAB7AAAA007D4D7AA23C87675C6C4EF1A47BF5AA31328029DD"
".venv\Lib\site-packages\pip\_vendor\packaging\_manylinux.py","9596","B78CBFF9D4CE71FAF7EA02D8FB3B623A9C7124518EDA2902D751E07F2B06C623"
".venv\Lib\site-packages\pip\_vendor\packaging\_musllinux.py","2694","A7D66A35888E22D19E7BC29C64578717F61C76157018774AEABFBC9608B1BC64"
".venv\Lib\site-packages\pip\_vendor\packaging\_parser.py","10221","8187E78F4A511DF955738447662B75DCA353C8DF62895714D915021A2DB60703"
".venv\Lib\site-packages\pip\_vendor\packaging\_structures.py","1431","AB77953666D62461BF4B40E2B7F4B7028F2A42ACFFE4F6135C500A0597B9CABE"
".venv\Lib\site-packages\pip\_vendor\packaging\_tokenizer.py","5310","398CEDEEA2B1CA538027EAB45F22B5A80C9CC8F4582DF30F74640A4579195B22"
".venv\Lib\site-packages\pip\_vendor\packaging\LICENSE","197","CAD1EF5BD340D73E074BA614D26F7DEACA5C7940C3D8C34852E65C4909686C48"
".venv\Lib\site-packages\pip\_vendor\packaging\LICENSE.APACHE","10174","0D542E0C8804E39AA7F37EB00DA5A762149DC682D7829451287E11B938E94594"
".venv\Lib\site-packages\pip\_vendor\packaging\LICENSE.BSD","1344","B70E7E9B742F1CC6F948B34C16AA39FFECE94196364BC88FF0D2180F0028FAC5"
".venv\Lib\site-packages\pip\_vendor\packaging\markers.py","12049","3F4C1EDBB8E6D71533806309C418ED50508859E0714EC31E253389E9C8599806"
".venv\Lib\site-packages\pip\_vendor\packaging\metadata.py","34739","F08644AEA4109CD9B9DDD659B98AB8146538FDDA728A731E1F540504858891F1"
".venv\Lib\site-packages\pip\_vendor\packaging\py.typed","0","E3B0C44298FC1C149AFBF4C8996FB92427AE41E4649B934CA495991B7852B855"
".venv\Lib\site-packages\pip\_vendor\packaging\requirements.py","2947","818C9148075BAC8C8A0D8EBABA02035108D132FC641F600B8A84E65F7B672FAA"
".venv\Lib\site-packages\pip\_vendor\packaging\specifiers.py","40079","C9CF43FCCC9C2449B052966F72CD4E64BF477E23459B2C3445969E1D134790FC"
".venv\Lib\site-packages\pip\_vendor\packaging\tags.py","22745","E35B3DED6F596ADAEAD8477B45CDEA7810DA1DEF2928ABD8AB69868F06A17D79"
".venv\Lib\site-packages\pip\_vendor\packaging\utils.py","5050","D05DC787D385B9182B8538066549792B6D85BF560FDAD665D73FF680EEA42620"
".venv\Lib\site-packages\pip\_vendor\packaging\version.py","16688","A221EACD352FFE9D768698E0B0B0D571A179853EE90DA48E56250D303E064D6D"
".venv\Lib\site-packages\pip\_vendor\packaging\licenses\__init__.py","5727","DDBC7E82BCA8E2C46FE4BB2BC00A68BB2EB9548B37BBA8AB48E449CC02E4AF35"
".venv\Lib\site-packages\pip\_vendor\packaging\licenses\_spdx.py","48398","A009B5CED3C5C25B2608A7BB94002CBFF38839F4B57160EEF5B34191EBBEDA7B"
".venv\Lib\site-packages\pip\_vendor\packaging\licenses\__pycache__\__init__.cpython-313.pyc","4304","08ED128CB6A366F5162A2774CDF75F354FCD168F65D2212230592C8843F4EA11"
".venv\Lib\site-packages\pip\_vendor\packaging\licenses\__pycache__\_spdx.cpython-313.pyc","47433","3CF9E7F8DB923E9E67BD43A79978DA4CB62B5381A7885938134F2F9C640A2B04"
".venv\Lib\site-packages\pip\_vendor\packaging\__pycache__\__init__.cpython-313.pyc","551","E8845EEAF13EC81678E0F42F4103429A42FA482C249870528F1F10D059AF86E0"
".venv\Lib\site-packages\pip\_vendor\packaging\__pycache__\_elffile.cpython-313.pyc","5210","5AA8C71EDAB476CE6C51FAF1223A2F5AF1B1A11A68EA7A85A83370FC86F5D943"
".venv\Lib\site-packages\pip\_vendor\packaging\__pycache__\_manylinux.cpython-313.pyc","9997","2FDC211C8AC3E9192BB6215EF5E0C68E49414555274344E47F7265B0A47EEB74"
".venv\Lib\site-packages\pip\_vendor\packaging\__pycache__\_musllinux.cpython-313.pyc","4616","DB7FF96EC6231A955E1E385500386779678F54565A0B357C909431652B1424CD"
".venv\Lib\site-packages\pip\_vendor\packaging\__pycache__\_parser.cpython-313.pyc","14180","C9F9B88EE589E9900C977F7378F09478C2E6822DD24B2CB7B014C22AB3BC5EF6"
".venv\Lib\site-packages\pip\_vendor\packaging\__pycache__\_structures.cpython-313.pyc","3346","BAF5CA3A14E1FBE32327DC432EE7DA5A2B6460C272C398836B5396EDDE4C3662"
".venv\Lib\site-packages\pip\_vendor\packaging\__pycache__\_tokenizer.cpython-313.pyc","8103","AA2CAEB031193C86D817BCBE7BA4E18F6EBD83A637CB573AC970284C0D041ACD"
".venv\Lib\site-packages\pip\_vendor\packaging\__pycache__\markers.cpython-313.pyc","13093","2258106E470EA1B4A4812487FE2B2CB243EB139D110E0ED9B5182A3F027BA409"
".venv\Lib\site-packages\pip\_vendor\packaging\__pycache__\metadata.cpython-313.pyc","27362","B1A8D0C89F12F255501C2FB7BD3676F3723D59100080FEF39D7FE4CA141A18FA"
".venv\Lib\site-packages\pip\_vendor\packaging\__pycache__\requirements.cpython-313.pyc","4627","8EA8BE7DC72ABDDFD24FF1FE331E7CA81975D7AAEE86503FC2704D432FE169AF"
".venv\Lib\site-packages\pip\_vendor\packaging\__pycache__\specifiers.cpython-313.pyc","37659","815DEF03C52ECC5982B8B75129F2E40BA5ACAC35EE5706D8ACB45757C222C570"
".venv\Lib\site-packages\pip\_vendor\packaging\__pycache__\tags.cpython-313.pyc","24967","C569F7EE934A2086E43DADB8214E9D62579B7A42D584E66334403BAD64ABEC11"
".venv\Lib\site-packages\pip\_vendor\packaging\__pycache__\utils.cpython-313.pyc","6751","9BE4A677C85118B1BB20F0AE5C3BD217994099C8F8257559363162903A5A321B"
".venv\Lib\site-packages\pip\_vendor\packaging\__pycache__\version.cpython-313.pyc","19976","B7C4BE7B17B9573F8B45FA2F673188364F5F52D85BA49AAF2D8A752D15CE9F33"
".venv\Lib\site-packages\pip\_vendor\pkg_resources\__init__.py","124451","BDB4C9D3FAEE5201B1423944AACAEE16688D3D5CA1DADF6AFB3C930D3D39DF12"
".venv\Lib\site-packages\pip\_vendor\pkg_resources\LICENSE","1023","86DA0F01AEAE46348A3C3D465195DC1CECCDE79F79E87769A64B8DA04B2A4741"
".venv\Lib\site-packages\pip\_vendor\pkg_resources\__pycache__\__init__.cpython-313.pyc","161599","FB8DA0DDCD659C3A356C89FA12CF292C1808DDE4CBFBEE37DED34FE4AD431C3A"
".venv\Lib\site-packages\pip\_vendor\platformdirs\__init__.py","22344","51F7921D697C01E4ED6CE04EA070312B874E0CE5A466D7F2FA6FE2EDC59D27C7"
".venv\Lib\site-packages\pip\_vendor\platformdirs\__main__.py","1505","8C127CCDBECCA71E5E6DCA85F37C6BA4EF7831A782A4D18755FF5CBC337624B8"
".venv\Lib\site-packages\pip\_vendor\platformdirs\android.py","9013","AF40EC85505FF913B58D72465FC0B84E297B1755D6B7E6E47563209AF1226988"
".venv\Lib\site-packages\pip\_vendor\platformdirs\api.py","9281","C0F1CE9703AC7F3DA8A9067A03615C0AEE641008FE2689DDCE834E1D8150D21F"
".venv\Lib\site-packages\pip\_vendor\platformdirs\LICENSE","1089","29E0FD62E929850E86EB28C3FDCCF0CEFDF4FA94879011CFFB3D0D4BED6D4DB6"
".venv\Lib\site-packages\pip\_vendor\platformdirs\macos.py","6322","D17A0E8229F534AED0922EE2B240FEA12F312B1C3A6D782828481DAA90910054"
".venv\Lib\site-packages\pip\_vendor\platformdirs\py.typed","0","E3B0C44298FC1C149AFBF4C8996FB92427AE41E4649B934CA495991B7852B855"
".venv\Lib\site-packages\pip\_vendor\platformdirs\unix.py","10458","5999A4500FBE2F724D4469B3DF6B37E587E80F789C6BAC4A20F74257F1E12DCB"
".venv\Lib\site-packages\pip\_vendor\platformdirs\version.py","704","B2F79DEFA9779ECB444A36489EC606CCFAF247870F21A7F74074C9B930D85CD3"
".venv\Lib\site-packages\pip\_vendor\platformdirs\windows.py","10125","205A62A21501C313ED0B39722B036DC725B8264F2169AE96F28E7D99FAC35D5A"
".venv\Lib\site-packages\pip\_vendor\platformdirs\__pycache__\__init__.cpython-313.pyc","19358","343879E984817BFE534693C9DDC5D794C0AF9E9F7C55E68A25BD869F710001B8"
".venv\Lib\site-packages\pip\_vendor\platformdirs\__pycache__\__main__.cpython-313.pyc","1925","639C1244F9E47EA7EBC38C63C4CCEAF75B8BE608982AF8E3B053A78296755375"
".venv\Lib\site-packages\pip\_vendor\platformdirs\__pycache__\android.cpython-313.pyc","10756","C6E4220816C154C0503C1AF40F23C583A9386C9D2C92E8E3A52009B48377F461"
".venv\Lib\site-packages\pip\_vendor\platformdirs\__pycache__\api.cpython-313.pyc","13467","2A34A51413E66E517C07F5931957E319C9FB7749C6843F74C90F8C78DF7D65CE"
".venv\Lib\site-packages\pip\_vendor\platformdirs\__pycache__\macos.cpython-313.pyc","9024","454D69A96364DC6E9C150979E19F8A052F4B551385A2A888A8C5B57898F44AAD"
".venv\Lib\site-packages\pip\_vendor\platformdirs\__pycache__\unix.cpython-313.pyc","14761","56A49C2D971C144BF072EE262B04948917AAA3131371186A99C921A0A30BC3EC"
".venv\Lib\site-packages\pip\_vendor\platformdirs\__pycache__\version.cpython-313.pyc","806","CA4709870AFBC5FA4FEB4E445CFE6266FFD15B908E76CCCFE2A5ACF474CF3ABA"
".venv\Lib\site-packages\pip\_vendor\platformdirs\__pycache__\windows.cpython-313.pyc","13777","496D91F2D271E4894955F533B3FC48C5DE1F8030CB1FB673B849010511C54C40"
".venv\Lib\site-packages\pip\_vendor\pygments\__init__.py","2983","F2E36A2420B05EA6C4C79692B01AF417291440E0432818A13B998FAA2C356AAA"
".venv\Lib\site-packages\pip\_vendor\pygments\__main__.py","353","5AB9DDA527BA8B57245FF490D4A6B10FD093286CC3D04B82385C5C6F0169A0B5"
".venv\Lib\site-packages\pip\_vendor\pygments\console.py","1718","01A8035AAC1E6B6C8159FD74282F69B4180CA4C8F12A9F3200102687E3503959"
".venv\Lib\site-packages\pip\_vendor\pygments\filter.py","1910","60BB694E7662BB4EE7637A0AF677D1E84F58D4504784FE4F5FC82F90959C7DA8"
".venv\Lib\site-packages\pip\_vendor\pygments\formatter.py","4390","29940C9B2A3FC643889101BC83AE8B6049018756F1EDAD07C8608172F848F44C"
".venv\Lib\site-packages\pip\_vendor\pygments\lexer.py","35349","FE406B389FCD4F94E5D0854CD2B03D73C7B2B0FEBFCAB946CC4408D1E55807E0"
".venv\Lib\site-packages\pip\_vendor\pygments\LICENSE","1331","A9D66F1D526DF02E29DCE73436D34E56E8632F46C275BBDFFC70569E882F9F17"
".venv\Lib\site-packages\pip\_vendor\pygments\modeline.py","1005","2B9792911F064B5AF93A45D74C739C57468CFFAC6993D7963442005BE38E2768"
".venv\Lib\site-packages\pip\_vendor\pygments\plugin.py","1891","B4FC74AC9093219F62A1180B3581B8A627C26C0C1345465D76F2F0F8D7C0936C"
".venv\Lib\site-packages\pip\_vendor\pygments\regexopt.py","3072","C1768FF468E9FE1280767202AA80E447100E40949CE2FDD7EA6731C77CFE4CDB"
".venv\Lib\site-packages\pip\_vendor\pygments\scanner.py","3092","9CD7044D1475B51BA24DA1E61D24D310255814F70B7FA98366ED5EE2EF7503D1"
".venv\Lib\site-packages\pip\_vendor\pygments\sphinxext.py","7981","E71ED987D62553A212277D5D33076E89A6A76F97566672A0DCCC8442CB1E3674"
".venv\Lib\site-packages\pip\_vendor\pygments\style.py","6420","3E5399AA5B274D5779F111B2E74BE403671743F94FE5B1791063040539E8E830"
".venv\Lib\site-packages\pip\_vendor\pygments\token.py","6226","59B7561A1626FD5A2C6F40C3C56F651CD3E02135DF593B10987B7A732F516DC3"
".venv\Lib\site-packages\pip\_vendor\pygments\unistring.py","63208","6A5FBFAC17A646E1AF8A7B2B33A6AD36C1D3989E8351BC36E2AD8ED91BB57017"
".venv\Lib\site-packages\pip\_vendor\pygments\util.py","10031","A11B52A62028E6333DBA59ED92F55B81751D8805B9EE39EE60607BB7D7D8BA17"
".venv\Lib\site-packages\pip\_vendor\pygments\filters\__init__.py","40392","E14E23B40D17DE23FCDEE42707DF9323E1C34B0F04F32F333181DAD148DB6DA2"
".venv\Lib\site-packages\pip\_vendor\pygments\filters\__pycache__\__init__.cpython-313.pyc","37963","65337EB56E7C28765ECCEF6955BF17820CC63F9390B9B38B66D7EA77209C7FB2"
".venv\Lib\site-packages\pip\_vendor\pygments\formatters\__init__.py","5385","293C019A75E56A8A498500CE7A6547607B24883821BAAFB4F18B4FEB13CD24F8"
".venv\Lib\site-packages\pip\_vendor\pygments\formatters\_mapping.py","4176","D42C37EC5B9094D69C9F144A9AD94F5F89F22E85FDFEDB64A39670B1C354659E"
".venv\Lib\site-packages\pip\_vendor\pygments\formatters\__pycache__\__init__.cpython-313.pyc","6920","E6DB7F4A35F084A2F8E1A39D7D80D881FEA4F79AD08DC34652E9BDD6F5ED6763"
".venv\Lib\site-packages\pip\_vendor\pygments\formatters\__pycache__\_mapping.cpython-313.pyc","4209","236B127F52637C6768D4603238D9010ED888582BBAF67AA2E5CBEE48BF56FCF7"
".venv\Lib\site-packages\pip\_vendor\pygments\lexers\__init__.py","12115","C1B20C137E461FB6C8D41F6B34F245A964FE8A3FD102964360F52567271A2F30"
".venv\Lib\site-packages\pip\_vendor\pygments\lexers\_mapping.py","77602","978B425CCF1EF5A3C2D810FAB2322BD1D793F89FB3E6D1E00B02FEA757D2D0F1"
".venv\Lib\site-packages\pip\_vendor\pygments\lexers\python.py","53853","BF18E7D5C38772520A24AC68CA206C41363AE461DB919B5946E290D8054229AC"
".venv\Lib\site-packages\pip\_vendor\pygments\lexers\__pycache__\__init__.cpython-313.pyc","14748","03FABC32BC48CAFFEB451695D00A010E13B865465529298FB08928F80931A65F"
".venv\Lib\site-packages\pip\_vendor\pygments\lexers\__pycache__\_mapping.cpython-313.pyc","69838","90D17CB44ED86E0C4BC0609880A764613940A476E36879100F9C84D334CE6D93"
".venv\Lib\site-packages\pip\_vendor\pygments\lexers\__pycache__\python.cpython-313.pyc","43038","E5836AC407211C124B90CB7D557974F3E708E79A11E5A5FBB23FC51A349B586B"
".venv\Lib\site-packages\pip\_vendor\pygments\styles\__init__.py","2042","C7D79B72D7F2BC2005A4C4E5309E58C7070D601CE382AEB325A2A4366EFCAF83"
".venv\Lib\site-packages\pip\_vendor\pygments\styles\_mapping.py","3312","EA5A2F154136F6DCFA12C5775D8638860A3327BAB524BEDC7CEDD43A58274BCC"
".venv\Lib\site-packages\pip\_vendor\pygments\styles\__pycache__\__init__.cpython-313.pyc","2635","1A5E5966051FE2989EF3C3F10D1759DAEA04190B3C3925354EE9AF14E9D1A98D"
".venv\Lib\site-packages\pip\_vendor\pygments\styles\__pycache__\_mapping.cpython-313.pyc","3642","683FEBEFC2F8AD253DBA4761DB1CFF256F8AB0201452358588DA7C439FBE3758"
".venv\Lib\site-packages\pip\_vendor\pygments\__pycache__\__init__.cpython-313.pyc","3426","454067685E7A018834D4F12F712957E762D2ED0B3508AEBB0E64FCF2F83CF272"
".venv\Lib\site-packages\pip\_vendor\pygments\__pycache__\__main__.cpython-313.pyc","706","4D21F59CF8A6B870489C971101A39B77B91F350280B964519C69EA759F93D29B"
".venv\Lib\site-packages\pip\_vendor\pygments\__pycache__\console.cpython-313.pyc","2594","B67BE61CFD2E2426D78643E5CC5E09F07CBD4C054A24925D24B2ECB77CDEB2BF"
".venv\Lib\site-packages\pip\_vendor\pygments\__pycache__\filter.cpython-313.pyc","3220","46B59F8AC6B8E84EB6291771328BFD5700C987A96CD50DF1A27C19CD98695E1D"
".venv\Lib\site-packages\pip\_vendor\pygments\__pycache__\formatter.cpython-313.pyc","4551","B00EA9D3E6001FBA841DD72AFAF465EAFA542AF3C7EBFB56A17A5FA96A73D0FA"
".venv\Lib\site-packages\pip\_vendor\pygments\__pycache__\lexer.cpython-313.pyc","38471","B59182C5A24D30648D792BF1787A1921F31B9B01D54C41EC329B3174C8488E9D"
".venv\Lib\site-packages\pip\_vendor\pygments\__pycache__\modeline.cpython-313.pyc","1567","6AF4527BB74A3E652A2425943CDA8A31A72D62FC48BCB94A0BE888A5B3200688"
".venv\Lib\site-packages\pip\_vendor\pygments\__pycache__\plugin.cpython-313.pyc","2541","FC62FDA39329639DF54E9DAFF91E8AC8BBF0E371A6F2F21690E57F8B86A3160D"
".venv\Lib\site-packages\pip\_vendor\pygments\__pycache__\regexopt.cpython-313.pyc","4098","216F07426EA76579A777F6496101AB34FCFB1AC1713D5B509A953CBE557E4DA3"
".venv\Lib\site-packages\pip\_vendor\pygments\__pycache__\scanner.cpython-313.pyc","4677","29BA872D5A801E3B834C2670A8955875D1FF18D5F7947B39BB39F924A106D382"
".venv\Lib\site-packages\pip\_vendor\pygments\__pycache__\sphinxext.cpython-313.pyc","12234","4BA2B0AB562183E6806B13CFC55A07E30678A3AD1D838BB22BF0D5B47A79745D"
".venv\Lib\site-packages\pip\_vendor\pygments\__pycache__\style.cpython-313.pyc","6933","879E4712E2F841B383D6C7CA42B32DE39A2312BE1D0BF29F5C8CE01B2AE6E8B7"
".venv\Lib\site-packages\pip\_vendor\pygments\__pycache__\token.cpython-313.pyc","8237","969006576E84C035D565E33298967FCF4BF9E83BFBA35B7ACF3538C95D751506"
".venv\Lib\site-packages\pip\_vendor\pygments\__pycache__\unistring.cpython-313.pyc","33019","8956D904E5B5F547AD09C03BA6A4131A9D6F9F2FE59E994633363AED1013E360"
".venv\Lib\site-packages\pip\_vendor\pygments\__pycache__\util.cpython-313.pyc","14167","1A8E8A7E703C8D51B9C783DECAB298DFE74AF6D02271FDFAB2FAC0116A68CE76"
".venv\Lib\site-packages\pip\_vendor\pyproject_hooks\__init__.py","691","70F07F6BD2D7CF9C6FB116D7D68DAAC807632DAB5925D43F2DCE4C70D5FE5FB6"
".venv\Lib\site-packages\pip\_vendor\pyproject_hooks\_impl.py","14936","8D8FAB6B19E6C91C81E7BAEE022B6B25153311EC6E021193A6033282AC7AED9E"
".venv\Lib\site-packages\pip\_vendor\pyproject_hooks\LICENSE","1081","1B22B049B5267D6DFC23A67BF4A84D8EC04B9FDFB1A51D360E42B4342C8B4154"
".venv\Lib\site-packages\pip\_vendor\pyproject_hooks\py.typed","0","E3B0C44298FC1C149AFBF4C8996FB92427AE41E4649B934CA495991B7852B855"
".venv\Lib\site-packages\pip\_vendor\pyproject_hooks\_in_process\__init__.py","557","30934FA5F23170EF85821C6905BC641B5AC58907FA1CE51B5785399AAD07167B"
".venv\Lib\site-packages\pip\_vendor\pyproject_hooks\_in_process\_in_process.py","12216","A9C5CC866C7FFCC209AB5D201875B7980E1397C772F18CC731C7309CDA0A970D"
".venv\Lib\site-packages\pip\_vendor\pyproject_hooks\_in_process\__pycache__\__init__.cpython-313.pyc","1078","F71ADA3DBF9974745E8B6C3F77B388D96289CF90E9B9D858A418E93D474EEBFF"
".venv\Lib\site-packages\pip\_vendor\pyproject_hooks\_in_process\__pycache__\_in_process.cpython-313.pyc","15503","781CE9D633143F98086FC7BED78619DA6228BE2798AE582B19402FBF68DA04B7"
".venv\Lib\site-packages\pip\_vendor\pyproject_hooks\__pycache__\__init__.cpython-313.pyc","751","E33BEF5BA5774FA4F529AA5CC2912ED0B2DDB58BD403949E8BC0101B329FADFD"
".venv\Lib\site-packages\pip\_vendor\pyproject_hooks\__pycache__\_impl.cpython-313.pyc","17723","1A0B94C2C53AC03F76F6F794358362170275E7EE9BBE6758F1292F15D75A8641"
".venv\Lib\site-packages\pip\_vendor\requests\__init__.py","5057","1E507F1F386BCC6B5F0FF69A614C14875CD65CB67BE7F6022F28ADEF9774573F"
".venv\Lib\site-packages\pip\_vendor\requests\__version__.py","435","40A0DC78AF0AFEE8EAC030DCDE862B474A1D381620295390439BC56A9FC6FDC8"
".venv\Lib\site-packages\pip\_vendor\requests\_internal_utils.py","1495","9CC4329ABE21B37D93A95A3901B0AB99C24486F3D487BC57965BB2AB0B252E24"
".venv\Lib\site-packages\pip\_vendor\requests\adapters.py","26429","D8C2C538AF46A5836189377ACCB0D4AC081290807EEFA8BAA664AE5098C70B6C"
".venv\Lib\site-packages\pip\_vendor\requests\api.py","6449","FD96FD39AEEDCD5222CD32B016B3E30C463D7A3B66FCE9D2444467003C46B10B"
".venv\Lib\site-packages\pip\_vendor\requests\auth.py","10186","905EF9B6A9CB72D67D31FFE19BD4D9223E1C4169CDE6EC51CFCA16B31E70991D"
".venv\Lib\site-packages\pip\_vendor\requests\certs.py","441","9070E590AFDB7AE1D778C3DCE63B5ADB0825F2074A7945ADE5FDA74C356BBEDF"
".venv\Lib\site-packages\pip\_vendor\requests\compat.py","1822","41F6E67531626738D21CC5E232B7788E809153A45A6ED43DCC870FA1568722EB"
".venv\Lib\site-packages\pip\_vendor\requests\cookies.py","18590","6CD8BE8AA123E0D3D9D34FA86FEAC7BF392F39BCCDDE5129830DE0EA9692DD7C"
".venv\Lib\site-packages\pip\_vendor\requests\exceptions.py","4272","0F5C2ACD85A77B5992DAB538DED3FD09E3751BB400CBB7AA2FDA3582877A123C"
".venv\Lib\site-packages\pip\_vendor\requests\help.py","3813","85129A7FDBB41BB7DDC2BA8C1ED177A06D7A44A92D45FE8A8B0B52AB6168D7FD"
".venv\Lib\site-packages\pip\_vendor\requests\hooks.py","733","0A2BB2B221C0DFD57951F702057148C7CDC8AC3A6EC1F37D45C4D482FDBC7ED4"
".venv\Lib\site-packages\pip\_vendor\requests\LICENSE","10142","09E8A9BCEC8067104652C168685AB0931E7868F9C8284B66F5AE6EDAE5F1130B"
".venv\Lib\site-packages\pip\_vendor\requests\models.py","35575","B5A963960EAF2786FEC4CBB64DA30D14591A8B031EC7F56C110EAA513377C336"
".venv\Lib\site-packages\pip\_vendor\requests\packages.py","1057","FD94030894C9F123F79155AE9D2A81B1164D3F38F673558556A6DDAF4F29CF75"
".venv\Lib\site-packages\pip\_vendor\requests\sessions.py","30503","0A5D5DA449CE7F0AF3CCF6E4BBE7A67A935E37846DFF4FF9F08CB6C7E2464E6F"
".venv\Lib\site-packages\pip\_vendor\requests\status_codes.py","4322","889500780DB96DA4DDC3EE8F7C3D1E178AA1A48343251248FB268CAB1B382C42"
".venv\Lib\site-packages\pip\_vendor\requests\structures.py","2912","F886E6855CF4E92FB968F499B94B6167AFBA0FD5CE8D1B935C739A6D8D38D573"
".venv\Lib\site-packages\pip\_vendor\requests\utils.py","33225","592DF01D241A6847DC7AED6CCA2168E637F87BF0962944DEA7F21A6CE548FC9D"
".venv\Lib\site-packages\pip\_vendor\requests\__pycache__\__init__.cpython-313.pyc","5269","C087AE262873FC28144AA94F83380F1003F7E3C50C84F04F84F0D8BAC9D937B7"
".venv\Lib\site-packages\pip\_vendor\requests\__pycache__\__version__.cpython-313.pyc","578","62F1108DE4333F4F91E005CE591364BA6375B4FBAEF52F9D01A9651195B84CED"
".venv\Lib\site-packages\pip\_vendor\requests\__pycache__\_internal_utils.cpython-313.pyc","2012","39AF56C59BB876B7B7EA9A5E4023B2B5263E47151CDAA34DF5F3ADCF822C809D"
".venv\Lib\site-packages\pip\_vendor\requests\__pycache__\adapters.cpython-313.pyc","26889","2F3B7CD52E4949C032A76EAF00F7802D276C27F2147F0559E5DD3A2F8ABA9EF5"
".venv\Lib\site-packages\pip\_vendor\requests\__pycache__\api.cpython-313.pyc","6864","BBAB260788C0573BBBC7DEECD3A0E16723823202766F65F3280E821D087C6C3F"
".venv\Lib\site-packages\pip\_vendor\requests\__pycache__\auth.cpython-313.pyc","14226","640D3EC0189DCED5877ACBD3332C71A39B543A2959901CB37E96FBCF0992DA5C"
".venv\Lib\site-packages\pip\_vendor\requests\__pycache__\certs.cpython-313.pyc","674","5F014948E725F86BB22C6A474B2E61F1915BAA25725D89F1AC449464F9640590"
".venv\Lib\site-packages\pip\_vendor\requests\__pycache__\compat.cpython-313.pyc","1978","FA0420F96E90188788A6F85EE9D95D65886546406129182BF96C921027DC3B7E"
".venv\Lib\site-packages\pip\_vendor\requests\__pycache__\cookies.cpython-313.pyc","25021","01341CEAD251DE61C637B6CC2E211E8E174553CD69D24EB0F7566E7C3A6A6634"
".venv\Lib\site-packages\pip\_vendor\requests\__pycache__\exceptions.cpython-313.pyc","8017","F055DE72FE82E53932D6802745A51CDB346E038685013BB13F67C79B1E971528"
".venv\Lib\site-packages\pip\_vendor\requests\__pycache__\help.cpython-313.pyc","4255","952ADF8719F1C5B6AEF3DDA0B44210BA782815DC6C7E5A8088E222DC36278DC2"
".venv\Lib\site-packages\pip\_vendor\requests\__pycache__\hooks.cpython-313.pyc","1088","9AABF4970E0A2E9A1F1FC0B4E2447D7AB7AC48AB34B497AC10FFEF2A1238BDA6"
".venv\Lib\site-packages\pip\_vendor\requests\__pycache__\models.cpython-313.pyc","35936","E41CE1B21BAD13CD3DD33E2BD30B84202DBE2FC3D1CF9D36C3DC37ACF010AD91"
".venv\Lib\site-packages\pip\_vendor\requests\__pycache__\packages.cpython-313.pyc","1308","2AAF4B48A6160E76E9F79AA7B705372B1CC96F62046054D9E07819B69EA8F0BE"
".venv\Lib\site-packages\pip\_vendor\requests\__pycache__\sessions.cpython-313.pyc","27388","855DCD75649A26EC46F8F636469CC2737B7006605D27C01C969336FA5F570626"
".venv\Lib\site-packages\pip\_vendor\requests\__pycache__\status_codes.cpython-313.pyc","6038","E1447E921ED92F9BDCAE39AAAC110656D72722A7DD4C1FBE2D866B0261563827"
".venv\Lib\site-packages\pip\_vendor\requests\__pycache__\structures.cpython-313.pyc","5641","25C20F89067A8836FB948D5D028F4B1C09116C5043A73BCE3413DDF0E0E48D95"
".venv\Lib\site-packages\pip\_vendor\requests\__pycache__\utils.cpython-313.pyc","36259","15DE19C772E7EE8B7D01CD3C497F55C2E74C3AC0F812D93527AAB1865C03F15A"
".venv\Lib\site-packages\pip\_vendor\resolvelib\__init__.py","541","CA85FE778493BF01860A24111397090BD0AD7ABEBD4A0560A82971382BD23FB3"
".venv\Lib\site-packages\pip\_vendor\resolvelib\LICENSE","751","F388FD38CAD13112C1DC0F669BBE80E7F84541EDBAFB72F3030D2CA7642C3C9D"
".venv\Lib\site-packages\pip\_vendor\resolvelib\providers.py","8914","A485896C874927D185B4D6EDC131F421AE37563EA16021098F60CE2EE7B5E453"
".venv\Lib\site-packages\pip\_vendor\resolvelib\py.typed","0","E3B0C44298FC1C149AFBF4C8996FB92427AE41E4649B934CA495991B7852B855"
".venv\Lib\site-packages\pip\_vendor\resolvelib\reporters.py","2037","A4D25FE271712E901E2B1941522D86123D1AD888F59E2918D1469B4CA5DEB13E"
".venv\Lib\site-packages\pip\_vendor\resolvelib\structs.py","6420","A6EF84262476201213AF649078D3D16B4AD7863952B5F98EFC6120021AF7D34E"
".venv\Lib\site-packages\pip\_vendor\resolvelib\resolvers\__init__.py","640","EF6F0CDC4BE69CF6D55D2EC4C5796FDA432EE9BEF012CA0FBAD11F97EB9593F2"
".venv\Lib\site-packages\pip\_vendor\resolvelib\resolvers\abstract.py","1543","08D7903E7A40B9D63BEE79B33A438D4A6020465CC87F4E97F97F66BD160E0E6B"
".venv\Lib\site-packages\pip\_vendor\resolvelib\resolvers\criterion.py","1768","95C9991AFE6C2873A7143FD1CD9C2F9464A3D7D31E03EE6B08CA5D7F64A0C3B6"
".venv\Lib\site-packages\pip\_vendor\resolvelib\resolvers\exceptions.py","1768","967FE3690B602E545448563ADBBCA21C6DA00FB020697CD129A12515587B7C34"
".venv\Lib\site-packages\pip\_vendor\resolvelib\resolvers\resolution.py","24212","DC9FF3916FAC0F7118F8194D5E3CA59FFFE78E9C87E67D146494FAB95EC285E0"
".venv\Lib\site-packages\pip\_vendor\resolvelib\resolvers\__pycache__\__init__.cpython-313.pyc","733","97C03285076ABB12E519B8A4E2E1ABA097D6E45ED2B4099C93CECCC7945BFBD3"
".venv\Lib\site-packages\pip\_vendor\resolvelib\resolvers\__pycache__\abstract.cpython-313.pyc","2473","945A3BD754AADA5AF656ED0358536A3C36378C333D8E814427694284004C205D"
".venv\Lib\site-packages\pip\_vendor\resolvelib\resolvers\__pycache__\criterion.cpython-313.pyc","3291","7200CE61160841A9A0749637F121C5163575182C7F34AD4F76FC1ED7EC0AD279"
".venv\Lib\site-packages\pip\_vendor\resolvelib\resolvers\__pycache__\exceptions.cpython-313.pyc","4285","85A8B80791124116FF9FFE548738D689674A745A620D54951987DE9667B360F3"
".venv\Lib\site-packages\pip\_vendor\resolvelib\resolvers\__pycache__\resolution.cpython-313.pyc","25101","3D8D47461053C40C5D7D00E1FD76AD8599E47E601FA8673502F2AF575675CF59"
".venv\Lib\site-packages\pip\_vendor\resolvelib\__pycache__\__init__.cpython-313.pyc","628","A186214D5FE4A220355B1E352D9695843D93F99AE58D906AD1365CFB855A3638"
".venv\Lib\site-packages\pip\_vendor\resolvelib\__pycache__\providers.cpython-313.pyc","9354","8462C8A1746E907F1EBE3A9E78E2253A74840095B57B7532349CD463BF116E6F"
".venv\Lib\site-packages\pip\_vendor\resolvelib\__pycache__\reporters.cpython-313.pyc","3263","DFAA613778DC1101B490E8AF22F7DD9A3CC1691AD7B7F528F4C54DC42D719F69"
".venv\Lib\site-packages\pip\_vendor\resolvelib\__pycache__\structs.cpython-313.pyc","12753","46AF321C2D9F772CD900E789A85572E611A238EDF1AA3DDDD46C2B3DE9D8F366"
".venv\Lib\site-packages\pip\_vendor\rich\__init__.py","6090","751C6320BF926C5558D2ADC88D232B7E00531EB9B52D90E02CECA0541C226197"
".venv\Lib\site-packages\pip\_vendor\rich\__main__.py","7896","7BF6950BEB43CDAAD6416F52B9932E0A006BE8E0D5FE20CD5765A1DB19313A5C"
".venv\Lib\site-packages\pip\_vendor\rich\_cell_widths.py","10209","7DB99EC9EB447478F313F571DA5D6E2BBB673CE84CB365F59497CEDEFB0A0E90"
".venv\Lib\site-packages\pip\_vendor\rich\_emoji_codes.py","140235","86ED552FD9DB55DA6926B5688A356C85195C4517BFBF7763BB7326776B0A65D6"
".venv\Lib\site-packages\pip\_vendor\rich\_emoji_replace.py","1064","9FE91C7ADB04531D99526850ADF78C35CFAD79E1A1A6E490E45F153C1B32BC3A"
".venv\Lib\site-packages\pip\_vendor\rich\_export_format.py","2128","448D3CA52AE6E6D052CCF32F9DB4EA6C3F5621A95A3A837977833545398BAB56"
".venv\Lib\site-packages\pip\_vendor\rich\_extension.py","265","5EDE3B41A7022B062BBB38C38BE80E06AEF6E0945E0E3F429BDC548B97EBFB7E"
".venv\Lib\site-packages\pip\_vendor\rich\_fileno.py","799","1D66713F90B66A331B1EBCAF01066C79F9557D0A06CEC28E1F3286B0B0FCCA74"
".venv\Lib\site-packages\pip\_vendor\rich\_inspect.py","9656","44E4F43CB0B618C5A26A559992A2488E662AEC83518A34109284A89164DA0222"
".venv\Lib\site-packages\pip\_vendor\rich\_log_render.py","3225","D41C88D0F035669C5963708624E2B9E218E5AB85FE073FDBA088C8A8277C2A7B"
".venv\Lib\site-packages\pip\_vendor\rich\_loop.py","1236","855FFA08B7683E6D2F6B6D96A70E332AA334458B33DD36715E3D0FA12FBD7834"
".venv\Lib\site-packages\pip\_vendor\rich\_null_file.py","1394","00318AA75CADFA4EF414C295EAD9EA0AA79C07EAD2273A7E590B03ECB3CBFA48"
".venv\Lib\site-packages\pip\_vendor\rich\_palettes.py","7063","71D7AFD4940A67426F960B95F62A478339D3767BE52335050C16F422DD8FCE32"
".venv\Lib\site-packages\pip\_vendor\rich\_pick.py","423","7AF0EDF10378945E428B0AD421794E2429ED8AD0423AC23764B3C42005512C95"
".venv\Lib\site-packages\pip\_vendor\rich\_ratio.py","5325","20EB65EFCB1009866C987CB185EE3992B91BEBCBBDC55CFBCC5B175490FE6F66"
".venv\Lib\site-packages\pip\_vendor\rich\_spinners.py","19919","536AF5FE0FF5CD28EC8E251D00449CDA200C7378B8AE2FD2F0F60FEA4439CF52"
".venv\Lib\site-packages\pip\_vendor\rich\_stack.py","351","F82F0E2BBAF19F7B0851D570C59041A5E1E12335F4788F9533731E9987DA5E6D"
".venv\Lib\site-packages\pip\_vendor\rich\_timer.py","417","CDE9716D3EA83C566736BC163E973592D51E013F957387EE15C4592D018BB4C2"
".venv\Lib\site-packages\pip\_vendor\rich\_win32_console.py","22755","05268344833004B2139FF9B499344B3EA304E6AFAAB8675232E60CA587982707"
".venv\Lib\site-packages\pip\_vendor\rich\_windows_renderer.py","2783","B7BE192F7C6E0C23F79E64E9F691F52F92E223671A909B9045095E1C225EAE59"
".venv\Lib\site-packages\pip\_vendor\rich\_windows.py","1925","681C1A0FF4B9E926E0A2922F6B2566A64D18DBCBB06360B905A6F5C25DC1A7E2"
".venv\Lib\site-packages\pip\_vendor\rich\_wrap.py","3404","1654ACA26E445F42D5900DCA5B2DF8C879C27CBB6A5FE6487A95CA87EEF4AE97"
".venv\Lib\site-packages\pip\_vendor\rich\abc.py","890","38DF84F99A924A1799F3C56B297D8CDCF5E915B18451464F31AFC07F497EE1FD"
".venv\Lib\site-packages\pip\_vendor\rich\align.py","10324","760FBBB98D2E90C2CB95412C04344BBDADB6FEC4202090F804AD1D9991C51EE8"
".venv\Lib\site-packages\pip\_vendor\rich\ansi.py","6921","02FB352C76D275CC8EBC339DA442D952850B7018987B063BE9E341A7AB85061B"
".venv\Lib\site-packages\pip\_vendor\rich\bar.py","3263","95D6D51CECCA24E9DF95536EBF5C52EE0E9D2D7D84DF03275E474F6E9CC94DCB"
".venv\Lib\site-packages\pip\_vendor\rich\box.py","10686","9266AF05CFDD9FBDCBFE0FFCBF1592C18243DAECC15CE5054ED24E7E96DCCDC3"
".venv\Lib\site-packages\pip\_vendor\rich\cells.py","5130","2AB4248F9F8B821082A492D23502320198E775CE1B9C4A8E1268B962E67D5026"
".venv\Lib\site-packages\pip\_vendor\rich\color_triplet.py","1054","DE585091D25BBD63E82C33BE0276089805A626F579765818342559F7B39168DE"
".venv\Lib\site-packages\pip\_vendor\rich\color.py","18211","DC74942D50E3EEA4245D47455AFEFC24E8926737F2E72D6791C6219DADBDE95D"
".venv\Lib\site-packages\pip\_vendor\rich\columns.py","7131","1D45F429C326F5DB0A362D757D36E233F876883B65F3248269573195A944CEAF"
".venv\Lib\site-packages\pip\_vendor\rich\console.py","100849","B7D6B366999131553972985505949284DB26071776F880167134E5868AFE135B"
".venv\Lib\site-packages\pip\_vendor\rich\constrain.py","1288","D5520FB82F0082D296ADC9DC42B8C1758A80DC9556CACBBA8D9A35AEB87B73B4"
".venv\Lib\site-packages\pip\_vendor\rich\containers.py","5502","73FE7A4F171E74662A0DEA4704C4EE65D5088A38AD010827A31F9075ED19D6AA"
".venv\Lib\site-packages\pip\_vendor\rich\control.py","6487","1144D25052D06F163A666A3FB1D33EE4BB37DB7BC81D305F37C4CFBA5A9E1D46"
".venv\Lib\site-packages\pip\_vendor\rich\default_styles.py","8257","921405AAA6A80ECDDBA6B32A5A91F0F273B95291B60CDE90B6E4DDE8BCD9C187"
".venv\Lib\site-packages\pip\_vendor\rich\diagnose.py","1025","7C99754C8B519F5F601B0A2EA9383EF333D45B762A401A8696DADF3D0B351FDC"
".venv\Lib\site-packages\pip\_vendor\rich\emoji.py","2367","59DE1B42E6D9752CBAF8FCAB45036E307B67D959258CAF6E3D93D596ED9C9B1D"
".venv\Lib\site-packages\pip\_vendor\rich\errors.py","642","E693F729CE5DE1027F734285B31ADFCA18E23D57BB275CCEA9215B140CDC57E6"
".venv\Lib\site-packages\pip\_vendor\rich\file_proxy.py","1683","4E5F531CC0D9F8F9395A6F2C23580683F5390E1BAC9B10FE159D1F51B714D16D"
".venv\Lib\site-packages\pip\_vendor\rich\filesize.py","2484","FE2CFD948A5182F5BB30D49E0999CB83E1F0CDB3F81844E0E78DD6A83F1216CD"
".venv\Lib\site-packages\pip\_vendor\rich\highlighter.py","9586","1BFB27FBC0CA8CCD6C1232C6FE8738A2F9169A25295AF8FC6D78B4C9E7762E76"
".venv\Lib\site-packages\pip\_vendor\rich\json.py","5031","BD512829D6B0A094630056B23F05E43013CBCBB4524ECF9FE38C124034769C9D"
".venv\Lib\site-packages\pip\_vendor\rich\jupyter.py","3252","432A0AA04FFC21D09BAED8921E9F53B1348DC931D8D053B9C2113B8CE4DDF541"
".venv\Lib\site-packages\pip\_vendor\rich\layout.py","14004","6A3912140B4456FF44153705B3EC38B997DFB7B9C45E13732FB655760AD3E6B2"
".venv\Lib\site-packages\pip\_vendor\rich\LICENSE","1056","DEED7C17A4318158190A3EA239CC879A5A50271CEBB98AE7025F48FBE58DCA15"
".venv\Lib\site-packages\pip\_vendor\rich\live_render.py","3521","22DFF7F58773AC19BCA372CBD24686A2B3C583E05F65601CAC18CB8C5A246F1E"
".venv\Lib\site-packages\pip\_vendor\rich\live.py","15180","B45DEE90000967F37665B19C96A67E8B02E822867C7F41C7533EFD8C0C89AA3F"
".venv\Lib\site-packages\pip\_vendor\rich\logging.py","12468","E4A68F3D230FF45C5C5CF05C28CE1C19DFF35BBF0F3207FE61B3159EF7D2C34A"
".venv\Lib\site-packages\pip\_vendor\rich\markup.py","8451","DDEB8628FE6CE353424306928D39C9C6EB398993078F1A483345BA7C2C6B6B7F"
".venv\Lib\site-packages\pip\_vendor\rich\measure.py","5305","1E6AC8257F2C5914C76E087C33111ACBFF37564A8D5BFEF4B3C68A3F965C608F"
".venv\Lib\site-packages\pip\_vendor\rich\padding.py","4908","295108DED3B0A3DB202B560D4AE1FFFCCD7F8D45A62D9C11555FCA98EB55CF23"
".venv\Lib\site-packages\pip\_vendor\rich\pager.py","828","48EFC44C114A6E0DE7FC080ECD79B8D52BF7E98C57032237FD1F8A398DBFB927"
".venv\Lib\site-packages\pip\_vendor\rich\palette.py","3396","9489EF4753830D3D9FDD464C7CBD60AEAEDD63FA4374A1F0E1B75480E19A3386"
".venv\Lib\site-packages\pip\_vendor\rich\panel.py","11157","F6C425D3484F22A1F91B68002D0A3835EA45C293F493DC13FACFE03A6B39A487"
".venv\Lib\site-packages\pip\_vendor\rich\pretty.py","36391","832DD2EF6BB8151836CADA28ECDD590D60C8BC1E2E9DBCDDE625067609BEF1F7"
".venv\Lib\site-packages\pip\_vendor\rich\progress_bar.py","8162","9994CFA4953071F71D8100934F3DE4C98F9F73BF5D74BC2DC7A1A18717E8D3AE"
".venv\Lib\site-packages\pip\_vendor\rich\progress.py","60408","09473696453E5F9F6655D19F8CC0819197A218F2F7BB174E36384D245D93EF06"
".venv\Lib\site-packages\pip\_vendor\rich\prompt.py","12447","974461414FB45154D5F5ED3CC56D416C88F426AD885F20A15F8942D2514DCEDE"
".venv\Lib\site-packages\pip\_vendor\rich\protocol.py","1391","E611C70C3347724764F22587E7311B8BECEE215485E616D4DA3228E3B47B9531"
".venv\Lib\site-packages\pip\_vendor\rich\py.typed","0","E3B0C44298FC1C149AFBF4C8996FB92427AE41E4649B934CA495991B7852B855"
".venv\Lib\site-packages\pip\_vendor\rich\region.py","166","ACD4FDC59AD56536085D90B43589F8D42250C1835B47E29E70F3B14E042F07C6"
".venv\Lib\site-packages\pip\_vendor\rich\repr.py","4431","E4C64966638D802EA4B9DF905BEFE6D68917C0BD9A47ABBACBEA54714089CF6F"
".venv\Lib\site-packages\pip\_vendor\rich\rule.py","4602","D1F35A4BF68445ADD43117374F958CA4DFECBA6B43C5F6A8AF6CB7A1FD5FB419"
".venv\Lib\site-packages\pip\_vendor\rich\scope.py","2843","4CC514F2AA35EED872A9008FAA30CB62983F514D64E6A55DF96C2226F9C955AB"
".venv\Lib\site-packages\pip\_vendor\rich\screen.py","1591","628791784494871EF882BA9BD264926FD960861CAC5A6147621B1B3154235CEF"
".venv\Lib\site-packages\pip\_vendor\rich\segment.py","24743","A2D9CA78A18457E591950568B1F2557850DC0F100A1E9BC9FE12F34AEE65BA63"
".venv\Lib\site-packages\pip\_vendor\rich\spinner.py","4214","A27221A4A9658D11E9A5365AB313BC91782D632087524A5280A825449DE8E758"
".venv\Lib\site-packages\pip\_vendor\rich\status.py","4424","9243E987761E019068F97FB8C0FA7C813A99C94E3AE8D2F06410383D94D37B0A"
".venv\Lib\site-packages\pip\_vendor\rich\style.py","26990","5BD09CCBC3F2F253480AD95F729FABCB3313B90686C405376AFEFE8397C7BB4B"
".venv\Lib\site-packages\pip\_vendor\rich\styled.py","1258","799367CC6AC8E248BFE78A606373A3D13FB1DE5C5D5D3621E3FAF20C1DB8C015"
".venv\Lib\site-packages\pip\_vendor\rich\syntax.py","36371","78328847097EF9E6742F0A3675AD9146D7EEB5719ABEB24EEB50A5E4E912E7D5"
".venv\Lib\site-packages\pip\_vendor\rich\table.py","40049","6664FB57B30C08E60AC3B4C663D4992F26037FA25D33E5957F4EC5755B958532"
".venv\Lib\site-packages\pip\_vendor\rich\terminal_theme.py","3370","D63E7EB9F25F9EF940A3942C8BF0026625C39B0317CEA826141C8E6D3F7EC896"
".venv\Lib\site-packages\pip\_vendor\rich\text.py","47552","00EEC93C2CFAFA068DD6D8552D73019ED1260CF55816014D1B5A0CEB5FEC6A75"
".venv\Lib\site-packages\pip\_vendor\rich\theme.py","3771","A0DCA15E119A82D0E56C3C9EDED56EDDEB16396934BCD92EC45C3EFEE9E568AD"
".venv\Lib\site-packages\pip\_vendor\rich\themes.py","102","D318132E8CDF69B79B62D709B43742E50917E4855411ABE2A83509261E185459"
".venv\Lib\site-packages\pip\_vendor\rich\traceback.py","35861","7345A607F2F4E3F51F65B2DAA07F7CDBF53FB3B7A8B3128C5220159833DD4585"
".venv\Lib\site-packages\pip\_vendor\rich\tree.py","9451","C969D0EAB02F446277A991AA06BC52D925B64CA05336B3F449D63C4313853EEC"
".venv\Lib\site-packages\pip\_vendor\rich\__pycache__\__init__.cpython-313.pyc","6868","95C0BF7B59E1E63E1AB4D6750BAE3CB567B8E1BC96DF354A12BBA94A6DA03C5A"
".venv\Lib\site-packages\pip\_vendor\rich\__pycache__\__main__.cpython-313.pyc","9457","D72DDD8D76AFDBB1C16CE495EAB620C2B246ACBC1E456C3FDE5F7418FF982D55"
".venv\Lib\site-packages\pip\_vendor\rich\__pycache__\_cell_widths.cpython-313.pyc","7866","2133EEC35C811262C83E9D69638D94D3545D79F6618EBB1E36D3EE721D876F75"
".venv\Lib\site-packages\pip\_vendor\rich\__pycache__\_emoji_codes.cpython-313.pyc","205970","1C8A645C3CE122CD49632DDFD3592D7F6808ABE09793D878C2CE328C575E52A4"
".venv\Lib\site-packages\pip\_vendor\rich\__pycache__\_emoji_replace.cpython-313.pyc","1738","F1B64A19EB898B0A90576D4710267B7865B356AE4EEEAF6E30FAD9551C86C586"
".venv\Lib\site-packages\pip\_vendor\rich\__pycache__\_export_format.cpython-313.pyc","2343","6623D942DBF40D108FD874DB3421638B928107D8342CEA0E7858996996FECE35"
".venv\Lib\site-packages\pip\_vendor\rich\__pycache__\_extension.cpython-313.pyc","533","F190829E2E21754F5028B753878E947C457E325871F8045EC8E06F94336B8617"
".venv\Lib\site-packages\pip\_vendor\rich\__pycache__\_fileno.cpython-313.pyc","835","69352A53A21E16B03145E518456F1C5D0B500FF8A731AD0FBBD47DB1457E3934"
".venv\Lib\site-packages\pip\_vendor\rich\__pycache__\_inspect.cpython-313.pyc","12290","4A2E0E8064E54FB26BC04903931D47332AE0F3A3B8B5A6843B0B435258FC4760"
".venv\Lib\site-packages\pip\_vendor\rich\__pycache__\_log_render.cpython-313.pyc","4319","BDD66D4365248472811683487CE93E9EB8BE760873C4E5E91A35FCE0BB30DC3E"
".venv\Lib\site-packages\pip\_vendor\rich\__pycache__\_loop.cpython-313.pyc","1894","6A8C101FB3FAB47A08F5FD65856764783AB06560FE22B56DFE3F0D65396A98FF"
".venv\Lib\site-packages\pip\_vendor\rich\__pycache__\_null_file.cpython-313.pyc","3729","04753D3D5EF9D53EA63F72D20AFFBF053F011E6A38E029BED07F621B52D33C0D"
".venv\Lib\site-packages\pip\_vendor\rich\__pycache__\_palettes.cpython-313.pyc","5154","D0843CE1C36C413E1CE3B6B5ACE12F459A58E425F0117093EC7E7EB8FB09C752"
".venv\Lib\site-packages\pip\_vendor\rich\__pycache__\_pick.cpython-313.pyc","713","90464A52EA99FC4458F3E925CC85AA1DDFE6629620A66D0553A84C9F41086D4C"
".venv\Lib\site-packages\pip\_vendor\rich\__pycache__\_ratio.cpython-313.pyc","6445","96B134063B2FD4BC00CA2A99207F062658AF59372EBB0E41CD7FF295F5FE98D4"
".venv\Lib\site-packages\pip\_vendor\rich\__pycache__\_spinners.cpython-313.pyc","13173","A79466AA7B3113EDD5454C5DB0879E4094DDBA4895474B06CB151B88B18A00DD"
".venv\Lib\site-packages\pip\_vendor\rich\__pycache__\_stack.cpython-313.pyc","1021","67A5B4D317A7D15CB654EBEAE5CFCCB29C77CBDBB2252EC3C41C8548F30654E8"
".venv\Lib\site-packages\pip\_vendor\rich\__pycache__\_timer.cpython-313.pyc","862","C2046BBF5721A0B6CD64F4B73C6F066228456ACEA03FEC221AE61D595C487194"
".venv\Lib\site-packages\pip\_vendor\rich\__pycache__\_win32_console.cpython-313.pyc","28333","D88D874B43B49F1AA52F6F2392067641669E14684D7F80FAB5E0A3A553869604"
".venv\Lib\site-packages\pip\_vendor\rich\__pycache__\_windows_renderer.cpython-313.pyc","3607","4500E48816CD8359EB52AF98037CC8CBA76F56A953EC3C5CD7B38046CE4E6186"
".venv\Lib\site-packages\pip\_vendor\rich\__pycache__\_windows.cpython-313.pyc","2560","D58C29CB48AD80FC060A4D537EC20B294FD8B0E3F2D9D0D9FC17470EDA4A40F1"
".venv\Lib\site-packages\pip\_vendor\rich\__pycache__\_wrap.cpython-313.pyc","3319","0B4465AD4E87E9B1DDDDD4C543E9092F84A235654405D075E3C750470210FEDD"
".venv\Lib\site-packages\pip\_vendor\rich\__pycache__\abc.cpython-313.pyc","1682","442528405E386989292F83B9958CDE985D9BB1B65BDEB5346BF3994DEE11C0C9"
".venv\Lib\site-packages\pip\_vendor\rich\__pycache__\align.cpython-313.pyc","12417","EF47EB90B52289A236054E126CC2F9A9BDE5CEC19E60550739E862F6CF2097CC"
".venv\Lib\site-packages\pip\_vendor\rich\__pycache__\ansi.cpython-313.pyc","9254","106766B9FEB768BFAE85960C0477B40738855E4BB8E55E875987A9239216C87F"
".venv\Lib\site-packages\pip\_vendor\rich\__pycache__\bar.cpython-313.pyc","4327","75EC600581503EA956C6EB96F1553921B7108437F637B39D74FD903BF61511B0"
".venv\Lib\site-packages\pip\_vendor\rich\__pycache__\box.cpython-313.pyc","11667","7B895C1BBEB1A4BF0A03A7750F26991705308D2E963989F4E84F20F5CE02D0DE"
".venv\Lib\site-packages\pip\_vendor\rich\__pycache__\cells.cpython-313.pyc","5497","1CE51E8A4A1DD9AA04B73FA02663B5090A61FB882E1C06C875F664596E0003FE"
".venv\Lib\site-packages\pip\_vendor\rich\__pycache__\color_triplet.cpython-313.pyc","1699","8AF7DCBD2C21E84E957F3CBCB6A1B7DF5A711BF998B45DD870FBBE702DA212A6"
".venv\Lib\site-packages\pip\_vendor\rich\__pycache__\color.cpython-313.pyc","26524","B08466D25578ABC6E692DFE5BCEC19506BBDDE59372F47BA52FCAD51B8CD400D"
".venv\Lib\site-packages\pip\_vendor\rich\__pycache__\columns.cpython-313.pyc","8710","68DDBAC31E342492F56F71DA34DC586CE1FB50EAF48E6E5AD1C74B6E14A81022"
".venv\Lib\site-packages\pip\_vendor\rich\__pycache__\console.cpython-313.pyc","114217","3276B78B4CFA5C81A2215D1EB307824AD6CF08595BB22D94549B79883567CD8E"
".venv\Lib\site-packages\pip\_vendor\rich\__pycache__\constrain.cpython-313.pyc","2305","148E4E61BA24588D2A3B7D7B923F35F8FBD7F3C6A6601FB34896782E4EA0ACC5"
".venv\Lib\site-packages\pip\_vendor\rich\__pycache__\containers.cpython-313.pyc","9248","F51630FA278271818098852234CEF2F59BC421D1D0A4E7672A30F5FFA0B6417D"
".venv\Lib\site-packages\pip\_vendor\rich\__pycache__\control.cpython-313.pyc","10760","BFA97CB2AEB1192D6CEABA8E308157E680A70C69D72F58123254174C342228DB"
".venv\Lib\site-packages\pip\_vendor\rich\__pycache__\default_styles.cpython-313.pyc","9689","CB554E3D97CBBAE0C74DDAFF1033ABB0728CC0562135C34B1DCC488380BA4499"
".venv\Lib\site-packages\pip\_vendor\rich\__pycache__\diagnose.cpython-313.pyc","1521","44D52A5F1BAFE3E86B3E000BC5F6EA65FD919DF1C1B790DCEAA5AC06B9415170"
".venv\Lib\site-packages\pip\_vendor\rich\__pycache__\emoji.cpython-313.pyc","4111","0CC629093477B49B4FE374F89C04A53FE393E7B794D1653A098325CB3F2C6A20"
".venv\Lib\site-packages\pip\_vendor\rich\__pycache__\errors.cpython-313.pyc","2041","99D1D0E81915C5A0E9009F2C18BA86587043FFC4B43A7FCE10630AE97C4953EA"
".venv\Lib\site-packages\pip\_vendor\rich\__pycache__\file_proxy.cpython-313.pyc","3701","D1E3C0A52F534D75D91602A302459ABFC159E44C9AC66B4131BCCA08661B0F78"
".venv\Lib\site-packages\pip\_vendor\rich\__pycache__\filesize.cpython-313.pyc","2951","136BA84E64785D68C37ECBB9D740F230AD409DF768DFD76BA9E819A96C883482"
".venv\Lib\site-packages\pip\_vendor\rich\__pycache__\highlighter.cpython-313.pyc","9971","7A3776E5CFF0B08498AC31DB2EF8BBA63AFE1BE7577035668A6DCDBE84C0E601"
".venv\Lib\site-packages\pip\_vendor\rich\__pycache__\json.cpython-313.pyc","5912","2356E22685606E5877A5D4EFB4D06497C2235D9C6824215288D6E923C9729F8D"
".venv\Lib\site-packages\pip\_vendor\rich\__pycache__\jupyter.cpython-313.pyc","5384","96D2DA3CA7FB427C9A23E0AEA3B25F02565AB3203A8EBD9D8B7EFC731486C0DC"
".venv\Lib\site-packages\pip\_vendor\rich\__pycache__\layout.cpython-313.pyc","20167","A6CB2FEC05201F654DED9B111275876547106E890B8588DBAC9227FA901035C5"
".venv\Lib\site-packages\pip\_vendor\rich\__pycache__\live_render.cpython-313.pyc","4717","D35BC2CE46D5E4D033ADE00839BF5380D831BD00F418AC598B0EAE8514A24967"
".venv\Lib\site-packages\pip\_vendor\rich\__pycache__\live.cpython-313.pyc","20694","58ADD011C13A8A79E1DFFD6B9DB14685C408B842F94B1E65D5E2A180869E1881"
".venv\Lib\site-packages\pip\_vendor\rich\__pycache__\logging.cpython-313.pyc","14023","DBDF9641388BFF1A70C4B061A73C01E1551DC96E3B39188B5ABFB9DAE1591D06"
".venv\Lib\site-packages\pip\_vendor\rich\__pycache__\markup.cpython-313.pyc","9715","EA39E1FFF4F8A8A7D80CE5356ABDEA870A0240027C8164BF25BFE8B1A7B7CD42"
".venv\Lib\site-packages\pip\_vendor\rich\__pycache__\measure.cpython-313.pyc","6192","64743A406DBEC36198E46A1AA608CDAC0273D32ECD0F688DF7896E5384B8862F"
".venv\Lib\site-packages\pip\_vendor\rich\__pycache__\padding.cpython-313.pyc","6939","2D756EDA7C99168DCA46988B756F12A7F0038081F755F089563CB0A4A8C8A57A"
".venv\Lib\site-packages\pip\_vendor\rich\__pycache__\pager.cpython-313.pyc","1879","9FE1DB816F578AFE62E4EEC4474F41AA2346FDB3174DC7F42863DE253FFDA61B"
".venv\Lib\site-packages\pip\_vendor\rich\__pycache__\palette.cpython-313.pyc","5306","BCD755AEA8E0ADE4166156DE843564A4C59459906111DD5ED937760D8DD8D0E2"
".venv\Lib\site-packages\pip\_vendor\rich\__pycache__\panel.cpython-313.pyc","12699","74F651F700A423727D1C1F8452D35894FC0849E01C34152444330EBAA89861C7"
".venv\Lib\site-packages\pip\_vendor\rich\__pycache__\pretty.cpython-313.pyc","41278","49B8B8F4B226CEE7BD284A47BDBB9E4FEDCBD7CB2464C2927929E24777F188CF"
".venv\Lib\site-packages\pip\_vendor\rich\__pycache__\progress_bar.cpython-313.pyc","10443","C1745727D105A5851E10FF041BFAFF463BD615562C061BDA576C3F45EDF43529"
".venv\Lib\site-packages\pip\_vendor\rich\__pycache__\progress.cpython-313.pyc","74682","695346B92165A33E50998DB21E0EB8CFD10CAAA08B091C78EBF105C26CCAA823"
".venv\Lib\site-packages\pip\_vendor\rich\__pycache__\prompt.cpython-313.pyc","15802","FD731D7F1AF8A316A8C58D9A40A5E79099158BC6AD5CC4F6D600894B6DE04945"
".venv\Lib\site-packages\pip\_vendor\rich\__pycache__\protocol.cpython-313.pyc","1862","911E62226C230944EB6E4BB946DA4B2958089AF9774EBD948279504ED199A4F8"
".venv\Lib\site-packages\pip\_vendor\rich\__pycache__\region.cpython-313.pyc","619","78D8615BA280C73AC97CD3C3DDF7E95378D28BE9F3824123CACF96CDC35B4880"
".venv\Lib\site-packages\pip\_vendor\rich\__pycache__\repr.cpython-313.pyc","6739","4962720B9B48F6069699DC3F4BDC18FE23FBA4A1265F55F5936CEA6004221656"
".venv\Lib\site-packages\pip\_vendor\rich\__pycache__\rule.cpython-313.pyc","6613","B036A930E5B06F5D15B42914A04A65670F10DB3B43247A03800CB1C229207498"
".venv\Lib\site-packages\pip\_vendor\rich\__pycache__\scope.cpython-313.pyc","3788","52487D4B5DEE0D85DBC868D7DFE9F283C5CDA82B3051316B485D7D5FB4FD12A7"
".venv\Lib\site-packages\pip\_vendor\rich\__pycache__\screen.cpython-313.pyc","2544","4C0C9905DD8DA13C813DBBFFDC63B71A4EE2491494F80581F83ED192BB61ADD4"
".venv\Lib\site-packages\pip\_vendor\rich\__pycache__\segment.cpython-313.pyc","28270","3C025E040F0C07FA2DDA24A330A2ACA536028E3E7869A62ED464FB4EA2CFDFFB"
".venv\Lib\site-packages\pip\_vendor\rich\__pycache__\spinner.cpython-313.pyc","5994","DEA099D8989A867430656FA7FC4FBF6D0D74C46B6F9DE6705622CCB831B16C95"
".venv\Lib\site-packages\pip\_vendor\rich\__pycache__\status.cpython-313.pyc","6020","2BCC6F0D40F09183557B36459A4FDDE9FB5BBBA51186DCC84D10281877BF1EC6"
".venv\Lib\site-packages\pip\_vendor\rich\__pycache__\style.cpython-313.pyc","34337","5B95A595F24CF2D456F1CF776AF008838C6A4D078EA89D300170CF7F87BE6705"
".venv\Lib\site-packages\pip\_vendor\rich\__pycache__\styled.cpython-313.pyc","2181","6FAF7996BD666008654A35E2D782E85B86A3730DFA3583CEBBF2B981C7716235"
".venv\Lib\site-packages\pip\_vendor\rich\__pycache__\syntax.cpython-313.pyc","40642","7A839E10A1C366F7D6E4013760A3B1849CBB0797FE2EBC0D1E03CB3BD6310AC7"
".venv\Lib\site-packages\pip\_vendor\rich\__pycache__\table.cpython-313.pyc","44328","6B32BFBF71E881ABD95B39FDD8F2A99C3F0D5136D44AD2150D603DD863D8487A"
".venv\Lib\site-packages\pip\_vendor\rich\__pycache__\terminal_theme.cpython-313.pyc","3400","B077174721A2B0953BCFE2266D35C1F3343250C060E4E57EFD4399AC90A79CBB"
".venv\Lib\site-packages\pip\_vendor\rich\__pycache__\text.cpython-313.pyc","60279","3F9B0255EF4C5D18C2F9243E782D9B9296E03098CE0078253B869D9752F79327"
".venv\Lib\site-packages\pip\_vendor\rich\__pycache__\theme.cpython-313.pyc","6316","67DB88D836A88E75683E25C9CB59DC9D5733BD2D4A7917537AECC9F7162016C8"
".venv\Lib\site-packages\pip\_vendor\rich\__pycache__\themes.cpython-313.pyc","308","75C94643828FF7E20DB226064A90078BB6FD10EADA8600F7006A38168D80269F"
".venv\Lib\site-packages\pip\_vendor\rich\__pycache__\traceback.cpython-313.pyc","36557","EBA61626640AC8C46FAEB2F03BE15D081B0799228DAD5A4DC90A45D5BCD83D46"
".venv\Lib\site-packages\pip\_vendor\rich\__pycache__\tree.cpython-313.pyc","11913","5E5F631A16EED2079E70DE07599D11C34F7A2273DB79E0E6B40B9BC0E6EDC437"
".venv\Lib\site-packages\pip\_vendor\tomli\__init__.py","314","AB310697C40786A8103C2B8BCDF2B23C8B87DCA28FB297FE5153DB674A69043E"
".venv\Lib\site-packages\pip\_vendor\tomli\_parser.py","25778","6CEF2D5189A7C80D8AEA6E139DB41B7D4AA6205703BFB986D4AB82F60A915660"
".venv\Lib\site-packages\pip\_vendor\tomli\_re.py","3235","9FCF88A3C64AD54F85EA3CE583B3DA6DCE3484B149B1AC04DAE34B287F70EE25"
".venv\Lib\site-packages\pip\_vendor\tomli\_types.py","254","F864C6D9552A929C7032ACE654EE05EF26CA75D21B027B801D77E65907138B74"
".venv\Lib\site-packages\pip\_vendor\tomli\LICENSE","1072","B80816B0D530B8ACCB4C2211783790984A6E3B61922C2B5EE92F3372AB2742FE"
".venv\Lib\site-packages\pip\_vendor\tomli\py.typed","26","F0F8F2675695A10A5156FB7BD66BAFBAAE6A13E8D315990AF862C792175E6E67"
".venv\Lib\site-packages\pip\_vendor\tomli\__pycache__\__init__.cpython-313.pyc","332","F6FE4CB5D3A63327E835C413EE3B3414E88B1F4DA6DF9D8711E2028AC5FC9E75"
".venv\Lib\site-packages\pip\_vendor\tomli\__pycache__\_parser.cpython-313.pyc","29652","97DF56CEDB59F1E3CA1E345E7A73FF2A9D0A32112ECA207696A740809E49ECFD"
".venv\Lib\site-packages\pip\_vendor\tomli\__pycache__\_re.cpython-313.pyc","4068","D8266439D66289F318F4F51E64943B8840E659CBE1046AE545FADBCACFC80B56"
".venv\Lib\site-packages\pip\_vendor\tomli\__pycache__\_types.cpython-313.pyc","360","6D1E81E387C453E3E8CBCDBC0985D0656967D2ED390B08B05227C7DE0224858D"
".venv\Lib\site-packages\pip\_vendor\tomli_w\__init__.py","169","D05F320ED5F1DD4BA7866F3BE0AAC070FEFAB2BB0CF7CCBB5B21D0C02BA565BA"
".venv\Lib\site-packages\pip\_vendor\tomli_w\_writer.py","6961","76C89F152DB161FD62EFA9A64727F3F72D76E710BB67F1D0F38E592A126C617B"
".venv\Lib\site-packages\pip\_vendor\tomli_w\LICENSE","1072","B80816B0D530B8ACCB4C2211783790984A6E3B61922C2B5EE92F3372AB2742FE"
".venv\Lib\site-packages\pip\_vendor\tomli_w\py.typed","26","F0F8F2675695A10A5156FB7BD66BAFBAAE6A13E8D315990AF862C792175E6E67"
".venv\Lib\site-packages\pip\_vendor\tomli_w\__pycache__\__init__.cpython-313.pyc","321","7BBBD092F644CEDA6B1A219A2A1F07F471DFCAB707103D7BCB34BECF4F2E1815"
".venv\Lib\site-packages\pip\_vendor\tomli_w\__pycache__\_writer.cpython-313.pyc","10778","0EECF8EB5AE6592D8AB8A09351D748F3E4FB60E5EE52306A53972FAC8130D5D5"
".venv\Lib\site-packages\pip\_vendor\truststore\__init__.py","1320","06EEE4AA49A9BA784BB23E710AEF204FFDB992DA0F5DC4A7C1EF151E4D46989A"
".venv\Lib\site-packages\pip\_vendor\truststore\_api.py","11413","0982425790537EDB5961FA98DE6A2F74C044FBC6B3EEE8444FF2D86CA4F6367E"
".venv\Lib\site-packages\pip\_vendor\truststore\_macos.py","20503","9D994B90E9ACCD413483AAF2470055198E423B33F2B9D72C889B4359AACCE4B4"
".venv\Lib\site-packages\pip\_vendor\truststore\_openssl.py","2412","CC1F9242F272764B3BB50D32230ACFE860F77D035249A3E2ABBCF0E321794F8D"
".venv\Lib\site-packages\pip\_vendor\truststore\_ssl_constants.py","1130","3540F87D529D483D36AE2EFE75BD2D9CED15A8B3FD687BB3992B5C5BBB40974F"
".venv\Lib\site-packages\pip\_vendor\truststore\_windows.py","17993","AC01F22980FC33BB7E6D77C6F1580E55ADD3A5F85585BB78AD94253B8E58B8FF"
".venv\Lib\site-packages\pip\_vendor\truststore\LICENSE","1086","33BE7B7E8FA4FD19B1760E1A8ED8A668BDAB852C91B692DD41424BCB725A9FCA"
".venv\Lib\site-packages\pip\_vendor\truststore\py.typed","0","E3B0C44298FC1C149AFBF4C8996FB92427AE41E4649B934CA495991B7852B855"
".venv\Lib\site-packages\pip\_vendor\truststore\__pycache__\__init__.cpython-313.pyc","1482","EB8C1C328C402EE51799FFA8351C8FBEE8E4797E015ED5BFF11F128051A24B03"
".venv\Lib\site-packages\pip\_vendor\truststore\__pycache__\_api.cpython-313.pyc","17548","9A21698F8C90129E792013F976B4528C50CDE6819AE5731EA2412C7188D9DD83"
".venv\Lib\site-packages\pip\_vendor\truststore\__pycache__\_macos.cpython-313.pyc","19295","E708F26D88427A8A141BB22D34617A842DEDDD251E994148E4BCE628E22709E4"
".venv\Lib\site-packages\pip\_vendor\truststore\__pycache__\_openssl.cpython-313.pyc","2333","377011EEA78C27FE8126899FFE1DD09EFE012620CA77F13079BBABB77CEB092D"
".venv\Lib\site-packages\pip\_vendor\truststore\__pycache__\_ssl_constants.cpython-313.pyc","1093","BCC9399C3771D33F1F27011BA282AFE4CCAF9451F84D6A18F84DEF747E2BCF8C"
".venv\Lib\site-packages\pip\_vendor\truststore\__pycache__\_windows.cpython-313.pyc","16239","F5150FDEBC59E930CD77D8E4907E16189BCC34F6858F994295B722D69C2A5B85"
".venv\Lib\site-packages\pip\_vendor\urllib3\__init__.py","3333","8972DC6222724A7D0635B58E3990C30298012F52603F8E0467C8B5EFAD12F0C7"
".venv\Lib\site-packages\pip\_vendor\urllib3\_collections.py","11372","A72012249856EF074EA6A263F50240F05C8645FAFC13CB94521A94BE1174EF6F"
".venv\Lib\site-packages\pip\_vendor\urllib3\_version.py","64","B7DC0607AA283935D782263AE8AD66E81652D422725C7014F04A160D37BA4A19"
".venv\Lib\site-packages\pip\_vendor\urllib3\connection.py","20314","B6D200F74F41ADB4D4CF092A11EFD3CD9561E0938E8FB83AD58B1E8B69ABC068"
".venv\Lib\site-packages\pip\_vendor\urllib3\connectionpool.py","40408","7B67A203035B14D08AC63E1BC0328D2BEC3B1C8752CF73A633153F4C8B7E7AF4"
".venv\Lib\site-packages\pip\_vendor\urllib3\exceptions.py","8217","D0C9E7A372874CD7D745F63BEB7F0DB9F38F9146FA9973A6F8BAA3FB8C76C3C0"
".venv\Lib\site-packages\pip\_vendor\urllib3\fields.py","8579","92F2C30A0FC9987D652E3514118FC52D2F14858EE106F0CFB951136D8F2676B3"
".venv\Lib\site-packages\pip\_vendor\urllib3\filepost.py","2440","E5BFEAAA04475652FBB8BB5D018073061F861E653901F255B7FD8DD174B73DE6"
".venv\Lib\site-packages\pip\_vendor\urllib3\LICENSE.txt","1115","C37BF186E27CF9DBE9619E55EDFE3CEA7B30091CEB3DA63C7DACBE0E6D77907B"
".venv\Lib\site-packages\pip\_vendor\urllib3\poolmanager.py","19990","696CA15D1B4D3B82549C249556A29329077C1174EF526D5537DA60B366DC38DA"
".venv\Lib\site-packages\pip\_vendor\urllib3\request.py","6691","61358536BED023087B1355BD75D7BD2CCEFBBF65564C9E55EFC5EE4D3C3B0F50"
".venv\Lib\site-packages\pip\_vendor\urllib3\response.py","30641","7E60C9005906EF5B854E7FAC5524E1D88C345A6717418AA46D18E286FC018D4F"
".venv\Lib\site-packages\pip\_vendor\urllib3\contrib\__init__.py","0","E3B0C44298FC1C149AFBF4C8996FB92427AE41E4649B934CA495991B7852B855"
".venv\Lib\site-packages\pip\_vendor\urllib3\contrib\_appengine_environ.py","957","6C36F2384856D8228B25C42A00A032AC41CDF9A925B321C52AAEAF17C645B269"
".venv\Lib\site-packages\pip\_vendor\urllib3\contrib\appengine.py","11036","551EBC780544D77EE5C53823043C029DAE5488165338A6B4D408FFFB905A0B3E"
".venv\Lib\site-packages\pip\_vendor\urllib3\contrib\ntlmpool.py","4528","3657E45BB58C756F338AAB9DA298C7A16DBDF688350535A2D0878889BAAE1709"
".venv\Lib\site-packages\pip\_vendor\urllib3\contrib\pyopenssl.py","17081","843261E0C87263FA7EA0A9457187106954110EFE86326046B96F728F1C9E7A33"
".venv\Lib\site-packages\pip\_vendor\urllib3\contrib\securetransport.py","34446","15E7F5208514147AA97AFCD78833DB20690329C858D8554A79578B191D50AB78"
".venv\Lib\site-packages\pip\_vendor\urllib3\contrib\socks.py","7097","6918BD7965E8F5911BF795D4C5E7F8676D421659E78DB122028F473AC7A832DE"
".venv\Lib\site-packages\pip\_vendor\urllib3\contrib\_securetransport\__init__.py","0","E3B0C44298FC1C149AFBF4C8996FB92427AE41E4649B934CA495991B7852B855"
".venv\Lib\site-packages\pip\_vendor\urllib3\contrib\_securetransport\bindings.py","17632","E1793AE2A2243C1B74F40E6AF9120552E0E135CF665E29556A99BB5A7627CD1C"
".venv\Lib\site-packages\pip\_vendor\urllib3\contrib\_securetransport\low_level.py","13922","076241076FCD44FD36C4AE8309AD4F6BD22EC6B3F0C730F365B8B14246FB53D3"
".venv\Lib\site-packages\pip\_vendor\urllib3\contrib\_securetransport\__pycache__\__init__.cpython-313.pyc","209","BE795AB3B6596391A295A648E523B302047E67ACE23A52E97C4897EF2FA91971"
".venv\Lib\site-packages\pip\_vendor\urllib3\contrib\_securetransport\__pycache__\bindings.cpython-313.pyc","17495","6582AC7E8B855FA2466EB0B64FA96A4B7858AEBAAC6B7C539F17148BC316D026"
".venv\Lib\site-packages\pip\_vendor\urllib3\contrib\_securetransport\__pycache__\low_level.cpython-313.pyc","14812","BD78C462CC0154E58FBCB249CB4F3936172344BD6EB37A41C2AFD750FDFF9577"
".venv\Lib\site-packages\pip\_vendor\urllib3\contrib\__pycache__\__init__.cpython-313.pyc","192","2EFFB75451209E6B06FB816AAB06B5B8E6D5AE8AAB2E371E20E0A48059B028F1"
".venv\Lib\site-packages\pip\_vendor\urllib3\contrib\__pycache__\_appengine_environ.cpython-313.pyc","1870","AE19B298E506BD6602597608BDF281BB7DBE4752A57870CFFB9FCB8E42EB0565"
".venv\Lib\site-packages\pip\_vendor\urllib3\contrib\__pycache__\appengine.cpython-313.pyc","11762","93596C26473738E2A3F7818640ACA85BD7CF31F43B8831306DE1C1FE31443F53"
".venv\Lib\site-packages\pip\_vendor\urllib3\contrib\__pycache__\ntlmpool.cpython-313.pyc","5730","4EAC36EE9130A11030AA091E2B3E71B99EA6F2E1873E3E4E53C39967C6B0C615"
".venv\Lib\site-packages\pip\_vendor\urllib3\contrib\__pycache__\pyopenssl.cpython-313.pyc","24779","B6CC9ADAE36BC1F1A9E5768812737A18DC5F90423E5274424196122FC6E09573"
".venv\Lib\site-packages\pip\_vendor\urllib3\contrib\__pycache__\securetransport.cpython-313.pyc","35974","26F8F242711EC0645D70A08F61ACF3BB7BEE48BAFA4D1E3455F8C8328802EF4A"
".venv\Lib\site-packages\pip\_vendor\urllib3\contrib\__pycache__\socks.cpython-313.pyc","7724","53D90514E421B63FADFBFF20C031B6E1676229C73362285F285FD972F94A562F"
".venv\Lib\site-packages\pip\_vendor\urllib3\packages\__init__.py","0","E3B0C44298FC1C149AFBF4C8996FB92427AE41E4649B934CA495991B7852B855"
".venv\Lib\site-packages\pip\_vendor\urllib3\packages\six.py","34665","6FD2CCD30057BFB13B4AB6C28C09B8C3037E86B1FE88DC6FD7C2E058D30C28FA"
".venv\Lib\site-packages\pip\_vendor\urllib3\packages\backports\__init__.py","0","E3B0C44298FC1C149AFBF4C8996FB92427AE41E4649B934CA495991B7852B855"
".venv\Lib\site-packages\pip\_vendor\urllib3\packages\backports\makefile.py","1417","9DBCEDDE2D1A80F54FD3B8EAAA08E16988CC9AE022FD6E44D04CB0662BD53BC1"
".venv\Lib\site-packages\pip\_vendor\urllib3\packages\backports\weakref_finalize.py","5343","B5109A97938084D491C9BD03847A7EDFC02D2250AC44FF01C45DCD5FEEABA880"
".venv\Lib\site-packages\pip\_vendor\urllib3\packages\backports\__pycache__\__init__.cpython-313.pyc","203","72E6C31D7FA2B07BD96969108307F7D394AE5FA7C20C5EB1C04C6BE71C78DBCF"
".venv\Lib\site-packages\pip\_vendor\urllib3\packages\backports\__pycache__\makefile.cpython-313.pyc","1927","61709B2D5791610611DEF256D166CF11807380E54BB32C14AE6E68A68B639AD4"
".venv\Lib\site-packages\pip\_vendor\urllib3\packages\backports\__pycache__\weakref_finalize.cpython-313.pyc","7522","842BD87C4951F46B864DDA5C44804ED9502AD28D21C2B6C3F6BF68F93E4762BE"
".venv\Lib\site-packages\pip\_vendor\urllib3\packages\__pycache__\__init__.cpython-313.pyc","193","5B7D42E9A0C04B5B0C176FDB486148D6426044341EA14B1EAF3932E046EB4B50"
".venv\Lib\site-packages\pip\_vendor\urllib3\packages\__pycache__\six.cpython-313.pyc","42013","A319E44A738F95C391EA2232E461059EBE931D8E69B3B43968D7690252FBEA41"
".venv\Lib\site-packages\pip\_vendor\urllib3\util\__init__.py","1155","2449929A6AAA2F26B0F0FE75814226661F06C20F62D7349EF83A2A022B67DA77"
".venv\Lib\site-packages\pip\_vendor\urllib3\util\connection.py","4901","E4BC760753D6DBD2B1067D93D3190DD420604416B780654904AA10A11A201159"
".venv\Lib\site-packages\pip\_vendor\urllib3\util\proxy.py","1605","CD4BCF3C226BA7A74E17437818055B39C97AA3EE2E5CA4AB1A24E492BE6F512E"
".venv\Lib\site-packages\pip\_vendor\urllib3\util\queue.py","498","9D1817F3F797FBF564BF1A17D3DE905A8CFC3ECD101D4004C482C263FECF9DC3"
".venv\Lib\site-packages\pip\_vendor\urllib3\util\request.py","3997","0B4394B76B5C53A2D189027B61834FF46BCFAD2BE5EF388805E910FB99E50599"
".venv\Lib\site-packages\pip\_vendor\urllib3\util\response.py","3510","189A60DC4822F6A6895D1C01879C2FF8C36E4566A7E4122EE34A117A8C563F6F"
".venv\Lib\site-packages\pip\_vendor\urllib3\util\retry.py","22050","E8436F399F0F043CE1F24822C69AA5F6522B6F67711FE93B66605A9C9176360E"
".venv\Lib\site-packages\pip\_vendor\urllib3\util\ssl_.py","17460","403BAE4F13D20A3D6B62D678C690FB531FABDB44C3E74687CAA2B2850EC1AB80"
".venv\Lib\site-packages\pip\_vendor\urllib3\util\ssl_match_hostname.py","5758","22BE1C65512398093C8140081D64A2EF0B4E3BCDD4098001636C450F5425FD60"
".venv\Lib\site-packages\pip\_vendor\urllib3\util\ssltransport.py","6895","340FAEE6B313AC3143142F10CD129410A306D39EB584E0F8A814EBDD9E29BFA1"
".venv\Lib\site-packages\pip\_vendor\urllib3\util\timeout.py","10168","730AB874C93CEE624748192D2B59A2609FBCE46FB74F74664F6D2FED2142A67A"
".venv\Lib\site-packages\pip\_vendor\urllib3\util\url.py","14296","942004ECCE66C80F040DD5B4B09BB2C9985507D2BF8F7F258D684702715A5A81"
".venv\Lib\site-packages\pip\_vendor\urllib3\util\wait.py","5403","7CE5F4FDF6A8CC6D8FEE25688D0A04D666F277078DC93726FA15C47C5AD3B4B2"
".venv\Lib\site-packages\pip\_vendor\urllib3\util\__pycache__\__init__.cpython-313.pyc","1140","6FCD60571F43E875C530FF305CD24E5963AACFB54EE2A717DF1A5C9B94F8F2FA"
".venv\Lib\site-packages\pip\_vendor\urllib3\util\__pycache__\connection.cpython-313.pyc","4771","A05369CB2304A50DB0AED3BFB1B7E50EF4F61B2DD3FF3A02EBA28E541F32F1C5"
".venv\Lib\site-packages\pip\_vendor\urllib3\util\__pycache__\proxy.cpython-313.pyc","1569","7CF9B198EC28708BD164F918DAEEDDAC784E9C1A7EB796683A0E8369EE0644AD"
".venv\Lib\site-packages\pip\_vendor\urllib3\util\__pycache__\queue.cpython-313.pyc","1418","EFAB963A16F4FA9C2CE40E930C69ED035132D0DAE3AB8C7A2A2C982FBFBF5DF1"
".venv\Lib\site-packages\pip\_vendor\urllib3\util\__pycache__\request.cpython-313.pyc","4138","B8CFACFEF3AB3DD3ACAF84717B01705B90C39D726A8F29DEFCBA9B56B447D998"
".venv\Lib\site-packages\pip\_vendor\urllib3\util\__pycache__\response.cpython-313.pyc","3037","2F8F26C9B0C72918660B9CB574FAE67868FA07617E6C5D75DEC80F18DB08FE66"
".venv\Lib\site-packages\pip\_vendor\urllib3\util\__pycache__\retry.cpython-313.pyc","21544","7A175333772798306C910AAD2D2D533668BDA1453784FF3E44DF770221008521"
".venv\Lib\site-packages\pip\_vendor\urllib3\util\__pycache__\ssl_.cpython-313.pyc","15493","E1F78CE7179E779AA0A9C0E033D3568A81DF2759AF4A787F4537670F59916483"
".venv\Lib\site-packages\pip\_vendor\urllib3\util\__pycache__\ssl_match_hostname.cpython-313.pyc","5212","F549721A6CDEB6464DAE87643B561706E290EF02D4162CEA005F01F2FE78E1DA"
".venv\Lib\site-packages\pip\_vendor\urllib3\util\__pycache__\ssltransport.cpython-313.pyc","10927","5839784E2FDF17D59D19109724B3D5415D6ABBA3272CFC289EED8D49522B0C81"
".venv\Lib\site-packages\pip\_vendor\urllib3\util\__pycache__\timeout.cpython-313.pyc","10672","B5E423FEE7242299AE37A2CF1815FD78CEEDEE20C89D19745C8FAE8EEC4FD1AD"
".venv\Lib\site-packages\pip\_vendor\urllib3\util\__pycache__\url.cpython-313.pyc","15929","B940EFE0F49A03915736F00C36889B17A68D7C784830FAB2AD97B696A109D09E"
".venv\Lib\site-packages\pip\_vendor\urllib3\util\__pycache__\wait.cpython-313.pyc","4571","B92B64B1866CC97F1947727C7F9FE8AC125A59B7E484365879AFE2AB9DC99276"
".venv\Lib\site-packages\pip\_vendor\urllib3\__pycache__\__init__.cpython-313.pyc","3347","E1F72693AD292871D101E567B8137101EC6C5180D6CDEB4EEC810A972A320401"
".venv\Lib\site-packages\pip\_vendor\urllib3\__pycache__\_collections.cpython-313.pyc","16426","67259AC317A2D2CF87711DC47BB391D182E4586820A96EFBED9E59797DE4D803"
".venv\Lib\site-packages\pip\_vendor\urllib3\__pycache__\_version.cpython-313.pyc","212","AB0E4F5D0EE44033CDFF0C8451E64E3C4B1854178EBC017217C66FC58FBE596F"
".venv\Lib\site-packages\pip\_vendor\urllib3\__pycache__\connection.cpython-313.pyc","20721","BFA6B455F4A1030D07718969599D42351FE16CE2DBFEBA2CB40FDB0C68AD00EE"
".venv\Lib\site-packages\pip\_vendor\urllib3\__pycache__\connectionpool.cpython-313.pyc","36053","B9256AFAD971DD4DD216083D906BB4EBBBEB72970B8C7F076797024FFDF2E04B"
".venv\Lib\site-packages\pip\_vendor\urllib3\__pycache__\exceptions.cpython-313.pyc","14173","033EAB4884CA09BC2A99DE128C6286025E5944B788852E956B7D8D663D043C05"
".venv\Lib\site-packages\pip\_vendor\urllib3\__pycache__\fields.cpython-313.pyc","10180","898FA91D2C32BE605B0A555A3AA5F892DF620722D9241C8B07AE9B79A04C5660"
".venv\Lib\site-packages\pip\_vendor\urllib3\__pycache__\filepost.cpython-313.pyc","3989","60C9308E883EF667F26793BD3224B08259651F07800C75DA85FF966B72A9B883"
".venv\Lib\site-packages\pip\_vendor\urllib3\__pycache__\poolmanager.cpython-313.pyc","19979","81EB523D11D73726DA6C709D6C8437F8CB98CFA652E1B44E72B084EBD919854B"
".venv\Lib\site-packages\pip\_vendor\urllib3\__pycache__\request.cpython-313.pyc","6961","5FDCDC34AFE3192E839812301865ED280A165CA12674C630D878AE384FB2D8BE"
".venv\Lib\site-packages\pip\_vendor\urllib3\__pycache__\response.cpython-313.pyc","34269","172C82C08980319EA379711D220370543610F84362707BE0A2F21ED2CF039819"
".venv\Lib\site-packages\pip\_vendor\__pycache__\__init__.cpython-313.pyc","4588","08A462DBD6988230F27E27626830BCFC6E84BBD108CBB3AC41F24DC8D9F6959F"
".venv\Lib\site-packages\pip\__pycache__\__init__.cpython-313.pyc","637","FF4C6468395B8619EEC4B2E43C185237543D6D0868D9E22D0B58986F7F865B22"
".venv\Lib\site-packages\pip\__pycache__\__main__.cpython-313.pyc","837","98309B8AA5644E99258918894C8A9E54F80E738F89D95D9B3C1629152C780DC9"
".venv\Lib\site-packages\pip\__pycache__\__pip-runner__.cpython-313.pyc","2274","458D4613F0462FB264F1ABD70261160FD3EF2CA40B519A865B2CE464DD3847AF"
".venv\Lib\site-packages\pip-25.3.dist-info\entry_points.txt","84","5617FCB34218817DFB9AD778BC62FBDC13DCC5D2A7A9E0853F3079F9DDF4C7CA"
".venv\Lib\site-packages\pip-25.3.dist-info\INSTALLER","4","CEEBAE7B8927A3227E5303CF5E0F1F7B34BB542AD7250AC03FBCDE36EC2F1508"
".venv\Lib\site-packages\pip-25.3.dist-info\METADATA","4672","2A1BA0725E7D236FBE2D5C50A4FFF9C9E3FE34CA494F2CEBDE5C45C3791379D3"
".venv\Lib\site-packages\pip-25.3.dist-info\RECORD","68273","CDB952510727530E3DD860597B20058CF018F4DB4E82FB92D9EFA7C4BD749D23"
".venv\Lib\site-packages\pip-25.3.dist-info\REQUESTED","0","E3B0C44298FC1C149AFBF4C8996FB92427AE41E4649B934CA495991B7852B855"
".venv\Lib\site-packages\pip-25.3.dist-info\WHEEL","82","1B68144734C4B66791F27ADD5D425F3620775585718A03D0F9B110BA3A4D88DB"
".venv\Lib\site-packages\pip-25.3.dist-info\licenses\AUTHORS.txt","11503","1F7D99860167FAAE5BDC101C0D8AAC4B0D0D37B4515581E95A2355347433CC1B"
".venv\Lib\site-packages\pip-25.3.dist-info\licenses\LICENSE.txt","1093","634300A669D49AEAE65B12C6C48C924C51A4CDF3D1FF086DC3456DC8BCAA2104"
".venv\Lib\site-packages\pip-25.3.dist-info\licenses\src\pip\_vendor\cachecontrol\LICENSE.txt","558","86EEEE87BE2A43F3FF1F56496F451F69243926F025FEDBB033666C304C4C161B"
".venv\Lib\site-packages\pip-25.3.dist-info\licenses\src\pip\_vendor\certifi\LICENSE","989","E93716DA6B9C0D5A4A1DF60FE695B370F0695603D21F6F83F053E42CFC10CAF7"
".venv\Lib\site-packages\pip-25.3.dist-info\licenses\src\pip\_vendor\dependency_groups\LICENSE.txt","1099","1AB36E3E2A4BA8631625384F87E9E091DB1FAED034C5B23325B3239ABF2CC525"
".venv\Lib\site-packages\pip-25.3.dist-info\licenses\src\pip\_vendor\distlib\LICENSE.txt","14531","808E10C8A6AB8DEB149FF9B3FB19F447A808094606D712A9CA57FEAD3552599D"
".venv\Lib\site-packages\pip-25.3.dist-info\licenses\src\pip\_vendor\distro\LICENSE","11325","CB5E8E7E5F4A3988E1063C142C60DC2DF75605F4C46515E776E3ACA6DF976E14"
".venv\Lib\site-packages\pip-25.3.dist-info\licenses\src\pip\_vendor\idna\LICENSE.md","1541","A59F0B0EF3635874109A4461CA44FF7A70D50696E814767BFAF721D4C9B0DB0F"
".venv\Lib\site-packages\pip-25.3.dist-info\licenses\src\pip\_vendor\msgpack\COPYING","614","492DEDBA85DA5872F78E6091BCD1FEA474D660D35ACB4DEE964B8AAB3F007427"
".venv\Lib\site-packages\pip-25.3.dist-info\licenses\src\pip\_vendor\packaging\LICENSE","197","CAD1EF5BD340D73E074BA614D26F7DEACA5C7940C3D8C34852E65C4909686C48"
".venv\Lib\site-packages\pip-25.3.dist-info\licenses\src\pip\_vendor\packaging\LICENSE.APACHE","10174","0D542E0C8804E39AA7F37EB00DA5A762149DC682D7829451287E11B938E94594"
".venv\Lib\site-packages\pip-25.3.dist-info\licenses\src\pip\_vendor\packaging\LICENSE.BSD","1344","B70E7E9B742F1CC6F948B34C16AA39FFECE94196364BC88FF0D2180F0028FAC5"
".venv\Lib\site-packages\pip-25.3.dist-info\licenses\src\pip\_vendor\pkg_resources\LICENSE","1023","86DA0F01AEAE46348A3C3D465195DC1CECCDE79F79E87769A64B8DA04B2A4741"
".venv\Lib\site-packages\pip-25.3.dist-info\licenses\src\pip\_vendor\platformdirs\LICENSE","1089","29E0FD62E929850E86EB28C3FDCCF0CEFDF4FA94879011CFFB3D0D4BED6D4DB6"
".venv\Lib\site-packages\pip-25.3.dist-info\licenses\src\pip\_vendor\pygments\LICENSE","1331","A9D66F1D526DF02E29DCE73436D34E56E8632F46C275BBDFFC70569E882F9F17"
".venv\Lib\site-packages\pip-25.3.dist-info\licenses\src\pip\_vendor\pyproject_hooks\LICENSE","1081","1B22B049B5267D6DFC23A67BF4A84D8EC04B9FDFB1A51D360E42B4342C8B4154"
".venv\Lib\site-packages\pip-25.3.dist-info\licenses\src\pip\_vendor\requests\LICENSE","10142","09E8A9BCEC8067104652C168685AB0931E7868F9C8284B66F5AE6EDAE5F1130B"
".venv\Lib\site-packages\pip-25.3.dist-info\licenses\src\pip\_vendor\resolvelib\LICENSE","751","F388FD38CAD13112C1DC0F669BBE80E7F84541EDBAFB72F3030D2CA7642C3C9D"
".venv\Lib\site-packages\pip-25.3.dist-info\licenses\src\pip\_vendor\rich\LICENSE","1056","DEED7C17A4318158190A3EA239CC879A5A50271CEBB98AE7025F48FBE58DCA15"
".venv\Lib\site-packages\pip-25.3.dist-info\licenses\src\pip\_vendor\tomli\LICENSE","1072","B80816B0D530B8ACCB4C2211783790984A6E3B61922C2B5EE92F3372AB2742FE"
".venv\Lib\site-packages\pip-25.3.dist-info\licenses\src\pip\_vendor\tomli_w\LICENSE","1072","B80816B0D530B8ACCB4C2211783790984A6E3B61922C2B5EE92F3372AB2742FE"
".venv\Lib\site-packages\pip-25.3.dist-info\licenses\src\pip\_vendor\truststore\LICENSE","1086","33BE7B7E8FA4FD19B1760E1A8ED8A668BDAB852C91B692DD41424BCB725A9FCA"
".venv\Lib\site-packages\pip-25.3.dist-info\licenses\src\pip\_vendor\urllib3\LICENSE.txt","1115","C37BF186E27CF9DBE9619E55EDFE3CEA7B30091CEB3DA63C7DACBE0E6D77907B"
".venv\Lib\site-packages\platformdirs\__init__.py","22284","88E451CBAFE567DB572EF3B45BA7C93E7F1057B179DF68AF97E7F658699A6C17"
".venv\Lib\site-packages\platformdirs\__main__.py","1493","1E7B14407A6205A893C70726C15C3E9C568F755359B5021D8B57960ED23E3332"
".venv\Lib\site-packages\platformdirs\android.py","9013","AF40EC85505FF913B58D72465FC0B84E297B1755D6B7E6E47563209AF1226988"
".venv\Lib\site-packages\platformdirs\api.py","9281","C0F1CE9703AC7F3DA8A9067A03615C0AEE641008FE2689DDCE834E1D8150D21F"
".venv\Lib\site-packages\platformdirs\macos.py","6322","D17A0E8229F534AED0922EE2B240FEA12F312B1C3A6D782828481DAA90910054"
".venv\Lib\site-packages\platformdirs\py.typed","0","E3B0C44298FC1C149AFBF4C8996FB92427AE41E4649B934CA495991B7852B855"
".venv\Lib\site-packages\platformdirs\unix.py","10458","5999A4500FBE2F724D4469B3DF6B37E587E80F789C6BAC4A20F74257F1E12DCB"
".venv\Lib\site-packages\platformdirs\version.py","704","048FDD28B48CC25925E7BBE5C599D3F285633E2502D96FEC771FFCFE1F7D1DE4"
".venv\Lib\site-packages\platformdirs\windows.py","10362","5EF09F925194315C496D78ADE758E960C37E94D79270F07CDAA4B50807A994BD"
".venv\Lib\site-packages\platformdirs\__pycache__\__init__.cpython-313.pyc","19298","2969E7B794402AB7A976F30C1C8B33125BFD7B57B292A43E59A0772C39BFB451"
".venv\Lib\site-packages\platformdirs\__pycache__\__main__.cpython-313.pyc","1901","B02751FB1F43F2F89BE25A13E2E4E9D6E8C09D9C4F6FE33BC0EBA8999AD9F9A9"
".venv\Lib\site-packages\platformdirs\__pycache__\android.cpython-313.pyc","10744","BA4E455CC763B349EC101345F37BEFE1DFDBB2475455761F4A10E96B3632FCA1"
".venv\Lib\site-packages\platformdirs\__pycache__\api.cpython-313.pyc","13455","BC75447EF75968193C961B39D05B8544FED071455E055191C8C50EEC11964E82"
".venv\Lib\site-packages\platformdirs\__pycache__\macos.cpython-313.pyc","9012","EB20D56810288210B054753C13525471696B6EC139FD68CD3CD15B1E45967163"
".venv\Lib\site-packages\platformdirs\__pycache__\unix.cpython-313.pyc","14749","51278FE2242879E1CCF8F9D287C72DC2046A5C9742FB9953DDFF9A557C75A302"
".venv\Lib\site-packages\platformdirs\__pycache__\version.cpython-313.pyc","794","BFD0B59E3CA5A0F0BE434ED3032D01AFCF6D3C36266B7B03D81B13406261EED9"
".venv\Lib\site-packages\platformdirs\__pycache__\windows.cpython-313.pyc","13890","EA97CC7DFE3296EA4A05A23781E78B18DEDBE1D29FFF2136687B15E3D6F2BC88"
".venv\Lib\site-packages\platformdirs-4.5.1.dist-info\INSTALLER","4","CEEBAE7B8927A3227E5303CF5E0F1F7B34BB542AD7250AC03FBCDE36EC2F1508"
".venv\Lib\site-packages\platformdirs-4.5.1.dist-info\METADATA","12804","3A7EF90C694E34649FECE11D27E88621CD6BC1344497E3E31E56D46BD423E928"
".venv\Lib\site-packages\platformdirs-4.5.1.dist-info\RECORD","1549","2495293210317067E91C93A481A60695B296581EFBA5A6C39F366B8A4316D4D8"
".venv\Lib\site-packages\platformdirs-4.5.1.dist-info\WHEEL","87","58B82A17209F9BF2804AFE161F2632D0FDE933F9BB2792FD936B2474A2E2AC2F"
".venv\Lib\site-packages\platformdirs-4.5.1.dist-info\licenses\LICENSE","1089","29E0FD62E929850E86EB28C3FDCCF0CEFDF4FA94879011CFFB3D0D4BED6D4DB6"
".venv\Lib\site-packages\pluggy\__init__.py","811","0FA769D609840E3B43A7C840C1073EAAB81ABA59CBE2296DAEA90B0DDFA0F6D8"
".venv\Lib\site-packages\pluggy\_callers.py","5991","804665946692615B2C676526A4D7E6602D1B755821DA361B0057982AFB913236"
".venv\Lib\site-packages\pluggy\_hooks.py","25218","13A7F79D8708E9D6C4B8ED069B2EB5A3380653FE7DFDEEBD902D3C6B4E8406EA"
".venv\Lib\site-packages\pluggy\_manager.py","20219","2B8229FE99048EF4F6A0E21F40FA7C0B0016A1756710D81045CCBDB651A28B4A"
".venv\Lib\site-packages\pluggy\_result.py","3098","DD77F2EC3AE35DB61BEE9B91AAEC98D956E274858DABA3E9ED09EE12531D8FC4"
".venv\Lib\site-packages\pluggy\_tracing.py","2073","9D777604298381FF2327157E1CEDCFAB147E595E777969C5F01E001759C91A0A"
".venv\Lib\site-packages\pluggy\_version.py","511","E45189369F4B924F6E3B17828D7A68086045EFD02BE8B18F391EFE6AD06A6FFE"
".venv\Lib\site-packages\pluggy\_warnings.py","828","B5DD00BD90697DA9AB8820B73AAB0BC31321F92CC03237E399CE7C4F9BCFDE5C"
".venv\Lib\site-packages\pluggy\py.typed","0","E3B0C44298FC1C149AFBF4C8996FB92427AE41E4649B934CA495991B7852B855"
".venv\Lib\site-packages\pluggy\__pycache__\__init__.cpython-313.pyc","847","5612FD8EBB6D4D38C91AF85274CB1F9A04E5212B2F81E8B22BA236EF93ECA958"
".venv\Lib\site-packages\pluggy\__pycache__\_callers.cpython-313.pyc","7171","0A631222A24D6D94788BDCC7E63237B494F226B913470070E04396BF947E5B58"
".venv\Lib\site-packages\pluggy\__pycache__\_hooks.cpython-313.pyc","27578","B949461AF8716C6230BA4A1B99F6A62CDFEB8BCF79280E769BF4AB6F26DC97A1"
".venv\Lib\site-packages\pluggy\__pycache__\_manager.cpython-313.pyc","25568","6110C35DAD0C14B56ECA30CC663B9F1ACF2EA1E0FBB8C98A111143F119628A60"
".venv\Lib\site-packages\pluggy\__pycache__\_result.cpython-313.pyc","4136","D40835FB39438D3843EFE82007F3FDB9E61691E30481B831A4166509CF6E42C4"
".venv\Lib\site-packages\pluggy\__pycache__\_tracing.cpython-313.pyc","4131","37DDC847DBBE3652947D068F7F6EA3FD0D70140A8A15276C8D9814283635DDC3"
".venv\Lib\site-packages\pluggy\__pycache__\_version.cpython-313.pyc","642","ECBA4055D1CC28B927AFC706B0B8DD742EE52BA7343DF76B9C70E466B6F78382"
".venv\Lib\site-packages\pluggy\__pycache__\_warnings.cpython-313.pyc","1325","C822DFBC05E17F06DF72E67B17A0A18373DF751D5E4B88C4C5B1C427B1EE37B7"
".venv\Lib\site-packages\pluggy-1.6.0.dist-info\INSTALLER","4","CEEBAE7B8927A3227E5303CF5E0F1F7B34BB542AD7250AC03FBCDE36EC2F1508"
".venv\Lib\site-packages\pluggy-1.6.0.dist-info\METADATA","4811","7438C35EE25A095EB7416F84B461C2D74425C5E734AD54C3912453C65244E01C"
".venv\Lib\site-packages\pluggy-1.6.0.dist-info\RECORD","1530","6B99BD450A1AEE58CB086B6EF4539A29ADCDCE11CFD80E53781BEEAB1662313B"
".venv\Lib\site-packages\pluggy-1.6.0.dist-info\top_level.txt","7","C4A4824616A2FAFF4C724BCCB96A8DCF5E9CD6D6EC98E820A0C4B04E07296071"
".venv\Lib\site-packages\pluggy-1.6.0.dist-info\WHEEL","91","370DFA0E3BA1FF9543BA42B41FBF10CCE5FEFC5404A3A577EE6DE7926F7A82D5"
".venv\Lib\site-packages\pluggy-1.6.0.dist-info\licenses\LICENSE","1110","D6B65E6C213A5D0B577911D34D6E5949B9F59D76C238C5071A2F3FC16CFB2606"
".venv\Lib\site-packages\pydantic\__init__.py","15812","E62127278C07BF5384CDD2903F368A69929F3B8A524000BAE4E0EB608EBF4BC6"
".venv\Lib\site-packages\pydantic\_migration.py","12160","545EF72D1094CF722B6F9C55B75DE36F7340717567105E93D7E27438B7DE6790"
".venv\Lib\site-packages\pydantic\alias_generators.py","2124","28CD67DEEE097CB48197552E620DE1A181F35C90FECAF82B9EAF2ED5C73087F0"
".venv\Lib\site-packages\pydantic\aliases.py","4937","BE1087CA84969D7F8427EC166F9AA3E31C91B2C8065A74D07F3429E06499F6E8"
".venv\Lib\site-packages\pydantic\annotated_handlers.py","4407","59FC854AAC28108157061ED3EF73F270A9682350E25F8E465A2D3E24EB024786"
".venv\Lib\site-packages\pydantic\class_validators.py","148","8BF5778FE3D87462D22E68FF20965E913463BA73BC488573F0B325AAE3F23FB1"
".venv\Lib\site-packages\pydantic\color.py","21481","033A867D540717DDBF65CB4372E7B40CCE324E9D8FEAD7A49304483535AB2C8A"
".venv\Lib\site-packages\pydantic\config.py","44267","E4C8E3CE5011D3FC6AEC2D720043DFEEA5A9E6AADA4304AD46F99AF67CDBA952"
".venv\Lib\site-packages\pydantic\dataclasses.py","18936","5659276C4BA5834F317663E0FFAD2106C095230F96EB4DCE2566369F98325C0D"
".venv\Lib\site-packages\pydantic\datetime_parse.py","150","402F9680CC4CAFFC10FE6357512EC055FFB684B121BEFB0F6353D0CA148639D9"
".venv\Lib\site-packages\pydantic\decorator.py","145","617FA3500A6EE4029A55628FA1A57E9FEE25ED46D2EBD184B7D45ADE1B3398A2"
".venv\Lib\site-packages\pydantic\env_settings.py","148","E881DE79612A9543D152FDD5F805E217F5BDD5F836270FCCDCED25DF827F7B20"
".venv\Lib\site-packages\pydantic\error_wrappers.py","150","44AEA6A804DCF72303F8A043F48252F47A4A0A9AD61DDF30A3CE019E6FB77D1F"
".venv\Lib\site-packages\pydantic\errors.py","6002","EDCB41342B6DE7B919171EF52ECD87F3A22E7D0011BF8C0F29FF0385DB159F9C"
".venv\Lib\site-packages\pydantic\fields.py","79194","5AE0C63AF076D8A5AEB96DDF5E74B85AF838A97FED769F17EC1AC09736B8B30F"
".venv\Lib\site-packages\pydantic\functional_serializers.py","17151","AC4CC7DFDD73AB2DE8FDB5A4D9012EBF24A67103599B05E62502C2DD9185ED00"
".venv\Lib\site-packages\pydantic\functional_validators.py","31839","73FFBBC1E5A918D70E61F45F55416ED758EBC4C54C75F63F73EE22B2DC24F796"
".venv\Lib\site-packages\pydantic\generics.py","144","D19A99F4EF5A9E7223FF7986051AA9B3886D7B2DDBE65575F9DDAD5313CC3270"
".venv\Lib\site-packages\pydantic\json_schema.py","123653","FA1F1CEEFB0D18024223147E9F9DBEEBD439E30DFC10CFA3D00182FF8546B77D"
".venv\Lib\site-packages\pydantic\json.py","140","647F11908EE1E01CFECE9F0E7530316C952856F72853E8E131D459D01FA4D317"
".venv\Lib\site-packages\pydantic\main.py","84205","5994F1C16F358A097BE58D34CC72499A8537A82352CBED4A084984B013DFB624"
".venv\Lib\site-packages\pydantic\mypy.py","58986","A7A294D46C0F1DACC5EC4E6F26AD6E2DDE2D1DDE8313A6EB7B8FA6E4B9F6DE6B"
".venv\Lib\site-packages\pydantic\networks.py","42099","4A67FF47222643E1791592C2805C073DF44E6315BF7BE1F3EBC47FF0B5B4B19D"
".venv\Lib\site-packages\pydantic\parse.py","141","C2477CD9D82DBD6B43F3DE54FC8E84D61B6A3251A1052604577F5CB8149EA370"
".venv\Lib\site-packages\pydantic\py.typed","0","E3B0C44298FC1C149AFBF4C8996FB92427AE41E4649B934CA495991B7852B855"
".venv\Lib\site-packages\pydantic\root_model.py","6311","06F98BB56E22D7574993E74B38CDEB97E8E725D40679E41314172610EABAA4C8"
".venv\Lib\site-packages\pydantic\schema.py","142","56AAA3BEAFCB9DAA5592779B51DDC1A7F275A768176599D94602F8F1B5441BBA"
".venv\Lib\site-packages\pydantic\tools.py","141","88742977C489E43093B4F5796AD015D3A4FCF5B8D268C15E659D8B5FD95AB196"
".venv\Lib\site-packages\pydantic\type_adapter.py","35653","553FBECA0E1ADBBB21481CD61C13CACF8F777F7890F686DD9049218D92A513B4"
".venv\Lib\site-packages\pydantic\types.py","105431","9EA752F89D995EA4E1DAA7B224ECC14C1B475B267961115EF2068C579F5DF471"
".venv\Lib\site-packages\pydantic\typing.py","138","3FB7DE037E4CC1370BB11D6E2FB75BD12FA8C9D071A1B9976B9E580E80606A34"
".venv\Lib\site-packages\pydantic\utils.py","141","D799D1D90A6A4C1165415E1336D4C8B4CC93271FDF6F257E80F988118D46A287"
".venv\Lib\site-packages\pydantic\validate_call_decorator.py","4389","F23A8B9605D38D6123E1D5C3834C08DC41902A46F42670AC2FF2525236D4E528"
".venv\Lib\site-packages\pydantic\validators.py","146","A706C825755BD42576980138C3F1067CD8FB0F0CEC29A5B0FED4CBE9CBE24EEB"
".venv\Lib\site-packages\pydantic\version.py","3985","5CD9864B238FF3B32A6BF03D1C5CDF0DC362A697E7A9F44ADD95221B205BE3E0"
".venv\Lib\site-packages\pydantic\warnings.py","4802","5AED551B3AEF159C384FAC8220A1E31FB2D263AE878DBB720856E7E6E5A8309E"
".venv\Lib\site-packages\pydantic\deprecated\__init__.py","0","E3B0C44298FC1C149AFBF4C8996FB92427AE41E4649B934CA495991B7852B855"
".venv\Lib\site-packages\pydantic\deprecated\class_validators.py","10273","10071A550339CE9DB0066974C9B37AD827D07F226F0CBC7941DF4F938FED6F85"
".venv\Lib\site-packages\pydantic\deprecated\config.py","2663","93F96C564E7BA5AC4B24E701B9E1F4EDCBB53A012059D541C66EA57DA0B70825"
".venv\Lib\site-packages\pydantic\deprecated\copy_internals.py","7618","1A177EBE431DE446020A0C821AD3CA3B9F27A7D704281402EAA9017881052368"
".venv\Lib\site-packages\pydantic\deprecated\decorator.py","10845","4C19BA6C9EF026C36287FF16AB92330DCC0FDF69BDFEF7F1B3DE9D7AC2EE934D"
".venv\Lib\site-packages\pydantic\deprecated\json.py","4657","1E55821B7E5146BC72CEE4D2E8B4D089907046198365699EA901FCACB5BAC00F"
".venv\Lib\site-packages\pydantic\deprecated\parse.py","2511","1B377A6FF83CCC95DCB84ED046AE5A761C7F10C25A8577DCA57085D1182BAAA2"
".venv\Lib\site-packages\pydantic\deprecated\tools.py","3330","36B9BDA054595A9F3E8E57EF3E02482C4B32C29E18CD90F9D972063C32F11DC2"
".venv\Lib\site-packages\pydantic\deprecated\__pycache__\__init__.cpython-313.pyc","184","98B809CBF9F98F074520C7582705C95BCB6B2339134B1ACB13DCE47143C75D47"
".venv\Lib\site-packages\pydantic\deprecated\__pycache__\class_validators.cpython-313.pyc","11827","300C5175D64A580C13E9691B33DDDB2E62A36C5A3F3EF748E3C46A823C643259"
".venv\Lib\site-packages\pydantic\deprecated\__pycache__\config.cpython-313.pyc","4207","598BE83EC5291F895AA17C7899A4D62CFC8BFE31A08316BDB727C696E5E646B0"
".venv\Lib\site-packages\pydantic\deprecated\__pycache__\copy_internals.cpython-313.pyc","9126","07EBD33997B3DDAC337230BB935DF025D1952AD6C980D52F12170B45744C7E36"
".venv\Lib\site-packages\pydantic\deprecated\__pycache__\decorator.cpython-313.pyc","14285","BE1639E25550CA566E0F63D949B44FE21DD45211B881E1D890BB65543CB79183"
".venv\Lib\site-packages\pydantic\deprecated\__pycache__\json.cpython-313.pyc","6153","EE5775B28362912C82B8504E46C5C2F677CE26055CE4299743B3067EABE1E06E"
".venv\Lib\site-packages\pydantic\deprecated\__pycache__\parse.cpython-313.pyc","3535","66997A1D160AEE776E866990FAF499FAC2E28F9D7FEF26255500909F00A05DBA"
".venv\Lib\site-packages\pydantic\deprecated\__pycache__\tools.cpython-313.pyc","3505","FCA0C9B5C757494F788BD237834B6EB1D621AB215358041F32DE585D499C498D"
".venv\Lib\site-packages\pydantic\experimental\__init__.py","104","413EEB298743B0289327D1848E6B107561D2730A4AAEB3641AAEAFA8E34FE914"
".venv\Lib\site-packages\pydantic\experimental\arguments_schema.py","1866","1059E35FFBA5A7EB4FC948D05F9A6642DBA0D4E14BFC071CF1B70C6CB77E7D56"
".venv\Lib\site-packages\pydantic\experimental\missing_sentinel.py","127","8507A382D174D3052E40C9E2F78DBD7AF83E797C88C292AF8EC0FCA1FA9F8FEC"
".venv\Lib\site-packages\pydantic\experimental\pipeline.py","23582","2AFFDDBDC7B12AE99ACDF44BD32EBD01AC9E03A1F7ED2AE6B19DD2525FE7D2A6"
".venv\Lib\site-packages\pydantic\experimental\__pycache__\__init__.cpython-313.pyc","298","104F3ED9E8B95190240B02304A8366DFC3F309D2B2DD5E59D03B63DD4DB99FD7"
".venv\Lib\site-packages\pydantic\experimental\__pycache__\arguments_schema.cpython-313.pyc","2334","B2768A776C87F6B2D18FAFF025393B278669664BA8DCF09453515AC355C4061D"
".venv\Lib\site-packages\pydantic\experimental\__pycache__\missing_sentinel.cpython-313.pyc","339","73812E77C720309033D2D8DA99DDB25622A8A733176CC65E04ADB758A50409D2"
".venv\Lib\site-packages\pydantic\experimental\__pycache__\pipeline.cpython-313.pyc","35405","49264201DF43490C756F0AC7429EA33D8103DBF9D6A75501B7A769FA1046B709"
".venv\Lib\site-packages\pydantic\plugin\__init__.py","7333","6BB4F0DFAE94E8ADE496D08235963BEA773DB2CFBBB86190E344D769DF4ECA94"
".venv\Lib\site-packages\pydantic\plugin\_loader.py","2210","F502D79DE2C49AFCA15E46BFF63E0BAE46E67B8A8FBFAA98A6196C8C5D8C1AC0"
".venv\Lib\site-packages\pydantic\plugin\_schema_validator.py","5267","41B9AAB06DF730199FB4D4369CD8AE376D8B85BADEC5403B8A90D5BF7274D815"
".venv\Lib\site-packages\pydantic\plugin\__pycache__\__init__.cpython-313.pyc","8711","3C6085AD74A7CED763CF0BCBA7A67085D90E53C1D4932ED6BA45C485C53113C1"
".venv\Lib\site-packages\pydantic\plugin\__pycache__\_loader.cpython-313.pyc","2469","32F993EB33766950BF062A2D8D9E2B57C3AC00EC4F15190BC94B2667688516B5"
".venv\Lib\site-packages\pydantic\plugin\__pycache__\_schema_validator.cpython-313.pyc","6987","4D85CF3BAB4C5C9299A8E7CA47179190717B51130D04EF691B4B59FFD8B0FF3B"
".venv\Lib\site-packages\pydantic\v1\__init__.py","3164","14B43C212A7A3156517E39D2EDF4389B51714311421764158A41380CAFB83E11"
".venv\Lib\site-packages\pydantic\v1\_hypothesis_plugin.py","14847","E444B9C56BB0D45400B3298B7B3CBC4209D5CF466955F5378E4993EF81F6ED54"
".venv\Lib\site-packages\pydantic\v1\annotated_types.py","3157","BA4D8D000C6A88D10B2A388787287129A20E87C1759585BF2F3AD6DD7EE86417"
".venv\Lib\site-packages\pydantic\v1\class_validators.py","14672","50B39A21481850306C1CBEC411511AADC33E52E6CA52082837C8526C3A27B051"
".venv\Lib\site-packages\pydantic\v1\color.py","16844","8990012D8A7A395A28D801643FD229AE2FF049CEBE2A496EF18BA149AAED7798"
".venv\Lib\site-packages\pydantic\v1\config.py","6532","6BA3F459EAFDC7871BC0A5BB5EFF29A1252A33858FF912D6C17E9832962AF400"
".venv\Lib\site-packages\pydantic\v1\dataclasses.py","18172","EFCE1CAAF2276F020F5ABF6EB1FA57DDC87BCF8B77276B532BA374EBBFF0935A"
".venv\Lib\site-packages\pydantic\v1\datetime_parse.py","7724","E10CB5910A6ADEB3556497881DE48F0E9B92D81BE1A7528FB73246D71BBE1F4D"
".venv\Lib\site-packages\pydantic\v1\decorator.py","10339","CDA6B1C71A163C29BCD7C0F56ECD3285AA518D79B7D95F06D191D609D335B970"
".venv\Lib\site-packages\pydantic\v1\env_settings.py","14105","03D557C2D465D36018FA31F40B4A2ECB954DC377E2E85FE9933B870E380000E3"
".venv\Lib\site-packages\pydantic\v1\error_wrappers.py","5196","EBADB931FC3DAA40B63708AD07F2450167BC07E5EFEB3054EEB2FD936F2D7F2A"
".venv\Lib\site-packages\pydantic\v1\errors.py","17726","988C0F103E6F18CE50E6FE02E19D493E5753447FA89AF132947EA4B0C84E98FC"
".venv\Lib\site-packages\pydantic\v1\fields.py","50649","56A5890AB894362132A6D5EBA03549E74D49A550347A7D9500D724B2A5CBD9BF"
".venv\Lib\site-packages\pydantic\v1\generics.py","17871","5730BD61457E11B3E94376807E4D5C3457A3EFDFC8CF39E443B5AB9934D94BD1"
".venv\Lib\site-packages\pydantic\v1\json.py","3390","590E47CBF848A5F751DD84BC93A37613A28C273B1D6C18BF95D58E3C9695F353"
".venv\Lib\site-packages\pydantic\v1\main.py","44824","CEE36974DE50D15D301B65144CAB741D4CB75C9E0E02F3D26437625D8F85233B"
".venv\Lib\site-packages\pydantic\v1\mypy.py","38860","0A5F1745F0A621C544DE3E40114E760BC88387C95C5FFFC3DE1CF68C85B1300B"
".venv\Lib\site-packages\pydantic\v1\networks.py","22124","1D836D2807CE98E9CA269B0383583A488923F563E153FFA2F25E5ED89281A46E"
".venv\Lib\site-packages\pydantic\v1\parse.py","1821","049B5DAA2651B5ABFD55114298EC6863E2889909A33F2F80FCDA288E21546716"
".venv\Lib\site-packages\pydantic\v1\py.typed","0","E3B0C44298FC1C149AFBF4C8996FB92427AE41E4649B934CA495991B7852B855"
".venv\Lib\site-packages\pydantic\v1\schema.py","47801","6AA06E03EF9CABC8005648A6E4124F140487CCE67C745B66157FDF346AFA8A9E"
".venv\Lib\site-packages\pydantic\v1\tools.py","2881","D650DD5C79348CBE6E3F7BB9442600BD402518296000EFB8E6592AF63EDFC810"
".venv\Lib\site-packages\pydantic\v1\types.py","35455","07397E45C9E2B4F0479EAC308FD8AFEC98C7B8DD46A67587DB874A905DE5F5EF"
".venv\Lib\site-packages\pydantic\v1\typing.py","19677","EC67418356131D42D4F35B6107FF5C8D13437D97E7E248685FB9C6B70FE47821"
".venv\Lib\site-packages\pydantic\v1\utils.py","25989","339151C9F3546F50369A4F6568680255D7C71DBDC0B5082B8CEE6A7F205FE310"
".venv\Lib\site-packages\pydantic\v1\validators.py","22187","9725249F5316847C65097E597C48058FF0801E88E888F71A41E31D10CF57BE25"
".venv\Lib\site-packages\pydantic\v1\version.py","1039","1D79D75BED5B316E6A2A196BE5180E10FA21AD90C20D2BB2CBCFA08BC182819A"
".venv\Lib\site-packages\pydantic\v1\__pycache__\__init__.cpython-313.pyc","2499","3DF06D9284C71F072F2AADD6F8978406BF29D22E8B7E627213861C11D60589DF"
".venv\Lib\site-packages\pydantic\v1\__pycache__\_hypothesis_plugin.cpython-313.pyc","20491","DA544F8B15138C4F8E23DEFB4851EA7AB2072FB616F285A2F4540815E322B4DE"
".venv\Lib\site-packages\pydantic\v1\__pycache__\annotated_types.cpython-313.pyc","3922","6EEBAFB61D091058C752B94AD00FEA79EB49DAE437ABE27EB7E3D115E7975394"
".venv\Lib\site-packages\pydantic\v1\__pycache__\class_validators.cpython-313.pyc","19305","C1E61EEF4394A6C09C8E0521440623FD785C2379CC0B4CC214F13F60AFA90420"
".venv\Lib\site-packages\pydantic\v1\__pycache__\color.cpython-313.pyc","25644","724A604A25B307FEF0A81BA5F865D659927540C0C0D70F14AF1CE0B8DFE400A9"
".venv\Lib\site-packages\pydantic\v1\__pycache__\config.cpython-313.pyc","8611","6DF4C183AC9CBD490008377BB8078BEDF030F600B3238AFB7A6F755A4FF8F661"
".venv\Lib\site-packages\pydantic\v1\__pycache__\dataclasses.cpython-313.pyc","23019","96794A1077E563927FD06980F29EE8B1F47C499C30F126EA9C026C3CF3388671"
".venv\Lib\site-packages\pydantic\v1\__pycache__\datetime_parse.cpython-313.pyc","10556","CBA3799A521BF651A8C1DD2DB965BD9DD9EC97B518CB1736CD3953A880F15EEE"
".venv\Lib\site-packages\pydantic\v1\__pycache__\decorator.cpython-313.pyc","14274","0B0BB9831A98BB823857CB73FA7EB593D5348189404FE1B72716738089F46564"
".venv\Lib\site-packages\pydantic\v1\__pycache__\env_settings.cpython-313.pyc","18188","169CB02CFEE53218CF3661F2F43A3A6E2327BA23CA431CA0D0D4DDC4FF7CDA22"
".venv\Lib\site-packages\pydantic\v1\__pycache__\error_wrappers.cpython-313.pyc","9234","51FFE97E3B52935915DA593462A8A1E4209C54924065ED227BBAE7F9712C71DD"
".venv\Lib\site-packages\pydantic\v1\__pycache__\errors.cpython-313.pyc","31501","F0D743C3F707ACDA21B8A9ADF7E24E1B5FFF97C26DC2CA0923F7DFD1980848F2"
".venv\Lib\site-packages\pydantic\v1\__pycache__\fields.cpython-313.pyc","58226","3769FC38E5E7E274EEEB3B7ACF74DD00374FCD1E6CB02E6747CFD346BBCD2FB2"
".venv\Lib\site-packages\pydantic\v1\__pycache__\generics.cpython-313.pyc","17135","A334964AE12336F32E86AA83586DA930D614F0B29974EE7B1234267F04A52B9B"
".venv\Lib\site-packages\pydantic\v1\__pycache__\json.cpython-313.pyc","5185","5DE1965758FD86F000F87A62E9FEC73205D6F7FF931F2E998C58CE665FD715E7"
".venv\Lib\site-packages\pydantic\v1\__pycache__\main.cpython-313.pyc","49467","244F372255AF89FCD62522B6884DC29E48131A204D70D7DC2497BE5C708EA79F"
".venv\Lib\site-packages\pydantic\v1\__pycache__\mypy.cpython-313.pyc","47136","8BA4BF3AE1504052F29887044FBB6FE3B9B233052B5567D57AE431AB203D78AC"
".venv\Lib\site-packages\pydantic\v1\__pycache__\networks.cpython-313.pyc","30359","6410FA59DEBAF9CE50F81FBA93403DC578BF5CC3322ACDC222AFDED15F85EB34"
".venv\Lib\site-packages\pydantic\v1\__pycache__\parse.cpython-313.pyc","2889","68BBE4996945CAD4EEAD1FB266E2247252706FC9DBE46B97408F6F8ED183E815"
".venv\Lib\site-packages\pydantic\v1\__pycache__\schema.cpython-313.pyc","48719","3D8CDAB0B6ECDC7FAA9F61019B995FC048E6F988AE0BEA0B6EA12FD0308EC31F"
".venv\Lib\site-packages\pydantic\v1\__pycache__\tools.cpython-313.pyc","3828","AD9E29C1334D25365E361019ADE1885E786D8F0870DAC10F211E3E6DC9345559"
".venv\Lib\site-packages\pydantic\v1\__pycache__\types.cpython-313.pyc","49764","25FFB23702658ADBAA581ED8956E37FFC98C7644E9D81CBA79353F4F075A9089"
".venv\Lib\site-packages\pydantic\v1\__pycache__\typing.cpython-313.pyc","22960","218756E2E9F09C0FAB7A37F2E424EF4729D457BBAC9B1021F98F54AC67FFE6B6"
".venv\Lib\site-packages\pydantic\v1\__pycache__\utils.cpython-313.pyc","35482","22FA45A84DDC65AB5EF2CFFE17D87DABFBDF5021DC62A227DDC771877D54F428"
".venv\Lib\site-packages\pydantic\v1\__pycache__\validators.cpython-313.pyc","32061","E3C20604B0447AA7D1BD92389DBF11263D1D675D0F7B81F16419BFAF6C4F5046"
".venv\Lib\site-packages\pydantic\v1\__pycache__\version.cpython-313.pyc","1962","DC4B3C7E668F3A4CA7987FA997E723CF9890903D6CE4CFE02C6874F579262E30"
".venv\Lib\site-packages\pydantic\_internal\__init__.py","0","E3B0C44298FC1C149AFBF4C8996FB92427AE41E4649B934CA495991B7852B855"
".venv\Lib\site-packages\pydantic\_internal\_config.py","14674","4D66708377346D91E24F76E8479F9862A928B877308D175E9E6C861E87D5EC4D"
".venv\Lib\site-packages\pydantic\_internal\_core_metadata.py","5162","63F836B778BBBA5B8AFB05C266FCC97D114C3D4336DDA0582DF69EE05CC13F2D"
".venv\Lib\site-packages\pydantic\_internal\_core_utils.py","6487","D63AEEE156C9D31EB747A76D55CB8E23E74A4130BF77F9529C9584050CC63444"
".venv\Lib\site-packages\pydantic\_internal\_dataclasses.py","13158","4E4D6611A7E169DD6457B2B9B4F5F9070C5649763B0BE30AC1FD0E2C58089440"
".venv\Lib\site-packages\pydantic\_internal\_decorators_v1.py","6185","B5F75F76940A6384765C23B0A876D97A840CBABE95362811ADF86E757047C77F"
".venv\Lib\site-packages\pydantic\_internal\_decorators.py","33529","3E7C80A0A4A0DC135B0954999F0AB0F67684835503B58BC34FD2E5BA280F88EF"
".venv\Lib\site-packages\pydantic\_internal\_discriminated_union.py","25478","68C9744914B24321DF5B8FA49673131CDBF0491A2A1371F73D157FD39BD1B138"
".venv\Lib\site-packages\pydantic\_internal\_docs_extraction.py","4127","7F2CE74801E1E40CE88675D94AD5741EF1FE9D16DABCD1CFCA0FA49F1F92FC41"
".venv\Lib\site-packages\pydantic\_internal\_fields.py","28093","6127C42AADB51608CB27A62A6172A1D1E104B399F130FBD0EA1A7DA40F0DCDFC"
".venv\Lib\site-packages\pydantic\_internal\_forward_ref.py","611","E67DD8EFEDC028B9FCFC54B761CECABAD2E23D48725E602D90464E6859E89F03"
".venv\Lib\site-packages\pydantic\_internal\_generate_schema.py","132665","4D3E3DBF3633A87F74AD6AEFE69B4DA19823CCEB11D0A3E54A4A8F545AE7AC1C"
".venv\Lib\site-packages\pydantic\_internal\_generics.py","23822","10BAA34FA2CCCD0CD600AD04079FFDAA47BF8806B3CF4390E20BA7A7FB8AB986"
".venv\Lib\site-packages\pydantic\_internal\_git.py","809","2303E1DC33DF6B65EADEB06E07D371F25B91D80D62EBD41D7937D659722E0958"
".venv\Lib\site-packages\pydantic\_internal\_import_utils.py","402","4D18710F93AE63A094A2C8A805D05C254B34A26EC820E36265D60057BCD0F233"
".venv\Lib\site-packages\pydantic\_internal\_internal_dataclass.py","144","FDB79D7355DBBAECA044688B66A914930C05A506A847584A2E5479D359F2C926"
".venv\Lib\site-packages\pydantic\_internal\_known_annotated_metadata.py","16765","25CECA4CD159A01DDFFB489B3FF36024834E795BD8137AB73930500E354C9375"
".venv\Lib\site-packages\pydantic\_internal\_mock_val_ser.py","8885","C2645115206FA9F70B6C8E353EC165881E2ED80677989A597A21116C3DF1293A"
".venv\Lib\site-packages\pydantic\_internal\_model_construction.py","37783","C24F9B3460C026F76E686BE7D14D3FF33125D06111BB4B2126F37CFD97E461AC"
".venv\Lib\site-packages\pydantic\_internal\_namespace_utils.py","12878","865DFE4D102BF365368D3C8F3F7B7E42AB2F28B8ABC6D90B7CD7EB37E7E9D31F"
".venv\Lib\site-packages\pydantic\_internal\_repr.py","5172","8D07E726EC83C50A5244D846DBD208F4F5FC7B836FDAA599AC4C3696A8A1DD41"
".venv\Lib\site-packages\pydantic\_internal\_schema_gather.py","9114","54B12FE754D811E78D0F6733B32AE626AD4C56726A4CE9A72DA9FB546E3873C0"
".venv\Lib\site-packages\pydantic\_internal\_schema_generation_shared.py","4842","17FADB41BAE4A289A0C6CB24747A4FD23509ED309F7B40400C0124ABA089E273"
".venv\Lib\site-packages\pydantic\_internal\_serializers.py","1491","6085AF4A6011E5F9DB19258239076E5ADD72078650638D9E02BB9CF9E9EB6FA7"
".venv\Lib\site-packages\pydantic\_internal\_signature.py","6779","F049633C97B8A529DAA6E8AB1B90E4040803D618201F1100CB314F1FEF47D331"
".venv\Lib\site-packages\pydantic\_internal\_typing_extra.py","30309","FC6458A29362E1AF544A2E54436F3939BAE5B189AFA8A1164CD6C1A091522B67"
".venv\Lib\site-packages\pydantic\_internal\_utils.py","15912","73A35AA9FDDB76CE2305CB5EA625B98D5D31212410424E4405484C366550DCD9"
".venv\Lib\site-packages\pydantic\_internal\_validate_call.py","5321","3DF7559D2CE15CEAC436D683A03C373C558F5580F95BF80D60F7BCA77520E8B8"
".venv\Lib\site-packages\pydantic\_internal\_validators.py","20588","76FD1AD8D91CE33718AAFDF51A1FD021DDA571FF96D24429574A1237380475F8"
".venv\Lib\site-packages\pydantic\_internal\__pycache__\__init__.cpython-313.pyc","183","A8A8DF32FA677621BF9B4A3EC55CFD8555B188FF1B18EF6035DB8EDFDDDA52F8"
".venv\Lib\site-packages\pydantic\_internal\__pycache__\_config.cpython-313.pyc","15806","A8AF24AD40A7169F2EC334B184A11B36A5DE81DEE272F6C81B563BB4F744F7BF"
".venv\Lib\site-packages\pydantic\_internal\__pycache__\_core_metadata.cpython-313.pyc","4669","996A01B9761F60FE8ECC3EE76785867D3A270A35B94AB9C8F8505CF26F4F0C04"
".venv\Lib\site-packages\pydantic\_internal\__pycache__\_core_utils.cpython-313.pyc","7860","CAECCB999CE5F7F13FBF6B56404B029614E07BE68E3BE8AE05D8E0A0EF2497EC"
".venv\Lib\site-packages\pydantic\_internal\__pycache__\_dataclasses.cpython-313.pyc","13224","43B16AEAEC13B10B44B62418EABD502445A849DBB3794709138CF9E0200429D8"
".venv\Lib\site-packages\pydantic\_internal\__pycache__\_decorators_v1.cpython-313.pyc","8816","1801D9A94566DF6FBA4D4CA821EADE0476A0380A8214CD7B852B5CB7E0AED882"
".venv\Lib\site-packages\pydantic\_internal\__pycache__\_decorators.cpython-313.pyc","36607","364DB3DDD2429FBE68A2340911B0F92BFBEEF82BA9E3BF363661507E0D545CB7"
".venv\Lib\site-packages\pydantic\_internal\__pycache__\_discriminated_union.cpython-313.pyc","20775","AB8A046306F038DE20BB9FA5C43206BF729016BD2D593B815A120710C2E1F18F"
".venv\Lib\site-packages\pydantic\_internal\__pycache__\_docs_extraction.cpython-313.pyc","5517","FE907C72310DDE95CB747711A08ABDAA2C8C399CFDCCCE1053178F14705027BF"
".venv\Lib\site-packages\pydantic\_internal\__pycache__\_fields.cpython-313.pyc","24701","597D7C3AD37F5D68BF00DEF474ABB2501211E82DE8092B996AA54C2245C0F05E"
".venv\Lib\site-packages\pydantic\_internal\__pycache__\_forward_ref.cpython-313.pyc","1328","3AD8B330694D979BD3B18ED161E9AB17FC48AEF562C4DEE5A8F62DE0B353E1F9"
".venv\Lib\site-packages\pydantic\_internal\__pycache__\_generate_schema.cpython-313.pyc","131816","3488D0BB7258EC50E3F66DF97E60985D3630E0AE10C9C7CFED6FF32774A3F514"
".venv\Lib\site-packages\pydantic\_internal\__pycache__\_generics.cpython-313.pyc","24415","BA23957B28E3F17BCE7D97D42169505F23CC8FB695312A71A9B326C870488467"
".venv\Lib\site-packages\pydantic\_internal\__pycache__\_git.cpython-313.pyc","1506","CBF21CD3AD5BE2CABFFBF315E0DF6C2AB9F6A9AD68E1F736FE4713AA557F80E6"
".venv\Lib\site-packages\pydantic\_internal\__pycache__\_import_utils.cpython-313.pyc","825","CBE61D8D2FAF76183CE48D0946A7E1644AF1718462CBDDAF76EA008920EDFC12"
".venv\Lib\site-packages\pydantic\_internal\__pycache__\_internal_dataclass.cpython-313.pyc","334","C681E62D85C4F5FB0D4E1725DD43879E436B25684FA624EA3878E9F4C314607F"
".venv\Lib\site-packages\pydantic\_internal\__pycache__\_known_annotated_metadata.cpython-313.pyc","14287","5DFEDF99C955D7A769C213BB3B4E0075480376C936D10CF520FEF0E615A124E0"
".venv\Lib\site-packages\pydantic\_internal\__pycache__\_mock_val_ser.cpython-313.pyc","10941","5EB9EA0F6D146659C637CBB642599889F948FB4C581039A93EBCC7937DC26C70"
".venv\Lib\site-packages\pydantic\_internal\__pycache__\_model_construction.cpython-313.pyc","35363","8DDDD18B82A2474B0388DAA55053559500DC6FBB3DD842072BA905DDDDC67E90"
".venv\Lib\site-packages\pydantic\_internal\__pycache__\_namespace_utils.cpython-313.pyc","12131","8680EAE95DFB5A53E36AE95ACCED525C26A1345F7FE177B66FA46F10F07FCA35"
".venv\Lib\site-packages\pydantic\_internal\__pycache__\_repr.cpython-313.pyc","8074","BA9DFE942342EBBD60BF2D794EBEA2BA0166957D964F5C9E485E3D962FC6D30E"
".venv\Lib\site-packages\pydantic\_internal\__pycache__\_schema_gather.cpython-313.pyc","7829","F9C45D18469A2973B114B657DE214E24718989BBA67CCFE6B9C113E47576DD5D"
".venv\Lib\site-packages\pydantic\_internal\__pycache__\_schema_generation_shared.cpython-313.pyc","6204","CD2C6315AA0DB39C25E841546925CE4FD0B2C65E866D4F95BEF0F29C5B73DB26"
".venv\Lib\site-packages\pydantic\_internal\__pycache__\_serializers.cpython-313.pyc","2116","59A724F7209D515B3323B9DFC40A9322B10FAA61E620AFB7237B0B4FC48C407D"
".venv\Lib\site-packages\pydantic\_internal\__pycache__\_signature.cpython-313.pyc","6871","BD7FE70485B17FEBDB04BB19930DFF947C04D236C9F5E03B2B9EF1460C55C8FE"
".venv\Lib\site-packages\pydantic\_internal\__pycache__\_typing_extra.cpython-313.pyc","27967","EDA3138D530DDDA2465AA04AA0B93D1E876F0396FF255C18E2ED6D919D4D22D3"
".venv\Lib\site-packages\pydantic\_internal\__pycache__\_utils.cpython-313.pyc","19856","A54A4BC13401CB64A91EB3A89D23B533612C2279C80813E19684CBACE3B09708"
".venv\Lib\site-packages\pydantic\_internal\__pycache__\_validate_call.cpython-313.pyc","7071","8B1EF1C0325BD721A98CCE2A2EC180CF898FAC19B60945BBC565FE3AEBF1A909"
".venv\Lib\site-packages\pydantic\_internal\__pycache__\_validators.cpython-313.pyc","23343","39BBB15BA62A53A883BADC9D01234D4048F2C1198A8C99724D0682F8132BF6E5"
".venv\Lib\site-packages\pydantic\__pycache__\__init__.cpython-313.pyc","14403","ADF7EE2E84D4E5C3AE9A7F96DE4C27DB5D0D684816CD322FD2ECB2B68706C23C"
".venv\Lib\site-packages\pydantic\__pycache__\_migration.cpython-313.pyc","10978","41AD4295298BC3FA8302DA6845E7634A4FCBC94EF42B71704D56E43BAEB7A041"
".venv\Lib\site-packages\pydantic\__pycache__\alias_generators.cpython-313.pyc","3189","7761936384563E608C968B62F83FDFB164B8CAEE7D3BAA20F5DC2BBB04BE9D61"
".venv\Lib\site-packages\pydantic\__pycache__\aliases.cpython-313.pyc","6540","DA8557584A4C0CC85D4B72B5AACC39C57E42BF7AA61173A7910BD43FC90D2C11"
".venv\Lib\site-packages\pydantic\__pycache__\annotated_handlers.cpython-313.pyc","5214","F828677EAA5291F14CFB47D140F3671E1D3DA0B7BD8F94980FA73B7FACE8C5FE"
".venv\Lib\site-packages\pydantic\__pycache__\class_validators.cpython-313.pyc","358","D47185225634BA4240D9D45114511054FAA4B90A4DE0871BAA9353FF960D61FF"
".venv\Lib\site-packages\pydantic\__pycache__\color.cpython-313.pyc","29794","8B047C1FEA3FE1602EB98C00FFF1885E600627F9035B944EE072F37E54D9B759"
".venv\Lib\site-packages\pydantic\__pycache__\config.cpython-313.pyc","7493","8E34C61D63D5EFF968129DDE0FB75902D9FD5C2D04A19A6962FD4A45319EC317"
".venv\Lib\site-packages\pydantic\__pycache__\dataclasses.cpython-313.pyc","17299","BE77DC9C6A8DFB0E8A0E6E70B9A972A4EEB7AADAB25431E544D6B86C8BFE6FD3"
".venv\Lib\site-packages\pydantic\__pycache__\datetime_parse.cpython-313.pyc","358","CCF33300F223B2BB03D18E0C0E00B66C7ACB554416FDA3F3FF224FDE1B1D652D"
".venv\Lib\site-packages\pydantic\__pycache__\decorator.cpython-313.pyc","348","BCF1B0A7A98BCED03D6492724893DC923993DEEDF7D76B8B65F628EB77E6802F"
".venv\Lib\site-packages\pydantic\__pycache__\env_settings.cpython-313.pyc","354","EA70F9675A7BEA0B411E44A496AA80B9972E0FF821C2AF004AE9B6E408174B48"
".venv\Lib\site-packages\pydantic\__pycache__\error_wrappers.cpython-313.pyc","358","F22DE0513B0D7A28858CED7D2F815200AD703F55621D3F30F0B7F176FA23BBA1"
".venv\Lib\site-packages\pydantic\__pycache__\errors.cpython-313.pyc","7716","74287714E105BAA25E0ACF3179E0004D4609D650E3BE513A6D42BFA6A6FABECB"
".venv\Lib\site-packages\pydantic\__pycache__\fields.cpython-313.pyc","71956","7B6FB350DAC5DEDFADA5B1B4E25B3A6EB38B7C2597CDBF861FB47F92C1A227FB"
".venv\Lib\site-packages\pydantic\__pycache__\functional_serializers.cpython-313.pyc","17421","0748FB69C934C74E95C38AD9AFE6B8EC5A21E314F633BE618359ABE5EE93ED68"
".venv\Lib\site-packages\pydantic\__pycache__\functional_validators.cpython-313.pyc","34037","311B6489ACAB519E41CE1FF21BEA71A78C075E89E7B65318825C0574CC008BC3"
".venv\Lib\site-packages\pydantic\__pycache__\generics.cpython-313.pyc","346","B1081EFD38FA33416516BB0254550C5DDCE9D595FB4855AC6EF7E6EDDB529C5F"
".venv\Lib\site-packages\pydantic\__pycache__\json_schema.cpython-313.pyc","118022","6CB5D37B51C46C28BA0B65A2BAAA50750011A50737E856E09547B4E3E843130F"
".venv\Lib\site-packages\pydantic\__pycache__\json.cpython-313.pyc","338","23C4E5521786CAAC16ADFE318B8C093A6CA609DEE255B02FB3EF6C981BC0B523"
".venv\Lib\site-packages\pydantic\__pycache__\main.cpython-313.pyc","75444","9026D6A3F9BFACD1C1AF969A8CDA77D63181234DB32551343CE55AE16ABABCD7"
".venv\Lib\site-packages\pydantic\__pycache__\mypy.cpython-313.pyc","63255","1E44BE76D70264A1A58FB87E6FB113A2C3D9C49C09C9F32FC21721FEFBBCA8B1"
".venv\Lib\site-packages\pydantic\__pycache__\networks.cpython-313.pyc","49143","1C2F8A333B64050719EF0725522AD4F89A4483152B8665D7DDB0AF2F51F4DF48"
".venv\Lib\site-packages\pydantic\__pycache__\parse.cpython-313.pyc","340","2591738BE9A4D9AAD29F4A21E55884FA29E30AF1ED267F9FAC6BFBB6A68A86A5"
".venv\Lib\site-packages\pydantic\__pycache__\root_model.cpython-313.pyc","7752","582A32750E787C7506A36D7E2CAD2A16C9F5F6F1B621B48E39CB826F51E58328"
".venv\Lib\site-packages\pydantic\__pycache__\schema.cpython-313.pyc","342","AA704434A239930FAF9768C0C4B404190E7DE43B42308F9C11F564FF0AC57658"
".venv\Lib\site-packages\pydantic\__pycache__\tools.cpython-313.pyc","340","2C22BA4FCCF341C49D098C92C484E82D93B9E4205F999B023262BAE989B315F8"
".venv\Lib\site-packages\pydantic\__pycache__\type_adapter.cpython-313.pyc","34094","4F27B079776BA4C1C55F4245E2E272849A69781016513D0482B767CCFEB6AD8D"
".venv\Lib\site-packages\pydantic\__pycache__\types.cpython-313.pyc","93922","EACC0CF739A2426C21DEF5F1A64AC1051377752C221C0B4E54621505CFAAED7A"
".venv\Lib\site-packages\pydantic\__pycache__\typing.cpython-313.pyc","338","EBF275CF9422A3D8F06B73621F94BE4B9FCC10CAFE04FC956721A7F645981301"
".venv\Lib\site-packages\pydantic\__pycache__\utils.cpython-313.pyc","340","BD6D95226FCE7C63118729B42159039809839E10ADB7357309969A2D8AA6C9D3"
".venv\Lib\site-packages\pydantic\__pycache__\validate_call_decorator.cpython-313.pyc","5484","FF4A68789F038D71D3179C90F3708433E4C990A76FD74D6D8B1995FEE91319AC"
".venv\Lib\site-packages\pydantic\__pycache__\validators.cpython-313.pyc","350","98B688F70CFBDBF23481FE0BA132DA671BC8CF96AC8904DA5960ECE7A2FBADF2"
".venv\Lib\site-packages\pydantic\__pycache__\version.cpython-313.pyc","4842","B8572FCDB42ACEA5ACC43B0ED5A8D368A8A806CEABFC93B706CDBF1BD4210C2F"
".venv\Lib\site-packages\pydantic\__pycache__\warnings.cpython-313.pyc","7535","9C25755F15E6521B24AC0D580F004D9AB0B503C9DEE3156F774F0561E5C2C41F"
".venv\Lib\site-packages\pydantic-2.12.5.dist-info\INSTALLER","4","CEEBAE7B8927A3227E5303CF5E0F1F7B34BB542AD7250AC03FBCDE36EC2F1508"
".venv\Lib\site-packages\pydantic-2.12.5.dist-info\METADATA","90587","A3BA23E895191FED69B8323CBCBCDC82984CA0B6A3CDC62C48A2341886A9C08D"
".venv\Lib\site-packages\pydantic-2.12.5.dist-info\RECORD","15455","49466972B617C2510CF88D76F53BF59B6FD4E086ACAE5A9AEEE9D57D84FE958D"
".venv\Lib\site-packages\pydantic-2.12.5.dist-info\WHEEL","87","AAD0B0A12256807936D52D4A6F88A1773236AE527564A688BAB4E3FE780E8724"
".venv\Lib\site-packages\pydantic-2.12.5.dist-info\licenses\LICENSE","1129","A9E186F3CA16B5EEF84318E7A701721351A00CB7B8AE3A4394B67B49E3529EF3"
".venv\Lib\site-packages\pydantic_core\__init__.py","5286","E644150A9EAC4372C4FF826C8F614DF288A561E39250E96C58E447F17806C6BF"
".venv\Lib\site-packages\pydantic_core\_pydantic_core.cp313-win_amd64.pyd","5437440","77077F8F3B7DFBD9F6D4386F5CE424F72085E5FBFCD1593759FCFA1849F586E4"
".venv\Lib\site-packages\pydantic_core\_pydantic_core.pyi","45973","F4C6B158291EAE5948EDAAF64A9CFFD0B48649925C99C1AA0B4DAB53EF4C765E"
".venv\Lib\site-packages\pydantic_core\core_schema.py","159165","9389F827840DCBCB85BA6B144D7C3347929B3E1EC4C8BCD6197D31EE945DCF19"
".venv\Lib\site-packages\pydantic_core\py.typed","0","E3B0C44298FC1C149AFBF4C8996FB92427AE41E4649B934CA495991B7852B855"
".venv\Lib\site-packages\pydantic_core\__pycache__\__init__.cpython-313.pyc","3249","8F108D651E3F09A255A26845431346CBC13C7314EDD45352C59E8B88AC3A6119"
".venv\Lib\site-packages\pydantic_core\__pycache__\core_schema.cpython-313.pyc","150679","479045F1FBB21F8D772830E8C1239D9790B2D9F2DCB504EF8ABECF849EF7B8E8"
".venv\Lib\site-packages\pydantic_core-2.41.5.dist-info\INSTALLER","4","CEEBAE7B8927A3227E5303CF5E0F1F7B34BB542AD7250AC03FBCDE36EC2F1508"
".venv\Lib\site-packages\pydantic_core-2.41.5.dist-info\METADATA","7420","131F371CD30E6DE6F405ED616D59F1E427B0CEF22AD92D7C39E527ED4C0184A9"
".venv\Lib\site-packages\pydantic_core-2.41.5.dist-info\RECORD","989","7E2E10B9059D9B7EA5B0B54F09E382713226DFBDE84BE79698C11F173E94F495"
".venv\Lib\site-packages\pydantic_core-2.41.5.dist-info\WHEEL","96","4C9418EFB4112EF5EADF6B44B3D0139B028EE8D00EB6E28E030E747B28929965"
".venv\Lib\site-packages\pydantic_core-2.41.5.dist-info\licenses\LICENSE","1101","FBE7F615F18D135C07000E5A86325DB27F42C7729699EF166AC1F7A3F4586BF4"
".venv\Lib\site-packages\pygments\__init__.py","2959","FF7513F3A4C6A47B96F057A4759F2E2E2744647D4D86670B88ECB628A34F0ADE"
".venv\Lib\site-packages\pygments\__main__.py","348","A7C009CA8C8238C606BF3587767AB4FC0F6A69A56A6A3D369C8BB7C61269D7FE"
".venv\Lib\site-packages\pygments\cmdline.py","23536","E292FD2A99F63D410A3E86E0AEC42083EBC2C76363B2B6A92B343A2F1411ED0D"
".venv\Lib\site-packages\pygments\console.py","1718","01A8035AAC1E6B6C8159FD74282F69B4180CA4C8F12A9F3200102687E3503959"
".venv\Lib\site-packages\pygments\filter.py","1910","60BB694E7662BB4EE7637A0AF677D1E84F58D4504784FE4F5FC82F90959C7DA8"
".venv\Lib\site-packages\pygments\formatter.py","4366","1FFE09FA6A0A90A7D1594396F49D2EEE1870EA7D4B88EFB65EED6AD81D2C139C"
".venv\Lib\site-packages\pygments\lexer.py","35109","89BF85FF41B11E4C06A5BEAF58FD0378B30B73B118823A3785614A3792203AAD"
".venv\Lib\site-packages\pygments\modeline.py","1005","2B9792911F064B5AF93A45D74C739C57468CFFAC6993D7963442005BE38E2768"
".venv\Lib\site-packages\pygments\plugin.py","1891","B4FC74AC9093219F62A1180B3581B8A627C26C0C1345465D76F2F0F8D7C0936C"
".venv\Lib\site-packages\pygments\regexopt.py","3072","C1768FF468E9FE1280767202AA80E447100E40949CE2FDD7EA6731C77CFE4CDB"
".venv\Lib\site-packages\pygments\scanner.py","3092","9CD7044D1475B51BA24DA1E61D24D310255814F70B7FA98366ED5EE2EF7503D1"
".venv\Lib\site-packages\pygments\sphinxext.py","7898","5447BFA073602E810630773644E7DB79EDA61763CF44417213AFE6FC937916F4"
".venv\Lib\site-packages\pygments\style.py","6408","0A9C3D7420325B7FC90301515CE2579AD29BE59C0EDBFE4A4A696AEAAE1F670E"
".venv\Lib\site-packages\pygments\token.py","6226","59B7561A1626FD5A2C6F40C3C56F651CD3E02135DF593B10987B7A732F516DC3"
".venv\Lib\site-packages\pygments\unistring.py","63208","6A5FBFAC17A646E1AF8A7B2B33A6AD36C1D3989E8351BC36E2AD8ED91BB57017"
".venv\Lib\site-packages\pygments\util.py","10031","A11B52A62028E6333DBA59ED92F55B81751D8805B9EE39EE60607BB7D7D8BA17"
".venv\Lib\site-packages\pygments\filters\__init__.py","40344","074D0AA8F0908791345E1CDA0CAEF841AD44E1F0D24E50FA6F43EFAF5BFEBC44"
".venv\Lib\site-packages\pygments\filters\__pycache__\__init__.cpython-313.pyc","37903","8E03214D26568E0FEBC0962B78E38F9D1C5E75D89B5B9B6D5AE8B9FB08E42DD7"
".venv\Lib\site-packages\pygments\formatters\__init__.py","5349","ECEBAF9A860BCA83F3A0E415FDBAC71BC19229807FC2315290042783AC76CBD8"
".venv\Lib\site-packages\pygments\formatters\_mapping.py","4176","D42C37EC5B9094D69C9F144A9AD94F5F89F22E85FDFEDB64A39670B1C354659E"
".venv\Lib\site-packages\pygments\formatters\bbcode.py","3296","B3429ADF938AB88721A128040067FAAE3D2B9766BDCA6F4BDF525535245B6454"
".venv\Lib\site-packages\pygments\formatters\groff.py","5082","A4B7081E3E23252FE54405459F224E0CA0EED5797297DFC010874EB5B9770D3D"
".venv\Lib\site-packages\pygments\formatters\html.py","35953","16B1C9EBD1549621323D8D334DF69BD02D603DFECB5EC2A0791961C249E2A88B"
".venv\Lib\site-packages\pygments\formatters\img.py","23301","691A45A3C9819964CBDEC0548D109691E4B7ADCE8566B4850B8124B03AE5E778"
".venv\Lib\site-packages\pygments\formatters\irc.py","4945","47426CD13616C92948DB213DB16EAD3787785FEC7793D666B9DB228C63E72E65"
".venv\Lib\site-packages\pygments\formatters\latex.py","19258","05162D6CB796FD80F59308619C522784920ACA5BAB9EB8BC085D653F4EBD2961"
".venv\Lib\site-packages\pygments\formatters\other.py","4986","F29616DBBB14FFB5E270B52A384B76C9648ED21D481143374C8BF7E0A3832F0A"
".venv\Lib\site-packages\pygments\formatters\pangomarkup.py","2206","A5C16F102ECAD4C7B412319E399B61E280A7118F396DFA9CEFB5F36404843E96"
".venv\Lib\site-packages\pygments\formatters\rtf.py","11921","91C28C0B14D7BBEDBE8698047ED9462519BB4ACFB203F4B2F0EB071FFAB3CA40"
".venv\Lib\site-packages\pygments\formatters\svg.py","7138","47A036304E89B0C416162CA7F3070AC0550E0FABECBBE1CBC22233B4BBBEEFB1"
".venv\Lib\site-packages\pygments\formatters\terminal.py","4626","27F17F7455F047D2C75AF6AD2039F0A91609CA35664A8D59C7C2BF5C387A4B23"
".venv\Lib\site-packages\pygments\formatters\terminal256.py","11717","EC64052C4E5C7E67AEE77080CC034EEF8FA4064D811645DF9F9A619998D89213"
".venv\Lib\site-packages\pygments\formatters\__pycache__\__init__.cpython-313.pyc","6872","1172C95150D7017038003DE52088460C120AD1D867141A7DDB107E91E21771E0"
".venv\Lib\site-packages\pygments\formatters\__pycache__\_mapping.cpython-313.pyc","4197","7118D94E8AC6F1028F22ACD402390CD52AA9F9A3371750D55881CB09A2E3926F"
".venv\Lib\site-packages\pygments\formatters\__pycache__\bbcode.cpython-313.pyc","4242","4D41084CBC214D44454DAE5A26402EA7230E06BEE0B12F3DC67821B75A7654E6"
".venv\Lib\site-packages\pygments\formatters\__pycache__\groff.cpython-313.pyc","7394","EB4A497BC1166A7D6C8BADDE949DF65DBD1F76E146D233A8FDFDB9910813999F"
".venv\Lib\site-packages\pygments\formatters\__pycache__\html.cpython-313.pyc","41378","E5EC9DD8603DD8399D2837A6B80D07C50CD6838D216C0C9B75315991C7FFD3B2"
".venv\Lib\site-packages\pygments\formatters\__pycache__\img.cpython-313.pyc","28488","91E238D6179C3FCD68671B74AB4F84C9AD60FA9719EACCAEA60D6104176C25E9"
".venv\Lib\site-packages\pygments\formatters\__pycache__\irc.cpython-313.pyc","6065","A4F058F103A80F5A222D78A1130E331A2F5B21A7F59011D06A45C123AD5E2301"
".venv\Lib\site-packages\pygments\formatters\__pycache__\latex.cpython-313.pyc","20319","E9567128B7B58967766397C0216064325596D519F16221AF19EF480BC784E6E4"
".venv\Lib\site-packages\pygments\formatters\__pycache__\other.cpython-313.pyc","6889","E474EFF12762AF798DA910AEC4D8407FE428F23D5F67CDA7C64A63BBC47FC731"
".venv\Lib\site-packages\pygments\formatters\__pycache__\pangomarkup.cpython-313.pyc","3002","9F36186BAC41D24705617544555BA844B5A6C4BE393057E4E40E35925651A2F1"
".venv\Lib\site-packages\pygments\formatters\__pycache__\rtf.cpython-313.pyc","13816","93BF12958B6E15C32E5506728796303956E087E9F8A1BF8E80B7D5D8D78299BA"
".venv\Lib\site-packages\pygments\formatters\__pycache__\svg.cpython-313.pyc","9119","ED7F0C186417026A009B382BB6D6AABB8142710C7D97D658F7FD2902A9DC16BE"
".venv\Lib\site-packages\pygments\formatters\__pycache__\terminal.cpython-313.pyc","5833","3A36FE436D5B48E0FFD7EBDA699E701CC536EE167AA9B9A2AF2EDC43496B178D"
".venv\Lib\site-packages\pygments\formatters\__pycache__\terminal256.cpython-313.pyc","15469","6756A808E3ACAEC8883ACBBB370EAD4552699A4EC677E2021EE00C7330C749E1"
".venv\Lib\site-packages\pygments\lexers\__init__.py","12067","E98873C462A55A4DFC3FA269209510D6B56F5740C4663126758B1D310E7C8529"
".venv\Lib\site-packages\pygments\lexers\_ada_builtins.py","1543","080FCE9D286D75CEF05A1F6861C46572B903010C1850A97AC3BB5D49B00B41DE"
".venv\Lib\site-packages\pygments\lexers\_asy_builtins.py","27287","71DF4CD34607D7DC3964BEDAAAE7260B79F0A491934B4E14FB4D4D2F2E44DBFE"
".venv\Lib\site-packages\pygments\lexers\_cl_builtins.py","13994","9107942326633F8917D1FAE42020DC2B10584022EACC80D76B9595E5C7AF843A"
".venv\Lib\site-packages\pygments\lexers\_cocoa_builtins.py","105173","29AD652C97BB25F5AD761A38205201F365FDC81BEB6DF1C20A6106FA97975E14"
".venv\Lib\site-packages\pygments\lexers\_csound_builtins.py","18414","AA741829E236E991E29B7D7ABAACBF843891882A07A364478C3DEC60100BC97B"
".venv\Lib\site-packages\pygments\lexers\_css_builtins.py","12446","683F9D84B15755DD40B67FDB65DEE011D427ECC85EEB4FD51E9BD9DF8D16CC32"
".venv\Lib\site-packages\pygments\lexers\_googlesql_builtins.py","16132","224ACE93E4F6BF5CB36C6CD4104421E7F09FE2E0BF7262FFBAE8700E96654EE8"
".venv\Lib\site-packages\pygments\lexers\_julia_builtins.py","11883","37659D4B0E73808D9F8436ADFE2E18795AAEAD14C2FCFF31EF57B3D3448237A5"
".venv\Lib\site-packages\pygments\lexers\_lasso_builtins.py","134510","F2AD606ECACC25E69E521C4860A85A3B10BD8FF07E341A6AFD7163D997B8D57D"
".venv\Lib\site-packages\pygments\lexers\_lilypond_builtins.py","108094","5D36C62F5CF5A0A328A962C492D1B7DE3C7919D19323D0A978EE4D85E122E18D"
".venv\Lib\site-packages\pygments\lexers\_lua_builtins.py","8108","3E115D655E7E4F3CF68FFAB896F1BD96BF3810B19F2F8D41867AD20CD353686E"
".venv\Lib\site-packages\pygments\lexers\_luau_builtins.py","955","F880EB534E245157E35F0490CCC3295E631884DB10C59555664F1CB800342E8D"
".venv\Lib\site-packages\pygments\lexers\_mapping.py","70438","F5FBFBC5839400EAFA2F37DD152E0C0DB3EEEFCA38390407FB69EC2356CD65FE"
".venv\Lib\site-packages\pygments\lexers\_mql_builtins.py","24713","C9B4508E56FB0AE974B03B2D9F3C49977874A92E887AAB2BF35D5FAABC72BA65"
".venv\Lib\site-packages\pygments\lexers\_mysql_builtins.py","25838","CB4900599540B34CF6753149255E36399A482E046777C4F7CD294116FFA0FE80"
".venv\Lib\site-packages\pygments\lexers\_openedge_builtins.py","49398","4B3E23F7E08F5886B131AFB67D9818EBA8FB8A072ED686F5191D94B48F330248"
".venv\Lib\site-packages\pygments\lexers\_php_builtins.py","107922","25DE016698CC0C42CF8B8115A12C4AD7EF0115373ADC753061F9B5ACBAC68F43"
".venv\Lib\site-packages\pygments\lexers\_postgres_builtins.py","13343","3EA878CF444145B9D6EAB090B5651DCD6089C4DCAAA49EFFD073A4B711C3C64E"
".venv\Lib\site-packages\pygments\lexers\_qlik_builtins.py","12595","C6E272F5CF6E6435EFEA1F33E7CD8FE4FAF1AA4C5367F9D2F203E5F4E0FD54DF"
".venv\Lib\site-packages\pygments\lexers\_scheme_builtins.py","32564","DA136D24E2663F6D6552C8A4A6A309DA00262D3DD1C27FCA11EAA15F00A381F9"
".venv\Lib\site-packages\pygments\lexers\_scilab_builtins.py","52411","A1960F0755CF748133DE9208D75A450DEE9EC6D451C96180EE9634E97F0A67CC"
".venv\Lib\site-packages\pygments\lexers\_sourcemod_builtins.py","26777","1FC0052EC343744A7298858EA43C1B0C91823F5C3EC7ED604A5CCF0E2A0C178A"
".venv\Lib\site-packages\pygments\lexers\_sql_builtins.py","6767","A1EF05F705AE3B6892EA712C640749B425028414E380CD52ABF6A2A6EEF88D73"
".venv\Lib\site-packages\pygments\lexers\_stan_builtins.py","13445","7708B586594CFCDB1A0AFF9A5C9CBB9448B9ED7E478798120FDEDA090C93F4A3"
".venv\Lib\site-packages\pygments\lexers\_stata_builtins.py","27227","1EAAEBEA3EFBCD65377061A904FA21C1EC59722E37600E3FB15604E04D6C368C"
".venv\Lib\site-packages\pygments\lexers\_tsql_builtins.py","15460","3E2D918535DC2C4DE0948F68C4D87256C38C9FE7CAFF54D1C49F84B183F92DC2"
".venv\Lib\site-packages\pygments\lexers\_usd_builtins.py","1658","73D85B535730A8150214884D7EEFC3A1BF32C2FD6B94F862F70D8E4E3DE447CB"
".venv\Lib\site-packages\pygments\lexers\_vbscript_builtins.py","4225","32A276001CB00F6D5A491B56619446EB80826C6B2D0B591FB221C6266673C62C"
".venv\Lib\site-packages\pygments\lexers\_vim_builtins.py","57066","6C0E261FCB7598F3D07C489408A12A44ED4ED2B2F60D41B4531D41B7C652BB41"
".venv\Lib\site-packages\pygments\lexers\actionscript.py","11727","2419E009EE548584FFD1D2C3DA3ECF9CF3B4C51449866CA912E43E0B98A7F296"
".venv\Lib\site-packages\pygments\lexers\ada.py","5353","E7C939ADAD6F192E222E95B787522D63D7EDCC5DD67AF69E0005F30184E26244"
".venv\Lib\site-packages\pygments\lexers\agile.py","896","0CDFBB01522AB46D4CB2103DE2BB5219823FF3CE21547833AB8D39C03D3F765F"
".venv\Lib\site-packages\pygments\lexers\algebra.py","9952","C864EEF53B7E710CC0212418202E4C4B96B7CF84262FEB467179DDFE991619B9"
".venv\Lib\site-packages\pygments\lexers\ambient.py","2605","527CCAA4895F4A6DE28AD1EF31DED74CC498F138D961884A382DC0880452FDC1"
".venv\Lib\site-packages\pygments\lexers\amdgpu.py","1723","4BCAA39F650C2E10459B7627FDCD3A5C019FF1C979C7F65E96E7A5586FFE240C"
".venv\Lib\site-packages\pygments\lexers\ampl.py","4176","64145F0D79BBEB4811D5AD60A88B67B07BA83B725D51C4C18C9E6D158F54B4F0"
".venv\Lib\site-packages\pygments\lexers\apdlexer.py","30800","66BE7E8E08F10BC3CACD194479C95A9195CF1DC8BB14705982143AC308AE4FB0"
".venv\Lib\site-packages\pygments\lexers\apl.py","3404","3D340CA7E6F14F93FE0DBAC4BC585AD741C14DCB03279B2B2F7235B3D963CF9F"
".venv\Lib\site-packages\pygments\lexers\archetype.py","11538","A505653F515BE4E03C9E7ED0C2615A69A392BEFA6822C415C38DC5542402BDEE"
".venv\Lib\site-packages\pygments\lexers\arrow.py","3564","D8F29D6D6AB7C502C5D4AA036D6BD2C698F0291AF39E70E202B4DF951199CC1A"
".venv\Lib\site-packages\pygments\lexers\arturo.py","11414","53932D44D1C9B67067E1939E5A65BA30A955446ED25FA2A14D16A60EACE7F6D0"
".venv\Lib\site-packages\pygments\lexers\asc.py","1693","F8381997D8DC7010C73E50E68C2B2B12AC74F90EDAA7B5D574D2ADC4B3561B5C"
".venv\Lib\site-packages\pygments\lexers\asm.py","41967","C66D98E66713FAC177A10BDA8ABE125ACF44593CA7768694A12B03CB9BFAB212"
".venv\Lib\site-packages\pygments\lexers\asn1.py","4262","065725A085F66EEE90EC1C46724B2E8581471AC5CB54AC81E01F6615DE0F8FA1"
".venv\Lib\site-packages\pygments\lexers\automation.py","19831","43AD6AA27F04C297DA90C87FD8C4B6136CD4513D7AAC6DD434828F623213793B"
".venv\Lib\site-packages\pygments\lexers\bare.py","3020","B56A1E8BCE89257D64F800E16977794E05FA22D0D389C8BDC855A99133E19DF3"
".venv\Lib\site-packages\pygments\lexers\basic.py","27989","AA955EE61F056BB349A3512284DFB847F519A473BA9B2D92B2091BF8192D90AB"
".venv\Lib\site-packages\pygments\lexers\bdd.py","1641","CB2B1E7DC385004CA4F64276CB81179B325379C80B6141E55A2C6DFF76333CC5"
".venv\Lib\site-packages\pygments\lexers\berry.py","3209","CF11A8C056FC1CC232375E7E9BC9E65A75BA6CF451E1EB0AB52115BA073DB973"
".venv\Lib\site-packages\pygments\lexers\bibtex.py","4811","CAE3683F1C2B25FF43086513D7B8717C3CDBABF1ED08B9109116C1B624D599E4"
".venv\Lib\site-packages\pygments\lexers\blueprint.py","6188","373BD61CCC422C35ADF2173A801E63A2496DC5526035AEC9C21E1CEB59E0DFCF"
".venv\Lib\site-packages\pygments\lexers\boa.py","3921","74EA2DD5758D65384F222A36532017EBB2BA1292128D2442163A2D0FB75C9F01"
".venv\Lib\site-packages\pygments\lexers\bqn.py","3671","9C98B0ACF28A6D117EA9D6A2E6D7EA8A9C01924928D8FDF07A26408C750C8A66"
".venv\Lib\site-packages\pygments\lexers\business.py","28345","951B5E90E25FB0391BD760066EECF5D3E1BAECE26B54980206D8A14D0F3F6A86"
".venv\Lib\site-packages\pygments\lexers\c_cpp.py","18059","0FB648B30687012946060A139709D2A934077FCFC9CAFBD2B762F6AB55BE17A8"
".venv\Lib\site-packages\pygments\lexers\c_like.py","32021","1531A9D7B76CE97DAB0D9387BA9DA11FA0449F780A2B89CB9BDA7274D1219B41"
".venv\Lib\site-packages\pygments\lexers\capnproto.py","2174","5D0240875592FB4BA5A9B4E7F5377347A8048162DCB81A9BE2C8F78CDB2B86C6"
".venv\Lib\site-packages\pygments\lexers\carbon.py","3211","6AFD7662E4C6646A4E6B50A6C69DE5A69C772DF4895166EF3AED22C66515965D"
".venv\Lib\site-packages\pygments\lexers\cddl.py","5076","30A6BBD08C000608C18D8BB5E7F43DBFCAECBB6B2BD5AFA2DA392268F4C8EAC3"
".venv\Lib\site-packages\pygments\lexers\chapel.py","5156","D27FDF2F77A12C2E29C3860A9E6ABD8F121738973118F91AD56AF5B75CEC5CF7"
".venv\Lib\site-packages\pygments\lexers\clean.py","6418","7640CF03017905300B3DEB8A16844A3920F745FB0A70659B691A3AFC6F0B1E78"
".venv\Lib\site-packages\pygments\lexers\codeql.py","2576","79BBE0867DB36EB9C44D5E1BB95A3330399109529274688837CC9C2E51E91AC1"
".venv\Lib\site-packages\pygments\lexers\comal.py","3179","4C2DCDCDC279F1EC398F0EEAC0AD2427EA244C0E3BA6C6637B4C80212DFD1D1E"
".venv\Lib\site-packages\pygments\lexers\compiled.py","1426","4A57E8D6C8D6A9C3DAC14C1FD1D20864B0422F9A64388A005F64BC2F1B34D8C7"
".venv\Lib\site-packages\pygments\lexers\configs.py","50913","C16F2963449AE5AD74A6701E4CB19FE3C1E18B141355A81E2321C47F56983027"
".venv\Lib\site-packages\pygments\lexers\console.py","4180","FA3006D76D1DBA9BD5DE41B7CC2EF46EB2C9BD22F04C5A8CB9B050BA3FC65675"
".venv\Lib\site-packages\pygments\lexers\cplint.py","1389","0E46F213910AC9D2E07FA051AF516142B2BE21E40F2FB6668E4D0355D9511674"
".venv\Lib\site-packages\pygments\lexers\crystal.py","15754","C54F919E9224A63AEABA8C6D3AE39C3FC7DC7AC489978C6153B90EF66E362D96"
".venv\Lib\site-packages\pygments\lexers\csound.py","16998","8A84B0E10D38C1DC235006E74D9D6A2E152AD6FC5D585C6187742D125E510097"
".venv\Lib\site-packages\pygments\lexers\css.py","25376","24DD51058B1E7BE8EBA475AB4A684DDD329CE1390E067FBF0441A98130B372A1"
".venv\Lib\site-packages\pygments\lexers\d.py","9920","A623B2D0425E880C0F1EE822337815BF4CFB1CD877BB68194280944804916D8E"
".venv\Lib\site-packages\pygments\lexers\dalvik.py","4606","75E160D893C192D27D98419BF4483136499DEAF68C8C9150573507A3C34A21AF"
".venv\Lib\site-packages\pygments\lexers\data.py","27026","A34C744A60799ACFC23D43E58C41047A738E3782105A7F3A0E4C058E425808E8"
".venv\Lib\site-packages\pygments\lexers\dax.py","8098","0128BBDEA9ABECE03B715657176193606B74D4BCB5BD8F02803FCF9E99BC93EE"
".venv\Lib\site-packages\pygments\lexers\devicetree.py","4019","45E71240289DB7C0D113540508F51BC3047486246536DB058A174695D7949F79"
".venv\Lib\site-packages\pygments\lexers\diff.py","5382","17ABF167AE309B935A83FF7B75ED47FF717BD346700959D88CABED4F98E2970C"
".venv\Lib\site-packages\pygments\lexers\dns.py","3891","1E1E6127B3177EBAB7E8A81FC884702B75FCA352DD47DF0828445C578799EC76"
".venv\Lib\site-packages\pygments\lexers\dotnet.py","39441","34313490E9A97BDE862CEFB3C0D2DACE68FBEC4F4E44698AA5AE193025C35F14"
".venv\Lib\site-packages\pygments\lexers\dsls.py","36746","1A71CA8462F91B1B11167A82EFEEB93533D92CE65D9A796536B18FF3AC7F7D01"
".venv\Lib\site-packages\pygments\lexers\dylan.py","10409","EF367511B1D65DE547A930F7E80AB290AAA8DDF86E221E2C33EC2173151A1FF6"
".venv\Lib\site-packages\pygments\lexers\ecl.py","6371","BE19A96B62C1AC7C6C3E461C7F790F67522D55A2D10D379B8B5F3AC18D311990"
".venv\Lib\site-packages\pygments\lexers\eiffel.py","2690","E7275820415C81C328123E0194ADF5859D1A25BF0E5F445D02FB8235D971C2AC"
".venv\Lib\site-packages\pygments\lexers\elm.py","3152","B9109D754F232B9BD5907E98EBACBC28EB03269AC87EB3A0798AB786FD4FC403"
".venv\Lib\site-packages\pygments\lexers\elpi.py","6877","3BD8FF58A04FCAF3458C246E3DC895A56E1EB554A720B9BF4FBF418423D9626A"
".venv\Lib\site-packages\pygments\lexers\email.py","4804","6592FACAFC02465D42110CB2B2E3AED256DA6E9E6D8CCBAD4BB7F779F14A191E"
".venv\Lib\site-packages\pygments\lexers\erlang.py","19147","6D4D757951EFA282F0995927CCDE9791BD83324EC76DE9EA74D9584B38538433"
".venv\Lib\site-packages\pygments\lexers\esoteric.py","10500","25FA7C5142B2298B2A2DAA974594F719233D773905EB9CDDBB07E71F51A81A15"
".venv\Lib\site-packages\pygments\lexers\ezhil.py","3272","DB6AFEC63BEF055A44C53A8223E1F2700C2E9C36F5A79818E2D21F0E6334BC3C"
".venv\Lib\site-packages\pygments\lexers\factor.py","19530","BAB678127E2E28508B5DD1245CB5A0F446141461D04D30C2C0D5EDCAAFA78289"
".venv\Lib\site-packages\pygments\lexers\fantom.py","10231","249D77F8DC32903FA22044A7BB309E7C261E4033BDE5C1CC240F136AC1788070"
".venv\Lib\site-packages\pygments\lexers\felix.py","9655","17EBF4B22E333ED45E96ACC34165C8D7EB5AAC213E06F6B0CE2383C5153BDFBF"
".venv\Lib\site-packages\pygments\lexers\fift.py","1644","ACE0B0A77BF9A1C2B960E5AFB7B4DDDCC77EFBDEFFF1EFBB4A89F1E76B92F260"
".venv\Lib\site-packages\pygments\lexers\floscript.py","2667","68787CDA4E768CCB83BB397D2DAB6B71200D2625D30B28C653748EE776F06DBD"
".venv\Lib\site-packages\pygments\lexers\forth.py","7193","64CB6C1DD35B9D2FF421D49895F0257D348F12BD0C12C468F9866B89036E7934"
".venv\Lib\site-packages\pygments\lexers\fortran.py","10382","D4F139753C5FE037FA2D479715C98DB727975AC0BCB5288AE5D6303C720979E4"
".venv\Lib\site-packages\pygments\lexers\foxpro.py","26295","081916EB616E89BCF7C9FC9E95909A10EF0619D1495ACB9186AC2DB12781C0B3"
".venv\Lib\site-packages\pygments\lexers\freefem.py","26913","2C505093E9B5FA734282B97E5431F74309D55AEAEF6FB5B6F62D3A2E84F6D3B0"
".venv\Lib\site-packages\pygments\lexers\func.py","3700","391DAB90CEE07FD7CABDA77959C150967FBF53FA5BF9150233D7906AD4E81780"
".venv\Lib\site-packages\pygments\lexers\functional.py","693","7D84F600667AE36711908008774AE75C506CC7573C2CB10344DFD5B821245323"
".venv\Lib\site-packages\pygments\lexers\futhark.py","3743","55FD62E2DFAD477CEA6A4B558E14F314D83FB6CFFD09CC80E190DF0E2CDB0A69"
".venv\Lib\site-packages\pygments\lexers\gcodelexer.py","874","E17B3D6B1E3E2591AEA56FEA4A71E89F7F70406A5BFAD340DF1A2B30A83CE351"
".venv\Lib\site-packages\pygments\lexers\gdscript.py","7566","5ACEC92B1CB433423267FD6231F46F24FAE2CC4C2678234B0E878C20568CF825"
".venv\Lib\site-packages\pygments\lexers\gleam.py","2392","5C895372AE9C07BE37A42A9B358A3C3E87129236720CF47A84781D689349D557"
".venv\Lib\site-packages\pygments\lexers\go.py","3783","E0B7B379F832BAA6561F32D91E279490A4E2FACB18E9A1C9C71ED9F8B15A2CAD"
".venv\Lib\site-packages\pygments\lexers\grammar_notation.py","8043","2EFCE14501E0C19CEAF6871EBA4652FE1C2728AE7C79EED9E5DD1CC17391EF7E"
".venv\Lib\site-packages\pygments\lexers\graph.py","4108","585AA83C0D5CFE11D8AD5D22FC5EFE794C370A8E3F1E6658DC627E4F20EBEBBD"
".venv\Lib\site-packages\pygments\lexers\graphics.py","39145","B6617D34D00B9EF3E76B1F32C180B7A4B3A56B8E585EDA7D500D07FB91224D06"
".venv\Lib\site-packages\pygments\lexers\graphql.py","5601","3BFCDCAC6AC168368A4E552824646BBB1AA4EC2262F8D47DD98D02B3E2A40AFC"
".venv\Lib\site-packages\pygments\lexers\graphviz.py","1934","9B375738CA70CFDFD5F9B7B579300CCA190A08197A5310885EEABA0B6CABB6CC"
".venv\Lib\site-packages\pygments\lexers\gsql.py","3990","54F664F6C6F6EBE0EE9919167C46924DEA1CD25C79C6DE67FBA7830CB7B332D7"
".venv\Lib\site-packages\pygments\lexers\hare.py","2649","3C608EB882E4B49B26B53A426592A4305B4E6DF26E0697A2F0733C1C7BAAD53C"
".venv\Lib\site-packages\pygments\lexers\haskell.py","33262","318AFBE3E3C00BC9062515FE7599AF66C1D373B6B6BBAC854B6075F4B7C30FB8"
".venv\Lib\site-packages\pygments\lexers\haxe.py","30974","5870B2FE7AD71E77CB2137DB769DC98B796A414E0702C4D4A57B0B0A9DBFE2C9"
".venv\Lib\site-packages\pygments\lexers\hdl.py","22738","30E5B186602E138122D02283AAA68E37B4FCB65E3781E6A772B358335DFA6745"
".venv\Lib\site-packages\pygments\lexers\hexdump.py","3653","D658FDA09F8A8995D2558BD331F1A61004333445B4F1694C702D88E5A62F1CAE"
".venv\Lib\site-packages\pygments\lexers\html.py","21977","33161323811E4FB431A0695E080C90ABEF27FD2825CBAB43F791F9CDA9C23669"
".venv\Lib\site-packages\pygments\lexers\idl.py","15449","ADC8A15001A17EE1846925BAA6016AE8DCE9953FE9BF40DA814A1E7E0E330269"
".venv\Lib\site-packages\pygments\lexers\igor.py","31633","C1579F6D48DBDDFB5A5B72C2286B57D4980B822638126468AF98153A7F2F400F"
".venv\Lib\site-packages\pygments\lexers\inferno.py","3135","0A113FE72E522C7FFBE54BFB0F674A590324D9D94DEB3D606352038E5259F2B5"
".venv\Lib\site-packages\pygments\lexers\installers.py","14435","6479628ADE0FC73D6D60A3888CA9035C8E5D8D3929CD850C5483D1D71BD4ACBF"
".venv\Lib\site-packages\pygments\lexers\int_fiction.py","56544","D19CC86B5B190D442C96D775A07B92F81A0D88E17CCCA41F715B83C8AD53B6FF"
".venv\Lib\site-packages\pygments\lexers\iolang.py","1905","2FA74D0C22C7D24C642148B4D1F238675E109D1BBBF5470D0EB82FD36739670F"
".venv\Lib\site-packages\pygments\lexers\j.py","4853","0EA35DC101852E2656DE608D2D183CD60A66B32E0781C6A2FFD34FDCB6D684D5"
".venv\Lib\site-packages\pygments\lexers\javascript.py","63243","4C62902D2AC2A6B08A7E12CB180ABFD0439DBEABC9297F6939D2A8EED091BAB4"
".venv\Lib\site-packages\pygments\lexers\jmespath.py","2082","479C80E4B2769D321A0F09C522948D1804E1774B0060571CC1AC00F71069B658"
".venv\Lib\site-packages\pygments\lexers\jslt.py","3700","39E6107FC3B6FFD14269FF56E90DDAEEB3DD0052ED85E3C2B554A00AB393725F"
".venv\Lib\site-packages\pygments\lexers\json5.py","2502","F0965B73C1224C465D29A21D420DE15C4874987592CCF970778EF76B49D4B93D"
".venv\Lib\site-packages\pygments\lexers\jsonnet.py","5636","6F1D86E89E2D26A1AB255D4FC99AC85B35875DCA1E7C25FEE25231C6D6E7DA0C"
".venv\Lib\site-packages\pygments\lexers\jsx.py","2693","C06B28192078D2A009AD57D7C113ED6A7ECE70AD0EF3B455B071E4D26EA0A209"
".venv\Lib\site-packages\pygments\lexers\julia.py","11710","D190C9F57F375791AA27303A4FAA744D337C587CB62408EFBBE152057BDF5DD7"
".venv\Lib\site-packages\pygments\lexers\jvm.py","72667","62DD62437428757458FB1FC750E19E761CAE0411E7E63607F88F0DCCECC74E51"
".venv\Lib\site-packages\pygments\lexers\kuin.py","11405","DDD28A255265B2482BBCC2AFDAD63D34EB057C38F2A3EDCC2DC27594529D5D28"
".venv\Lib\site-packages\pygments\lexers\kusto.py","3477","91AC64A0FA44043B014C2BC23A4659C7BA067EFD2393F50D2112116DF540B011"
".venv\Lib\site-packages\pygments\lexers\ldap.py","6551","EFBBC5E2DFF5F71F55E76D9CC5108CE5DDC75BC35EDE0898B05B0C3D5618070E"
".venv\Lib\site-packages\pygments\lexers\lean.py","8570","EC759183116CC52D4DF572AAC34BDF2B06B1976EECE5889562D65E454A131C5A"
".venv\Lib\site-packages\pygments\lexers\lilypond.py","9752","C9DD93BAFEBBBA6E84C8222BF95C019E53E14C7C4C690B012789C680EE5F8C89"
".venv\Lib\site-packages\pygments\lexers\lisp.py","157668","107532D60E29CC4B183C4FB31A3DAB0179B76004C4D63F5D0903ABE7E24F4A45"
".venv\Lib\site-packages\pygments\lexers\macaulay2.py","33366","CE457EBF18D061AD098FD4C67C53F588C8294D9E00A50B8000874954659BDA2B"
".venv\Lib\site-packages\pygments\lexers\make.py","7831","60C2390C10ABC5671AFA9CFD7155DCC9FB872DC8A43F1F51FF7A56FFDF0CCAAA"
".venv\Lib\site-packages\pygments\lexers\maple.py","7960","46CD1D12638C0F70B56103DDD269ED37EBF345EAB85DF1DE807EB157896F256A"
".venv\Lib\site-packages\pygments\lexers\markup.py","65088","CD6B71B32231FF53B14334BAC0B7BC6C4AA095E3EFE11AAF2636E26BC02F5797"
".venv\Lib\site-packages\pygments\lexers\math.py","695","3F764AD5E3DDF199CB7659877B3A368AB080F13DBE9E51C1A12681A13E661152"
".venv\Lib\site-packages\pygments\lexers\matlab.py","133027","17D28EE2AA302217CFF2856109147313FD6CAA0E339906EC0763591F5F773E23"
".venv\Lib\site-packages\pygments\lexers\maxima.py","2715","6B487D1A0B3D244A2F4EBCDB253F812D56CEA88DBDC8F9DA3199645397FF15E6"
".venv\Lib\site-packages\pygments\lexers\meson.py","4336","04CAEC0E8E811F69734C5C3B243C10F520CD313AD191708D44355FE1A14776C2"
".venv\Lib\site-packages\pygments\lexers\mime.py","7582","C86ADFDE1DFB2CAE1BE84441A4588BFEACE7DC980E7C647928B6A09DB58597A7"
".venv\Lib\site-packages\pygments\lexers\minecraft.py","13696","36EF3CB270C33F33340FEEF8D9F15D52B89CCCBF8413DD75A40778FC8E3EA40C"
".venv\Lib\site-packages\pygments\lexers\mips.py","4656","4932A2653EBB6F74044575E7ED7295C653C1BBBBF06CF0B91320A9B9FDC97DBC"
".venv\Lib\site-packages\pygments\lexers\ml.py","35390","B7CB02BF8063BEE06AE808A128A5304AD10E34881D5C20B644CB4ED11A2935B3"
".venv\Lib\site-packages\pygments\lexers\modeling.py","13683","33B079F1B181F99C1DD4498FC4AAAD46F83B4E0342C9E9B7315507BF4FC7D924"
".venv\Lib\site-packages\pygments\lexers\modula2.py","53072","36DA57051A1409E1DF7E5801DFD2E49D2902C2104704ABF612BFE98A78D5B0D1"
".venv\Lib\site-packages\pygments\lexers\mojo.py","24233","F09455A1FB4DD44F96DB0A06D0AFB89FC3D05D350CF6263A4A5E6C59BDAE18D8"
".venv\Lib\site-packages\pygments\lexers\monte.py","6289","6DA594EB39579687A7C3D30ED4CB4454613D8B709F89701886A53ADB53088D19"
".venv\Lib\site-packages\pygments\lexers\mosel.py","9297","82345D79D840D634E3A18A0CD46A5AA2883F23DA3B4D16D830793DECDD535F08"
".venv\Lib\site-packages\pygments\lexers\ncl.py","63999","CC9E9A8658AD8ADE12D2905773B5AEF7A3C1EF13A7E7D3307D1D87758E7F0BAD"
".venv\Lib\site-packages\pygments\lexers\nimrod.py","6413","435352A8490B0B9C16B7BC49C8A0BEBF35B0FC8C3649F0CD3FFA7230506E21F0"
".venv\Lib\site-packages\pygments\lexers\nit.py","2725","A7F8550FC1B3311977080055287B588275C55109348B917615B58503A5979BAB"
".venv\Lib\site-packages\pygments\lexers\nix.py","4421","34EAEFDB481DABED80EDE67A73680494F1EFD57C76A6FBF6D3EA8ECA62FD18C8"
".venv\Lib\site-packages\pygments\lexers\numbair.py","1758","7F1929D825DE5D628131EC1F8B51F82526249A6E24539F306764A1F410D80164"
".venv\Lib\site-packages\pygments\lexers\oberon.py","4210","8F0E34DEA514B3BCE94C702CE426CB8DBF2A8AEC2DC4B934B290C862A199C00C"
".venv\Lib\site-packages\pygments\lexers\objective.py","23297","168D5607724C8FCB0D7989EF07CE07E3FAB084EB7858D26D2568D510EC2B2469"
".venv\Lib\site-packages\pygments\lexers\ooc.py","3002","903D5768965A8A10C5FECF95CAED41C7AF12FFDCC5B76AE1A31ECD17C2E93993"
".venv\Lib\site-packages\pygments\lexers\openscad.py","3700","87D23593C922B909A15F9BD99BA5434ABD9F6B91629F2D2C37C643204FA3C757"
".venv\Lib\site-packages\pygments\lexers\other.py","1763","58B572A8FB2F9BDA125C86D9C1B7F2265A12E871A0A055B99D54DA535B90A53C"
".venv\Lib\site-packages\pygments\lexers\parasail.py","2719","0D630686DC908064D76C881097F9880FA08AAA2F8385BBECFDD4E49AFAD95DF1"
".venv\Lib\site-packages\pygments\lexers\parsers.py","26596","7DE360C6BA0FA1645FD0D12C38DDA6B6628351FB25210A69BA4C3A9DD12C4373"
".venv\Lib\site-packages\pygments\lexers\pascal.py","30989","376B510239579D3C60800CF3936B4E380573782D8C073AD7CBDEFF1D09799F8E"
".venv\Lib\site-packages\pygments\lexers\pawn.py","8253","2D6518418B1E6CC32DD9DE68C57D47616BC1A9B6A447587B02FFF3F15C3DE168"
".venv\Lib\site-packages\pygments\lexers\pddl.py","2989","324E3F07395138909DD3147828A4514AB6E3D05ECB2D07014639AC9AD5A6AC28"
".venv\Lib\site-packages\pygments\lexers\perl.py","39192","F415E7DEDC87300E3D36FCDB33D1367334821E3794EDBBDA3CB51CA19AE1CFEE"
".venv\Lib\site-packages\pygments\lexers\phix.py","23249","859AB2721AA8E6C14C043112CC33D78350D81D07BFF6C9F6F7851F6E38A16859"
".venv\Lib\site-packages\pygments\lexers\php.py","13061","97887342B966D39DB98B9752C3D5668DC6A2DD3CDB3D3E83923CF13E0F65E997"
".venv\Lib\site-packages\pygments\lexers\pointless.py","1974","5920E3A90C86ACD20699309D68CC65E3393B3994E5240333794674DA47E07132"
".venv\Lib\site-packages\pygments\lexers\pony.py","3279","117ACC91A72A3196E523BBF802F05141EFB73F2F3FFDBC7914E82308B75F5F14"
".venv\Lib\site-packages\pygments\lexers\praat.py","12676","E1414AFA76C2E96919061260710A841AAABD0A8709916EC0993FCE2506E35B39"
".venv\Lib\site-packages\pygments\lexers\procfile.py","1155","D395B67F2A1F2D33FE15B11D4970F57A57ACF8F3EA54D7C5E915978D0756DAEB"
".venv\Lib\site-packages\pygments\lexers\prolog.py","12866","F4A73960D505AA47D6BB6B18A32CC2DD15FAE5A6DFD5B9BBA07AFCEB3D6CE244"
".venv\Lib\site-packages\pygments\lexers\promql.py","4738","9FED2FA3EA3CF996ACA8FDD56B8BA3B39EB651F6522DF645F91CD3EF5C8BD139"
".venv\Lib\site-packages\pygments\lexers\prql.py","8747","3C545EBAF85BBF82B969EBBA96F0DFC389BEDE150B901DEBE376CA032F78F28B"
".venv\Lib\site-packages\pygments\lexers\ptx.py","4501","2921C0BDB88D5549ED2A2950E843D8A0B16872626946C072FFB7D6EBF36BB356"
".venv\Lib\site-packages\pygments\lexers\python.py","53805","5997BB7C1007299FC1C4F83CA88536E941A193CAB0518C84349DC8C8F5BAE267"
".venv\Lib\site-packages\pygments\lexers\q.py","6936","59015487726BA4ADA3F95196FD8B67DEE2797EB50D9902059CBB4C546440F432"
".venv\Lib\site-packages\pygments\lexers\qlik.py","3693","DB0AB075F223AC0CFA44D06C3F833278B5FC67B429206CF1B5FD42BDA3A5AFF8"
".venv\Lib\site-packages\pygments\lexers\qvt.py","6103","5CC067B1646BBC20DFF7CF4EB8379BF8AA6CCC091E1138800B26A085978BD67B"
".venv\Lib\site-packages\pygments\lexers\r.py","6474","07A5A0AC3F52635513095D5F4014A565B7B33DFA58B00467DC54081DC1583A23"
".venv\Lib\site-packages\pygments\lexers\rdf.py","16056","A94CF12E76BDBF4EF56C785902376C062F1D29A24D93F87D8356515006027E8A"
".venv\Lib\site-packages\pygments\lexers\rebol.py","18259","E2EDCDE24CEE8B9E476A9A295C3BB72ADD23733C436786EECF047B32DE2D4223"
".venv\Lib\site-packages\pygments\lexers\rego.py","1748","471E46A616E4B6BF688E0E436EA972C47790AAAB45EE0F16FA8174AE69680CD6"
".venv\Lib\site-packages\pygments\lexers\resource.py","2927","8A813381692C0791C28E8CFCE5736440F49DEE7E642F44998AE3E424FD61BA74"
".venv\Lib\site-packages\pygments\lexers\ride.py","5035","90259DC6E4773DC9558B8C22034B94C78098105C2E4EAA0CB0A8E1496E17DF28"
".venv\Lib\site-packages\pygments\lexers\rita.py","1127","323D50371C75B16019602D36930F298957246A2C3D07432A42D888883147D290"
".venv\Lib\site-packages\pygments\lexers\rnc.py","1972","83B643DF7E0F30652ACBF223EB895A48DD6F25EAF01EA5647A07CC09ADC4FB2F"
".venv\Lib\site-packages\pygments\lexers\roboconf.py","2074","1DB62E2B90AA99075DEB74916369E57B4D6BEFEA7B9A29744A7A1AB980E610E6"
".venv\Lib\site-packages\pygments\lexers\robotframework.py","18448","73853507D43D2130424E886A25364EBE47F27956DE9CDE31873496228661E5E5"
".venv\Lib\site-packages\pygments\lexers\ruby.py","22753","B86EB5EC4E5A6C165C102442AA48487DCF886D97116F9706B9466AFF1A5AC7DD"
".venv\Lib\site-packages\pygments\lexers\rust.py","8260","658FBDBEDB2B7813F435F0DDD160A8B8B4A9FFD3028402FC53C01B7BE9BD3C1F"
".venv\Lib\site-packages\pygments\lexers\sas.py","9456","0B5533DACF4353AFECDA42FE701FCF0063EDA722B94C796684D982BA60B5978F"
".venv\Lib\site-packages\pygments\lexers\savi.py","4878","8EB9ABB8AD069D792D8014D65D6DE83774D7B687E7DC705B90C9479D1F38724A"
".venv\Lib\site-packages\pygments\lexers\scdoc.py","2524","0D7466143998B9CEE1DE03C001585F70BD4E11B3412B945D3E926A4331776539"
".venv\Lib\site-packages\pygments\lexers\scripting.py","81814","79A6259032BEFDC0304DC0811CFE905C10B3F27E8ECDB87376445ED2E574C566"
".venv\Lib\site-packages\pygments\lexers\sgf.py","1985","C3A0B9D7710D68ED980A7AAB76E2BB934DCD68C0DFFA983282F7F3AB635A4919"
".venv\Lib\site-packages\pygments\lexers\shell.py","36381","7424B5CF091FE4AC13A20E3FFCC9CC0BB8775E6C2FE3F7777E7115DBDB52C172"
".venv\Lib\site-packages\pygments\lexers\sieve.py","2514","7A86FE2FCE327F68E685D3726195256D4268CDD71DE865DC1D6EBC96601EF161"
".venv\Lib\site-packages\pygments\lexers\slash.py","8484","23E7117A999AC612F54A062F0F58475F780D04523C34FB33754EE19F5A392650"
".venv\Lib\site-packages\pygments\lexers\smalltalk.py","7204","B9ED8F9AA0CADACC348FBE5676C7A288434905D6753B0CAC1F63A9D50375AF6E"
".venv\Lib\site-packages\pygments\lexers\smithy.py","2659","551116A1EBB3EC035AA7F522A299FBAECD139EC7DCFB1062B0324A446418FF2F"
".venv\Lib\site-packages\pygments\lexers\smv.py","2805","1DEFD505231B58E34C5999A4AC1E51611D1C7C75673322885F3EBC205625F9AF"
".venv\Lib\site-packages\pygments\lexers\snobol.py","2778","A83CDBE35C5041630D9A307632D66CDB7A45A05819DA06D16612BF22BD37AFB2"
".venv\Lib\site-packages\pygments\lexers\solidity.py","3163","4E2C5F9F092EE187B38FA9CD9BCC556B0EC4755D6A80081DC1A85D4C53F44ADF"
".venv\Lib\site-packages\pygments\lexers\soong.py","2339","566D7CBD5E20E93F143E08E3636C93465497183A59A309AEA9050115F9B803D0"
".venv\Lib\site-packages\pygments\lexers\sophia.py","3376","D98B58213F22C00A16D01ED366EBA81BF6482E1255FB603BA0119AB7EF7C9DA1"
".venv\Lib\site-packages\pygments\lexers\special.py","3585","F09B91D957B1F17F915A70B7E92D075D31D6A76AA665C95CF74F93ACB516C9A6"
".venv\Lib\site-packages\pygments\lexers\spice.py","2790","9B89CAD2AE12ABF38541ECFB90659F922D0DA38655DB862B38D7C7563D4F8AAB"
".venv\Lib\site-packages\pygments\lexers\sql.py","41476","5921BABCEB11F3B10413049079F3FF67B4DAB941BF063A8C1D41663DA48E563E"
".venv\Lib\site-packages\pygments\lexers\srcinfo.py","1746","07CBC3B3EB09A201B79966B91E9FFB25F1C750CC984701AF2AFE9C29B1505CB3"
".venv\Lib\site-packages\pygments\lexers\stata.py","6415","66BF410B9D83E4EFF705B756D0DFADCE8526CB435382E2F6B02FAC69745533E7"
".venv\Lib\site-packages\pygments\lexers\supercollider.py","3697","FC7E700EB9F40E21A796107F733E91B7F968D93BEA8D29B4A3A34F4DDF51E0AA"
".venv\Lib\site-packages\pygments\lexers\tablegen.py","3987","D498DE757618D7C04D898F49B4D18B3AD19F8B076E34366940B0464DE43A8C0C"
".venv\Lib\site-packages\pygments\lexers\tact.py","10809","5FF96CC6315431A0B54E6632B1726AF6D9801A27D19E297CDC1B75CC0F3A5DDA"
".venv\Lib\site-packages\pygments\lexers\tal.py","2904","C52F4F95A59038F8FC315AF9E9F50DAB7D6F5102915A82D39725A3F591E6F003"
".venv\Lib\site-packages\pygments\lexers\tcl.py","5512","94AF7B8EEE278A492DFA818ECC87B214433DF32AB8759488F2E12662CAB447A7"
".venv\Lib\site-packages\pygments\lexers\teal.py","3522","B7776ACBF02BC2FF3FC84C5B5FFC62171BF54EA24B3EFE2F8753152A32B04B86"
".venv\Lib\site-packages\pygments\lexers\templates.py","75731","05576361EA1A70852E1721D31B7F63E0FC5E3427B9135A145118C7D6B213AC8E"
".venv\Lib\site-packages\pygments\lexers\teraterm.py","9718","722C33B5A816E43AE0DA0AF5ED0CA4AE1E86C0CB0ACBB7B8C5D42C857F791B24"
".venv\Lib\site-packages\pygments\lexers\testing.py","10810","61980381411A2C460A48A12AA43B148B7067F836FF0F8D88972892B2BD685FC5"
".venv\Lib\site-packages\pygments\lexers\text.py","1068","9CE0903ECB0894A755594DCF2B166204F91FFCA14CD95E3C20EB2C4B2AA1158F"
".venv\Lib\site-packages\pygments\lexers\textedit.py","7760","B6D4F83E1FA121D8052C6EA6691CBF1AC924CE24C52B459C836F32534B3A95E9"
".venv\Lib\site-packages\pygments\lexers\textfmts.py","15524","9A2F4A2C4AB89ABCC325B11CF06DD533E992922FD3CA5933A1DBB8EF21FACFCE"
".venv\Lib\site-packages\pygments\lexers\theorem.py","17855","E75A6904011D8499B053F942F75EB33328C4A0A2D7A9FF3D54013F2EBD0F3427"
".venv\Lib\site-packages\pygments\lexers\thingsdb.py","6017","C7F7C73642C0FA1209C9E22CEAB83F5FC9F938B62F16A692BB51612376A92396"
".venv\Lib\site-packages\pygments\lexers\tlb.py","1450","B9EDA0AA6E39048E75DA5335DCEF2C900932F7301BEE92CCAF167CA5BB79CD15"
".venv\Lib\site-packages\pygments\lexers\tls.py","1540","FEE41456E3110CE84DF97532191E432255429350946757C8392378FD64183CA9"
".venv\Lib\site-packages\pygments\lexers\tnt.py","10456","A4AE0B82828E37BBB5C45EBA2581677003D26C3F0365A788FD64D9F47A841656"
".venv\Lib\site-packages\pygments\lexers\trafficscript.py","1506","5F707C920C52E7879CBA893D89CE87929F94327E43BCE9822B4A7BD13CF6EC2C"
".venv\Lib\site-packages\pygments\lexers\typoscript.py","8332","981B9E3E255952800E44F2AC1F0AF1E9F0568B2DDF008A86FB63BAED098C8852"
".venv\Lib\site-packages\pygments\lexers\typst.py","7167","CC8241121517B56A793A2C809AF140E66F1DD44406FA8730AC9EBBEDDBD35009"
".venv\Lib\site-packages\pygments\lexers\ul4.py","10499","AC26B0D09F63DDC76A97D957FC74E2960EB993DFBD4B5D7CCCE03A4C061FC5A3"
".venv\Lib\site-packages\pygments\lexers\unicon.py","18625","440AA80A700024160E006751F2783483A16D077F5B19E98B46522ABF999C83D1"
".venv\Lib\site-packages\pygments\lexers\urbi.py","6082","6A334FEF4349837DA336714366C2EFAFFFB84D3A121AA446905C803C824B7C25"
".venv\Lib\site-packages\pygments\lexers\usd.py","3304","D9E106A2EA25A1D612E34D8FFE0B41AE7E252F3A60D73F2E1F03C22AA8D46FF9"
".venv\Lib\site-packages\pygments\lexers\varnish.py","7473","7528742AEF52AE39A5076F458BF9967566AF37B33470C29E7A94786B7E2C3B22"
".venv\Lib\site-packages\pygments\lexers\verification.py","3934","42EE37DD0FE1DC42B7B92E1B2682D11592B4908570CD7E4014AB1AE19FAA9F10"
".venv\Lib\site-packages\pygments\lexers\verifpal.py","2661","6EEC8E3B30A8FDD1A7A02E34874B6D872947555A600EDF2A5EEE2894BBD8CBFE"
".venv\Lib\site-packages\pygments\lexers\vip.py","5711","DA5115E1C2D5F69E04DFBC1CB412FBCE4678654E29DC756C88B245CC1D5B89ED"
".venv\Lib\site-packages\pygments\lexers\vyper.py","5615","66AEAC40850193A98176980E560BB703AB301A80677B4903951CA36739E6D816"
".venv\Lib\site-packages\pygments\lexers\web.py","913","E16F5AEEF72C92B1899F1B782A6A04DD2672756075A8BABB94FD974BCE49FE6F"
".venv\Lib\site-packages\pygments\lexers\webassembly.py","5698","CE070CA2ECCB6B071B785AFAC3F48EBC6A1447AF19B6A9E7B1B39C58456578B9"
".venv\Lib\site-packages\pygments\lexers\webidl.py","10516","383B559B0E2057323C1D05B1B847243FA28CC26F163F61B69526448DA8035EDB"
".venv\Lib\site-packages\pygments\lexers\webmisc.py","40564","FBFF8834355D938EDEDA3963FBD6C572E2ED9EDA95A2B06A223967C0F7D915D2"
".venv\Lib\site-packages\pygments\lexers\wgsl.py","11880","F6281DF5DCE2C4622035EC2BBAFF663E7166B3E73D05A86465C082AD9CA0BFCE"
".venv\Lib\site-packages\pygments\lexers\whiley.py","4017","94CAFBE74940E0C66C078C6ACD5B0846D54C2480B7FDD02B8456131EF38FC2F0"
".venv\Lib\site-packages\pygments\lexers\wowtoc.py","4076","F31C6F7F4C46798B5FE0F13B2AD90767F972F7163F5D71EBA428AD74A138D91A"
".venv\Lib\site-packages\pygments\lexers\wren.py","3229","8281979C030A29AD772CB2F8D326D3DDA3063EB937802470650158024281FF0D"
".venv\Lib\site-packages\pygments\lexers\x10.py","1943","43E02681D17613E37B9AD38FA59D3B0ACC6B4D59E2932A82E2E451BFA1FBE6C9"
".venv\Lib\site-packages\pygments\lexers\xorg.py","925","F6DB6B05DDFF6369D700DB2AB4CA68B1281B95898C62A59743E233E511FD46C5"
".venv\Lib\site-packages\pygments\lexers\yang.py","4499","D770966D268DAFD822387CF8A344974A4961D1B7D6B746A1D788C91A94EF727D"
".venv\Lib\site-packages\pygments\lexers\yara.py","2427","8D44AFEFC2930DF82E0A802801929B633404464932C41056BF97489D5AE40F1A"
".venv\Lib\site-packages\pygments\lexers\zig.py","3976","7FEF34315392A752A773300CA2440B54CFBFC0010E0F5E84706167682365B0DD"
".venv\Lib\site-packages\pygments\lexers\__pycache__\__init__.cpython-313.pyc","14688","A2D094F918077983C72B5871F63D7A408EBF6CC947B0293E82211F0B6DC31A1F"
".venv\Lib\site-packages\pygments\lexers\__pycache__\_ada_builtins.cpython-313.pyc","1207","620BAE5ED3A03D2F8CB1EF050A24C6A58A5E8D24FDF4CE5C6DA750F0BF7FAB35"
".venv\Lib\site-packages\pygments\lexers\__pycache__\_asy_builtins.cpython-313.pyc","17584","9551E9CA20EE11B3B954BFA2AA17C5E6BE2EE56B9AC7236CE41A792B0781EC33"
".venv\Lib\site-packages\pygments\lexers\__pycache__\_cl_builtins.cpython-313.pyc","11636","D177B33BEDADF3D42604107742ACBBAE9DCBE75958941DCCB36BFB1937342FF1"
".venv\Lib\site-packages\pygments\lexers\__pycache__\_cocoa_builtins.cpython-313.pyc","97550","2BC4DDBB356C5AC0B44034FC73EAB6F93DFD6857C576600E019D34523824BBAC"
".venv\Lib\site-packages\pygments\lexers\__pycache__\_csound_builtins.cpython-313.pyc","16352","3BC5CA31B33DD31BAC805D7416915CAB03FF22A8E1F1ABE108420EB170968FA7"
".venv\Lib\site-packages\pygments\lexers\__pycache__\_css_builtins.cpython-313.pyc","9357","E4F49F566CCFCF647590076F1AB1B926C779CB6AF1CBD6A6556FABD826D3AAC4"
".venv\Lib\site-packages\pygments\lexers\__pycache__\_googlesql_builtins.cpython-313.pyc","10795","5002AB9FCD57FA2373858A52EB83CC395F860A4385E7319210526486C2FA6035"
".venv\Lib\site-packages\pygments\lexers\__pycache__\_julia_builtins.cpython-313.pyc","8222","2C3C7003FCB6C9E462C6BEA1C2C322824BC7C6DF76363ECBDBA64CDA15F61C02"
".venv\Lib\site-packages\pygments\lexers\__pycache__\_lasso_builtins.cpython-313.pyc","76700","E8DF32CD14D8E110E89DFC133F0B28A612CD6E6BD183965E02AE8BAFEF815633"
".venv\Lib\site-packages\pygments\lexers\__pycache__\_lilypond_builtins.cpython-313.pyc","88378","082431704773BC6A68BB67728E323D6CE0531D5563DCBECAF6110F145E3FD901"
".venv\Lib\site-packages\pygments\lexers\__pycache__\_lua_builtins.cpython-313.pyc","8370","5DD54D566021E138314609E93B6378794BA69B6131DC3046FAFCCCA9A981F6D7"
".venv\Lib\site-packages\pygments\lexers\__pycache__\_luau_builtins.cpython-313.pyc","1021","C0CDA9654ADB4E3021AA0FF469E1C5157619416878274F34AEB83B55A2F5F439"
".venv\Lib\site-packages\pygments\lexers\__pycache__\_mapping.cpython-313.pyc","66943","1DF9B3D8E4AA5DE1B0EC0D5592233A19B6FADCA0B9E25D9D665F98D5CF19CE6B"
".venv\Lib\site-packages\pygments\lexers\__pycache__\_mql_builtins.cpython-313.pyc","17981","B20B7F2F3F7E903EF17B6CE59E411E0F3A679E3BA7B7778233E0109AE8B3B307"
".venv\Lib\site-packages\pygments\lexers\__pycache__\_mysql_builtins.cpython-313.pyc","19532","409990BE90AD7274D3C22C4E53DFA216803E79A5DFC9481226AD6C01168DD08F"
".venv\Lib\site-packages\pygments\lexers\__pycache__\_openedge_builtins.cpython-313.pyc","34063","1206416D8C285EE9F6E9DAD49D1A6530FBECF4956D14876EB99095AECAF75344"
".venv\Lib\site-packages\pygments\lexers\__pycache__\_php_builtins.cpython-313.pyc","65556","805EB6EBC0987DF085EDD31CCECDE3E53648A2505195C39D68CF809BB18FB2EE"
".venv\Lib\site-packages\pygments\lexers\__pycache__\_postgres_builtins.cpython-313.pyc","11326","E5DDD80266119D8B7989E5B5036A7CB5EB6FC20303DF45B77E6AB4CF2A4DCB53"
".venv\Lib\site-packages\pygments\lexers\__pycache__\_qlik_builtins.cpython-313.pyc","6348","FE17A1C0782D2E945DD92688B83C7E0538D93D374B790087FDE5D36779231131"
".venv\Lib\site-packages\pygments\lexers\__pycache__\_scheme_builtins.cpython-313.pyc","23145","F1673B26303E9B2B026D56D15DFF9FEC8918DFEEBCE8369686CCDFEF814C97C1"
".venv\Lib\site-packages\pygments\lexers\__pycache__\_scilab_builtins.cpython-313.pyc","35197","C5CC0EEA1BC5D375CB3411BAE2F4BAC67AB4876C76471A21FB4588544BE38A28"
".venv\Lib\site-packages\pygments\lexers\__pycache__\_sourcemod_builtins.cpython-313.pyc","21857","8B08CCB98D452A248FBF98B9294E513663F19F4D39C209E598FB708FCD2F3367"
".venv\Lib\site-packages\pygments\lexers\__pycache__\_sql_builtins.cpython-313.pyc","5539","C3E346D00266C15B310C7CFA3AA182CE030D09A07E9F301000903CD107B06808"
".venv\Lib\site-packages\pygments\lexers\__pycache__\_stan_builtins.cpython-313.pyc","9920","6E19BCD0FB0E62DF50DEACC3345E6B9AA4233D2B9684D1B8387FE815DDF7DC67"
".venv\Lib\site-packages\pygments\lexers\__pycache__\_stata_builtins.cpython-313.pyc","21208","DBDC6264DCD07DAFA1D95A0A7A6FA1A0E3CC37696519D5B95D5F250919C36585"
".venv\Lib\site-packages\pygments\lexers\__pycache__\_tsql_builtins.cpython-313.pyc","8837","6067DCF7337CFAA41A8A858F3EF68C633EA7A012BD1007C04FB10810B2B9ED51"
".venv\Lib\site-packages\pygments\lexers\__pycache__\_usd_builtins.cpython-313.pyc","1367","796A36968E49D456C5BC549BBE6ADAB473DF82197055B1F7891E0E46D69C1842"
".venv\Lib\site-packages\pygments\lexers\__pycache__\_vbscript_builtins.cpython-313.pyc","2895","85B22535371473AAF780225DA44E1C5C3465F67BFB0CF8CD17A411D96682CD60"
".venv\Lib\site-packages\pygments\lexers\__pycache__\_vim_builtins.cpython-313.pyc","30702","16098763BB768CB2846A15588535F1DFB8E96432FAA15C7B6C932DDA8CA1C75C"
".venv\Lib\site-packages\pygments\lexers\__pycache__\actionscript.cpython-313.pyc","11148","B640486B9A409246109D129D8DDB35063D9035E3DAAC4E709292B5DF92B56F04"
".venv\Lib\site-packages\pygments\lexers\__pycache__\ada.cpython-313.pyc","5521","39AB23B6676AA092DAA86CB69FE544DA2C4A80554FE1FDBABFA0DC1CFAD84CF7"
".venv\Lib\site-packages\pygments\lexers\__pycache__\agile.cpython-313.pyc","1278","73387033E633CEE13C8D8B454A9AEF776C8A130183D9B8AC3498749E6E0A4635"
".venv\Lib\site-packages\pygments\lexers\__pycache__\algebra.cpython-313.pyc","11214","866AB4ECD5697A5B0B6326269CB799AEB29F9282BDA003BC53C082133F0C974D"
".venv\Lib\site-packages\pygments\lexers\__pycache__\ambient.cpython-313.pyc","3145","8992E9610D9ED3441F7DA90A74AB06FB16B0635DDFBD9EC389E8E2DBD334D041"
".venv\Lib\site-packages\pygments\lexers\__pycache__\amdgpu.cpython-313.pyc","2262","56779265044B66753816C74BD9899EF5E1E46631022BD944440BFA2FF3EED475"
".venv\Lib\site-packages\pygments\lexers\__pycache__\ampl.cpython-313.pyc","4098","CBE5DE9A86FFBA0C57662399FB82832D8EAB07B6012DEDE4667DDA6BE90B1AFC"
".venv\Lib\site-packages\pygments\lexers\__pycache__\apdlexer.cpython-313.pyc","19039","882F4398933AC5E9B579B5DAA1E6E7D9B5D827516277B7D57FE6E1C05E2DBD5D"
".venv\Lib\site-packages\pygments\lexers\__pycache__\apl.cpython-313.pyc","2537","16FDE7180D8593CF364D6F71DD9EDDBE0E8B6B4950D11E0F9D9DC93077FD4848"
".venv\Lib\site-packages\pygments\lexers\__pycache__\archetype.cpython-313.pyc","9253","666911A75D4CA7C819565CEEE558827CF8CEA62C718BB41DB71D27F92D5EEE51"
".venv\Lib\site-packages\pygments\lexers\__pycache__\arrow.cpython-313.pyc","3587","F454572E0FB6630B1DD06E40384CB37F7E41663E01AAFC93FCDA53018490771B"
".venv\Lib\site-packages\pygments\lexers\__pycache__\arturo.cpython-313.pyc","9685","1DE4D8F0625DE2A14FE0EB2CE773B5BA36F85F8CA94C3B7A3E3CEA305C1B6F98"
".venv\Lib\site-packages\pygments\lexers\__pycache__\asc.cpython-313.pyc","2078","839EDBC33ABD78BFB984C2BD6C411D8C46AAF19C06CDF44642CDC0197B6A3DA9"
".venv\Lib\site-packages\pygments\lexers\__pycache__\asm.cpython-313.pyc","36285","0C278E3E6AB5A46416022612FB76F8F15B5444B5E3081B0BDA97AA29C65AD4EA"
".venv\Lib\site-packages\pygments\lexers\__pycache__\asn1.cpython-313.pyc","4483","B3B61BD6AA840BAB903F2EEA08DBB37E36F06F391D1AF24C45E84423950CD45E"
".venv\Lib\site-packages\pygments\lexers\__pycache__\automation.cpython-313.pyc","18447","B5E56B5BF7A235BCE0C6CD22971069C1029B91B4BEFE8C16F32812B536263BB8"
".venv\Lib\site-packages\pygments\lexers\__pycache__\bare.cpython-313.pyc","2894","EF630D1D00468BC676861FA6D64526D0166AB9834B1CB7AB6C1321E65A1FDAA3"
".venv\Lib\site-packages\pygments\lexers\__pycache__\basic.cpython-313.pyc","27102","D996EA99F6E889C702FE485A752EB7FB66F602A835948DB54F03258F0AB704C2"
".venv\Lib\site-packages\pygments\lexers\__pycache__\bdd.cpython-313.pyc","2099","3E2A78D8EE19BF41537124C240A54B8E69B7071D00B775FF26DCF854F3C1F405"
".venv\Lib\site-packages\pygments\lexers\__pycache__\berry.cpython-313.pyc","3559","EE043BF284C53CDBEA80B954F7705CF6DDF28111C880CF2519FE82B68B2E0913"
".venv\Lib\site-packages\pygments\lexers\__pycache__\bibtex.cpython-313.pyc","5265","539886055D6DCC80BD43951ABBCE4351F037CE5B52E9408C7F6E59EA2A3636F4"
".venv\Lib\site-packages\pygments\lexers\__pycache__\blueprint.cpython-313.pyc","5331","63754A47FB21CABFE4BCD889DFD5D529C51C08502F1511EA8F5AABCC290A91B1"
".venv\Lib\site-packages\pygments\lexers\__pycache__\boa.cpython-313.pyc","3529","D3C29F4864AC922DDA8D673B7EDA470196D55E481E5B3DC473A25F5F97AEACBF"
".venv\Lib\site-packages\pygments\lexers\__pycache__\bqn.cpython-313.pyc","2567","3CF96A060E59D6E32CF34185B67F4777FC5E0C9F92E4537D044CBD95BAB3009B"
".venv\Lib\site-packages\pygments\lexers\__pycache__\business.cpython-313.pyc","22166","EB90C1897391672662482B86D9DB9B9CB0084592B82E578D97AF0815567F5187"
".venv\Lib\site-packages\pygments\lexers\__pycache__\c_cpp.cpython-313.pyc","16057","17F3953257912D1F50A6F119DB0905F09F6C0EFB689D7BBC75A025D19B240DE2"
".venv\Lib\site-packages\pygments\lexers\__pycache__\c_like.cpython-313.pyc","27628","DC4F6BD3743E0AFE40578E69D4DD1774D074E95ACD653C58290914B6FF0CA02D"
".venv\Lib\site-packages\pygments\lexers\__pycache__\capnproto.cpython-313.pyc","2426","72A8687F3BBDBFB63FA0EE939E362BBD841236111BEC4B25811B640E446EF3B7"
".venv\Lib\site-packages\pygments\lexers\__pycache__\carbon.cpython-313.pyc","3598","B0207A294BB9FBEA02D933431D39BC6061AE0A867F18F40444B4F0C453977429"
".venv\Lib\site-packages\pygments\lexers\__pycache__\cddl.cpython-313.pyc","4232","786F0A0345CC9F8F0772283E21FFB21045A4F94A25AF4CD195768E91C45695BC"
".venv\Lib\site-packages\pygments\lexers\__pycache__\chapel.cpython-313.pyc","4254","87B7C5B9CCD23D60D1DFC51BBACB9D379A8D0E795C2E625760C02D08EE3D3084"
".venv\Lib\site-packages\pygments\lexers\__pycache__\clean.cpython-313.pyc","6079","44355F85D33C500AAA95304857305AB544B00F1A18074CEF36A3CFD716001CDD"
".venv\Lib\site-packages\pygments\lexers\__pycache__\codeql.cpython-313.pyc","2754","EA74328299E1171F416D452D69F1DF313A4A4A5CA27C20F5467CAE8C4CBCFFC4"
".venv\Lib\site-packages\pygments\lexers\__pycache__\comal.cpython-313.pyc","3216","0954BFD176904DD252D722B09FAE16292A54B7CCB70372DD8494BF73A236F0C6"
".venv\Lib\site-packages\pygments\lexers\__pycache__\compiled.cpython-313.pyc","1969","187B8930DD921116B6DEE02B35A0C97AA83DA47FDA8B315FC0C3A092AB7849E8"
".venv\Lib\site-packages\pygments\lexers\__pycache__\configs.cpython-313.pyc","44887","4322B7F0B652E851E956FF30658C40A197BDAF32F25C25476E2B90FE73A16AC7"
".venv\Lib\site-packages\pygments\lexers\__pycache__\console.cpython-313.pyc","4285","8BEBCDE39B7BD04391C287637BC8092303397944E465E53D6439B8873FFE2A6B"
".venv\Lib\site-packages\pygments\lexers\__pycache__\cplint.cpython-313.pyc","1777","C6B5C8D35A306D9BCAF0F21609B47C1F7F489EBEEE6A0F5058C3F670A47E44E3"
".venv\Lib\site-packages\pygments\lexers\__pycache__\crystal.cpython-313.pyc","15136","9E0429DADF1D4F65CAB8356E75BD49F48BD25D1FDF98371C4A34909FB76B2676"
".venv\Lib\site-packages\pygments\lexers\__pycache__\csound.cpython-313.pyc","14226","F264858B1EBEEF8B579D0E5DB69D99BEF072367D617280F26CEDED74B9C46F1F"
".venv\Lib\site-packages\pygments\lexers\__pycache__\css.cpython-313.pyc","22157","30EEACA82A9EC01D6FDD4A6102879FDEE00B2FF6CF611BD0F5B4AC2B5816F8BD"
".venv\Lib\site-packages\pygments\lexers\__pycache__\d.cpython-313.pyc","8365","D127A542CA42234E6BCBDC6EE48A5E3D6AB336FFECDF2E89E9150A9E1D32173B"
".venv\Lib\site-packages\pygments\lexers\__pycache__\dalvik.cpython-313.pyc","4612","CFBFF08F0A57FBCA7E84573F55CBC4F966217B4AE76699CB8A784E7C7543F2A7"
".venv\Lib\site-packages\pygments\lexers\__pycache__\data.cpython-313.pyc","21666","EA32C961FE7E8F5153514852909B3A7BB3E1E8A67DD92ECCEBA7E545FC4E24F6"
".venv\Lib\site-packages\pygments\lexers\__pycache__\dax.cpython-313.pyc","6250","15696AF066B98C42A834D4D2B4D97110A91A697A3F336356678F6FA21B1EFB4F"
".venv\Lib\site-packages\pygments\lexers\__pycache__\devicetree.cpython-313.pyc","4060","A89C4A8432AFA87A03DDD411EA2E4F4EB8AB4A3EE2CBAC743A24F0231C230699"
".venv\Lib\site-packages\pygments\lexers\__pycache__\diff.cpython-313.pyc","5723","C1FB35C8F2E33C4B3FD1ABDFF8133E4E85EF39D7FE91E8E2D4215187A5AF7939"
".venv\Lib\site-packages\pygments\lexers\__pycache__\dns.cpython-313.pyc","3800","263E1F55B1F7BE14ACE323BB8389E060E2E4FCB9EAB0201B248A34DA5E163B4B"
".venv\Lib\site-packages\pygments\lexers\__pycache__\dotnet.cpython-313.pyc","35285","DE17DB7032FB824DE2A6822252ADE7D60D96986BD461AA0879573012CC1C77EB"
".venv\Lib\site-packages\pygments\lexers\__pycache__\dsls.cpython-313.pyc","33859","3A66ABAC6C99EC8E3A5E8767032CF6FC05B5A1623DC58143888B5963197EF15C"
".venv\Lib\site-packages\pygments\lexers\__pycache__\dylan.cpython-313.pyc","9807","D36212D304D21804956B8924D4A995880DEEB1C9F00133EA4DD717B196C0EC9F"
".venv\Lib\site-packages\pygments\lexers\__pycache__\ecl.cpython-313.pyc","5595","131AE9250DE232C4458EEDE354C7897D3C88C8BDF39A3B6E6E1C95247D2123D1"
".venv\Lib\site-packages\pygments\lexers\__pycache__\eiffel.cpython-313.pyc","3010","D8988A2DA89D1EBC8F94FA4B4710FDAB11D343F9E4128D67B0279ED99A204FC5"
".venv\Lib\site-packages\pygments\lexers\__pycache__\elm.cpython-313.pyc","3248","80B583023CC334A65D44729206B84C63BC3E4A9BCB97140B772110BD3A10D9FE"
".venv\Lib\site-packages\pygments\lexers\__pycache__\elpi.cpython-313.pyc","7258","8BC9B162492B31EEC80FFBB1E16EC47022C0C54399E18C636BABFBDDE28A30DD"
".venv\Lib\site-packages\pygments\lexers\__pycache__\email.cpython-313.pyc","6019","32C47FC5ED66403F54E7FB6411C372DF9A5771B2B6B43A38BC43565B11EAA633"
".venv\Lib\site-packages\pygments\lexers\__pycache__\erlang.cpython-313.pyc","20569","7CB953AD2BC04452E7089537C1C524988FCDFCCE300BE2946F3EA0B2052DD392"
".venv\Lib\site-packages\pygments\lexers\__pycache__\esoteric.cpython-313.pyc","9821","E5D2A90677ADC83D3ADD6B2A7CC562D86EF90B40CDEE65E18D075DD87B49DA39"
".venv\Lib\site-packages\pygments\lexers\__pycache__\ezhil.cpython-313.pyc","3862","AA5A7E2E0F9D17D22CCFD7DABDCFF34F8F3EBB8684B8EC37C697E2AFA0704DAE"
".venv\Lib\site-packages\pygments\lexers\__pycache__\factor.cpython-313.pyc","16883","CD107B6037AF9006362431398574D8441E29C795F98B67947F04869BE39E3719"
".venv\Lib\site-packages\pygments\lexers\__pycache__\fantom.cpython-313.pyc","7946","7832F206B107B447E66B9F037DB3FD9B2A8291788B4774F762929352BF4C609B"
".venv\Lib\site-packages\pygments\lexers\__pycache__\felix.cpython-313.pyc","8231","CA6EECBD80803F5C86E559FF6368F99FD0158C1EE7CDB7D0EF2B632865A30E05"
".venv\Lib\site-packages\pygments\lexers\__pycache__\fift.cpython-313.pyc","1985","42182A4D9A62126DD1A258D796EF0066F83D4FE81BF70B8C882ED1B4F18D273D"
".venv\Lib\site-packages\pygments\lexers\__pycache__\floscript.cpython-313.pyc","3003","6D19FA4A1B3DE48E5DC8C68FCC82C8B98FC537A4B6C2D03570114181B4177A1C"
".venv\Lib\site-packages\pygments\lexers\__pycache__\forth.cpython-313.pyc","5386","A26381F0D971D263236C8336D27284F2B2C98C6A12C8C15EDBE177F40B17B085"
".venv\Lib\site-packages\pygments\lexers\__pycache__\fortran.cpython-313.pyc","8739","9B5D2F31FC4432321DFD89FBF1F757D8FB4972C3A0FE138CA488D9B34A73566D"
".venv\Lib\site-packages\pygments\lexers\__pycache__\foxpro.cpython-313.pyc","20829","2D0B0E8CC0B6F322D7F61D6120A5D7412D19EC5A3CD96B33F5BFC47CB077C471"
".venv\Lib\site-packages\pygments\lexers\__pycache__\freefem.cpython-313.pyc","12809","7C1496A36E29D29A647351324E7F0C6A2D633858538D836645B85BDEB3D1E438"
".venv\Lib\site-packages\pygments\lexers\__pycache__\func.cpython-313.pyc","3329","12555E04B7F7FBCECC8049B28B8C1CFFD2905DB109108D810416DF866074237D"
".venv\Lib\site-packages\pygments\lexers\__pycache__\functional.cpython-313.pyc","1019","33B1831A209798A1AD88C9D36C7D65399B81071D545A9E13843EFCA75F676A6F"
".venv\Lib\site-packages\pygments\lexers\__pycache__\futhark.cpython-313.pyc","4101","460DD20FE3C68348BAF07332D2AEA944390652FE843C286A5831BE74F6B0A739"
".venv\Lib\site-packages\pygments\lexers\__pycache__\gcodelexer.cpython-313.pyc","1341","D1B3FB13661CC861934775FE287F553AC53B02D6F2FF0D16380F0EE0E37C1126"
".venv\Lib\site-packages\pygments\lexers\__pycache__\gdscript.cpython-313.pyc","7258","36004E1AA4A697F8C4EBD692FDBF72FFE265AE6F299287A0477B3C8F49F47159"
".venv\Lib\site-packages\pygments\lexers\__pycache__\gleam.cpython-313.pyc","2727","5E4EEC4D9427AB15BF39FF5FD3736FD7833627FE6C638F64975015DE3C27923A"
".venv\Lib\site-packages\pygments\lexers\__pycache__\go.cpython-313.pyc","3390","18647F714A2E1CF4CDDCA7D2000A2D60FE9D0B1A3B3350D59CE0FD1AA8C1CA97"
".venv\Lib\site-packages\pygments\lexers\__pycache__\grammar_notation.cpython-313.pyc","7688","1312C82C22FA514694B03E4FB8AE1E7D3085B5D01579FB8F595600E8AA155659"
".venv\Lib\site-packages\pygments\lexers\__pycache__\graph.cpython-313.pyc","3825","0E65C1126F801A87926F0ABA79F9E561D3D754AE367812BAC945BFE0361F7733"
".venv\Lib\site-packages\pygments\lexers\__pycache__\graphics.cpython-313.pyc","29705","862E272AFCD07D5E2B9BEE46F5A55DFAE3619FD3894F5EA61378FC7AF976B0A2"
".venv\Lib\site-packages\pygments\lexers\__pycache__\graphql.cpython-313.pyc","4432","057C78216F32C4CBA15992C20AEB5F3BE8C5A8C62969DC3207A3E2432C4C46DA"
".venv\Lib\site-packages\pygments\lexers\__pycache__\graphviz.cpython-313.pyc","2242","1EED150307B324DF2C927DD0E413B82B4541F72FA84A16A0668A12F44EC76AFD"
".venv\Lib\site-packages\pygments\lexers\__pycache__\gsql.cpython-313.pyc","3796","B2708F17CCD8028564A30E0CE95017CB04DF34452B3FB145DEF31CAB04B6F8D0"
".venv\Lib\site-packages\pygments\lexers\__pycache__\hare.cpython-313.pyc","2969","88B6D3CE8515544D541A7DACBFF8D19125482941C89D1D0A54ADA1E4241F6C8B"
".venv\Lib\site-packages\pygments\lexers\__pycache__\haskell.cpython-313.pyc","30619","E482ED4E9D6A1FE58620A839E8265941007E0E07E5A6D96B88493B74C39D0A38"
".venv\Lib\site-packages\pygments\lexers\__pycache__\haxe.cpython-313.pyc","22387","9538406A2A017AD5637187F49A3CDB8D2DF4FD6A66A11CF15DFC5B01596CB211"
".venv\Lib\site-packages\pygments\lexers\__pycache__\hdl.cpython-313.pyc","17468","B867C58DA77013DADC377D5E12AEEC6FA963FC0B0C44B6D933C1B06EF6961E43"
".venv\Lib\site-packages\pygments\lexers\__pycache__\hexdump.cpython-313.pyc","3628","8D679E02731D60B23E83557F6DF162A5B3506336F9C808325CF83680E2A135B2"
".venv\Lib\site-packages\pygments\lexers\__pycache__\html.cpython-313.pyc","20971","1F97BB15F5582BFAB977E8D27E888FDF4CEDC043CCA598453D83237FC73B8D5B"
".venv\Lib\site-packages\pygments\lexers\__pycache__\idl.cpython-313.pyc","12490","3619F274DDDC8A950C6B637FE06CC8391351530457DBC9091510AB506DCEB5D9"
".venv\Lib\site-packages\pygments\lexers\__pycache__\igor.cpython-313.pyc","25689","BEFFC900B4C0122BD4F4A0BB5F0E05E660D03DA0EB007DCC037C14317B14B665"
".venv\Lib\site-packages\pygments\lexers\__pycache__\inferno.cpython-313.pyc","3275","B755EDA30DCD5ADA90E105A9D7F8A4865112DBA27F57271494D92079122A2927"
".venv\Lib\site-packages\pygments\lexers\__pycache__\installers.cpython-313.pyc","13906","36DE792FCA1A7D555E30C458ADC1FFD7BEDDF1406EDBDE1CFE2A210222308D0A"
".venv\Lib\site-packages\pygments\lexers\__pycache__\int_fiction.cpython-313.pyc","48349","8C721D6506CF581651CBA5B0638BE2A00959BD97C86547FE5FAB86767EE77D8C"
".venv\Lib\site-packages\pygments\lexers\__pycache__\iolang.cpython-313.pyc","2236","77968D2373AF2D2E365A548317AAF38474F2E7C615255D6F08FDCD779D42BB48"
".venv\Lib\site-packages\pygments\lexers\__pycache__\j.cpython-313.pyc","4316","54AC86C3415EDFCF42ADFA95AED61F825735D3755168560743FAEBA43F9414D5"
".venv\Lib\site-packages\pygments\lexers\__pycache__\javascript.cpython-313.pyc","57202","BADE17F19799E923D0BC26196B034C7330AD26F87508791382B114EC660410AF"
".venv\Lib\site-packages\pygments\lexers\__pycache__\jmespath.cpython-313.pyc","2426","BB2CCCCB5AF491F7B95F46EEF6092608FF36DEB3C4A2F0FBAB3A133CA8A043B7"
".venv\Lib\site-packages\pygments\lexers\__pycache__\jslt.cpython-313.pyc","3736","42B5540428914176E301DA46BEE0C9E5D4A74541406C8D33942828483D08D78D"
".venv\Lib\site-packages\pygments\lexers\__pycache__\json5.cpython-313.pyc","2908","D39AE1BE37B25825900E6F7ADE0A76E7E904BF49814D8023FA7075DA152A67E7"
".venv\Lib\site-packages\pygments\lexers\__pycache__\jsonnet.cpython-313.pyc","4884","F5AD7FAFA3E12538A29C277EAF7E0B3597C39592383A2FA3CD0049C2417FC324"
".venv\Lib\site-packages\pygments\lexers\__pycache__\jsx.cpython-313.pyc","2964","5AA7C242FD892C77FBB47133FECB760E5F8C4A8BC38405602E33F3236AB0A029"
".venv\Lib\site-packages\pygments\lexers\__pycache__\julia.cpython-313.pyc","11038","8818FCDBA7A29F6DB1195C69736DD427E12CB7FF28FCEA08D7E450F7E3D34402"
".venv\Lib\site-packages\pygments\lexers\__pycache__\jvm.cpython-313.pyc","64156","C03326A50DE99E3C49CCCAE66DB5D3875E89A48B8914B6DAB33B41239B345B1D"
".venv\Lib\site-packages\pygments\lexers\__pycache__\kuin.cpython-313.pyc","9864","A6C7E558BE94558B6314B7865B6FD61220845BB2DCA941919277B8EA3B279555"
".venv\Lib\site-packages\pygments\lexers\__pycache__\kusto.cpython-313.pyc","2870","BE2D470059C7E0D56D9A085DF7964BCCED95F94832F55E034EB1CBD654BF6C9E"
".venv\Lib\site-packages\pygments\lexers\__pycache__\ldap.cpython-313.pyc","6472","B98C32FD23BC67D3EB67A70229C6DCEA3864C098390C2EDA650F5A5344A4C135"
".venv\Lib\site-packages\pygments\lexers\__pycache__\lean.cpython-313.pyc","8004","3D736B5331B5AED9C18FEFD71F577196D9622EF3458EB952677AB323CC30A7A6"
".venv\Lib\site-packages\pygments\lexers\__pycache__\lilypond.cpython-313.pyc","8395","3A3E7E49090CB9AC10740B64057A1C7E35C3A8CF1D5E6B611A9E9E274A7490CC"
".venv\Lib\site-packages\pygments\lexers\__pycache__\lisp.cpython-313.pyc","121870","D1C861320F3C73DB366D33217D0F3F4924F5B7F2BA43971F2815DF0CBA4E2CD2"
".venv\Lib\site-packages\pygments\lexers\__pycache__\macaulay2.cpython-313.pyc","23165","8DE3121412E447A3EB817ECD2E34D97C6DAA4C529FF6819D6C2222024078E413"
".venv\Lib\site-packages\pygments\lexers\__pycache__\make.cpython-313.pyc","6764","92C637653A39CFB64D895A9099867624D144B9EC77553509DA8A2A8411B0B7B4"
".venv\Lib\site-packages\pygments\lexers\__pycache__\maple.cpython-313.pyc","4985","35B4C50156E5BA17A5110633BEC0B000CEECE49FCB7D93D0F5C74B50C5271955"
".venv\Lib\site-packages\pygments\lexers\__pycache__\markup.cpython-313.pyc","60413","97622A22DD00D248E6E77AD85C7FBCB4EAC8C162560E1A91304CE2F4B8231B51"
".venv\Lib\site-packages\pygments\lexers\__pycache__\math.cpython-313.pyc","1015","306A4E97A45AA07AF838A8015A71B67C0DD4D2AE64FE5C045D1539EBE3F06807"
".venv\Lib\site-packages\pygments\lexers\__pycache__\matlab.cpython-313.pyc","55954","A8068937196F83A6B4964ECDE2D02C42B4343B20F86176242AF82E3377A8CCF0"
".venv\Lib\site-packages\pygments\lexers\__pycache__\maxima.cpython-313.pyc","3221","81B1AADACE240F592C7EC7D4C74B518221CBB2B2EB235610E9382630EDB18D6A"
".venv\Lib\site-packages\pygments\lexers\__pycache__\meson.cpython-313.pyc","3510","112A1D8747442859A9C2643125BCB9844A938714258521716505C9F5741AEE3B"
".venv\Lib\site-packages\pygments\lexers\__pycache__\mime.cpython-313.pyc","10122","FC727C2EC4AAB7559659D2C77DB0D68B51DC11BCBB5C7BC72B30192CB7D44F9E"
".venv\Lib\site-packages\pygments\lexers\__pycache__\minecraft.cpython-313.pyc","10745","4599661DFA996FB9C319E8854C23735957B1D98F6E4D67D44F087547D39793E0"
".venv\Lib\site-packages\pygments\lexers\__pycache__\mips.cpython-313.pyc","3428","F1E85DF9A38067D7D58A4BAF9AC25F9BA410EAE185AE2C1B5D51067CF9AD49A7"
".venv\Lib\site-packages\pygments\lexers\__pycache__\ml.cpython-313.pyc","26272","78EBF51B3C8E1B26E678B5DA90612D59A4ABC5DC9E057ED913D6E568645C6653"
".venv\Lib\site-packages\pygments\lexers\__pycache__\modeling.cpython-313.pyc","12229","CD7A349E7A6D742C8A622896914EE9EDE6917FF9D9DD3F34D053F52A61176137"
".venv\Lib\site-packages\pygments\lexers\__pycache__\modula2.cpython-313.pyc","26384","2E1DC09EA4070548C3260C4378CCE42CF240982F3971D163603FFE7D63CED38D"
".venv\Lib\site-packages\pygments\lexers\__pycache__\mojo.cpython-313.pyc","14371","1C094EA34046C08C058AD6B37ECDAB387D8F3A13B15EA38F0CBBF05B66383E05"
".venv\Lib\site-packages\pygments\lexers\__pycache__\monte.cpython-313.pyc","5102","168CA1C0C3C00B96E58B0095B529D04FBBCBF9983D514790BC7D031C447BECD3"
".venv\Lib\site-packages\pygments\lexers\__pycache__\mosel.cpython-313.pyc","6962","EFACEA255EF247D243AE1D9FC720EFBBFD7A992BC5E2CA6D06938A87740A92FC"
".venv\Lib\site-packages\pygments\lexers\__pycache__\ncl.cpython-313.pyc","45915","5851EBFE3786326679FE8138239320E9930DE3402A89F680396421B01DE87A1E"
".venv\Lib\site-packages\pygments\lexers\__pycache__\nimrod.cpython-313.pyc","6483","6F236BB0532CB38531B385275B89DCE34682E2FAD41818A9EA64581237F29A83"
".venv\Lib\site-packages\pygments\lexers\__pycache__\nit.cpython-313.pyc","2775","DC5A583C14228CC299ED54F5F4852E10D26CD0E74EB4553C86C2BAC01BFC6C19"
".venv\Lib\site-packages\pygments\lexers\__pycache__\nix.cpython-313.pyc","5543","777488A170815D8F7DA693BA7F5AF725E1F17D0289095FE5EA5BA0688214397F"
".venv\Lib\site-packages\pygments\lexers\__pycache__\numbair.cpython-313.pyc","2150","8FCE941022755A165F20BEF4BFFC8A2BAC1C9ABEDB00BEE60953A74A6AC1E0C3"
".venv\Lib\site-packages\pygments\lexers\__pycache__\oberon.cpython-313.pyc","3758","1798C8AE62662B0043F72D1BB3F940AD94D235ED56B4F617C8209ED84BEF1E42"
".venv\Lib\site-packages\pygments\lexers\__pycache__\objective.cpython-313.pyc","19568","F2BEFFE04FB1231DE7C23743FA08FAAA812290863862D0A13F2AC563DF7E42EF"
".venv\Lib\site-packages\pygments\lexers\__pycache__\ooc.cpython-313.pyc","3135","0C7C4C6971DB0910173158F49FCAFBC74EC030B7C75754D3E0F54BD275C43647"
".venv\Lib\site-packages\pygments\lexers\__pycache__\openscad.cpython-313.pyc","3743","A3F0462D3A0F63877677B3DC32DFB8DB4C82EAFC7F28AE238D78745D1A9A963D"
".venv\Lib\site-packages\pygments\lexers\__pycache__\other.cpython-313.pyc","2425","2CD1D0CE1D2484FBB060AFC9D89C4EBB8584F2033BA112FB0D98E51EB07F95BD"
".venv\Lib\site-packages\pygments\lexers\__pycache__\parasail.cpython-313.pyc","2910","697CAC1600085CBAF97BC516E6BC4C5E4507CA50D40E19213481897E6B7D4FA6"
".venv\Lib\site-packages\pygments\lexers\__pycache__\parsers.cpython-313.pyc","24875","43D355846E19224D16A9D7D4903735146ABD4BAF24470548DE136186BE62D744"
".venv\Lib\site-packages\pygments\lexers\__pycache__\pascal.cpython-313.pyc","24858","A38F3BCB3E8EA5A1DC8361FADE629E7A6F308B03BDD6B77BB1B7F34CEE17647B"
".venv\Lib\site-packages\pygments\lexers\__pycache__\pawn.cpython-313.pyc","7925","CD6DCC19D03A3099293A30B6883C69D5BF45B551CF6C8CC6D8484097B1523041"
".venv\Lib\site-packages\pygments\lexers\__pycache__\pddl.cpython-313.pyc","2820","BA778F10F6C7FC76DC596132B9FBC0E78100E38FC380266241AA6EBC0F8B17AC"
".venv\Lib\site-packages\pygments\lexers\__pycache__\perl.cpython-313.pyc","39212","385A77F3BBEDC38FBE2C3D9FF13A98736D6882CF9C507EC4377C604B7A202C40"
".venv\Lib\site-packages\pygments\lexers\__pycache__\phix.cpython-313.pyc","18413","66992DC3A9D8C862D1DD1944DB39D2320E5FB3AE0922805F769F2464F3FE424E"
".venv\Lib\site-packages\pygments\lexers\__pycache__\php.cpython-313.pyc","14342","5FEF274C29599A795025F5392C513D44F7D1DF1F4F6D1E16C9C7F92AE8D5961F"
".venv\Lib\site-packages\pygments\lexers\__pycache__\pointless.cpython-313.pyc","2314","4A123E4EF7F7994862B76F09F5024099A1CBEF78EFF8DF91819BB2C7D346D149"
".venv\Lib\site-packages\pygments\lexers\__pycache__\pony.cpython-313.pyc","3431","D306626CDD8D4740C32049750932EA67E607A410A151B1ECFFADC51094D826AC"
".venv\Lib\site-packages\pygments\lexers\__pycache__\praat.cpython-313.pyc","10257","9D26E356A3DEF4B43AB77F286358ABF9CB153A14A35D094CB8B98DD13588E702"
".venv\Lib\site-packages\pygments\lexers\__pycache__\procfile.cpython-313.pyc","1646","1381E3B2B4A82D4DDE984124E45189C0D002754078DA4A7646D39FC4C7BC60C4"
".venv\Lib\site-packages\pygments\lexers\__pycache__\prolog.cpython-313.pyc","10607","492070456AEB159B4076D52FB31A83A4473A046CB2CF8E403370792AD5E9B91C"
".venv\Lib\site-packages\pygments\lexers\__pycache__\promql.cpython-313.pyc","3329","B71DF067E357E8246994D19C5B85B851554102D1E25A863CDD2F46162301007D"
".venv\Lib\site-packages\pygments\lexers\__pycache__\prql.cpython-313.pyc","8379","B20D6EA3F0DBBDE2EB0767310A05DC0C7E25662CD10E409151005C566CA52271"
".venv\Lib\site-packages\pygments\lexers\__pycache__\ptx.cpython-313.pyc","3791","534B6E7FC1AC538D78E673CFF1C7C980CAABB667921233EB434984B52E956B09"
".venv\Lib\site-packages\pygments\lexers\__pycache__\python.cpython-313.pyc","42978","6F16E5890490C2BDF28EBE66E68DDE6CF88F1DF1B3D69AA5E7D2482D0E009127"
".venv\Lib\site-packages\pygments\lexers\__pycache__\q.cpython-313.pyc","5877","40AD5115A491C3E18A12D6642C6A63FEB7A49162301F7F9891C579DF99DB34EF"
".venv\Lib\site-packages\pygments\lexers\__pycache__\qlik.cpython-313.pyc","3511","1F4070415C4241794429EBF8922B01B7565DE3B044714D13EA203C56FBAD447B"
".venv\Lib\site-packages\pygments\lexers\__pycache__\qvt.cpython-313.pyc","5353","8B029081D103B5BBA60E3853D71788949C2ACE223CC13EA6B7D01C58CD5E808B"
".venv\Lib\site-packages\pygments\lexers\__pycache__\r.cpython-313.pyc","6183","DDE739D26135AD8AC4F0D0DCC65DE875811ED782308491A9D438D2F2E848F368"
".venv\Lib\site-packages\pygments\lexers\__pycache__\rdf.cpython-313.pyc","12321","CBF3E9622BEE32FDD7C4CAB797D487C62AA1CF6F63927D517D9CAC873CF76D32"
".venv\Lib\site-packages\pygments\lexers\__pycache__\rebol.cpython-313.pyc","19753","5DD43F6A7D3D93803A72754B9BF6217A27B3F7D49A6ACD727B5499B366D86B6B"
".venv\Lib\site-packages\pygments\lexers\__pycache__\rego.cpython-313.pyc","1887","B0B4F9FD6D585BB39DA0C924DA93B26390CF2803A14B7BD2105F2F9CDE9016ED"
".venv\Lib\site-packages\pygments\lexers\__pycache__\resource.cpython-313.pyc","3632","6631440B53F543B59160FA6003C7F7A73B9A21C69C03C607125A156C998513A6"
".venv\Lib\site-packages\pygments\lexers\__pycache__\ride.cpython-313.pyc","4501","C88D5777DC10FE869AFCBDE23A7D9435E3E415E5AB367674DB9BE1B3E8448E4A"
".venv\Lib\site-packages\pygments\lexers\__pycache__\rita.cpython-313.pyc","1494","080B188CFC93FF4F98143B240EDDCFC26C8CB43CBC027AA27611D52C8333BCF0"
".venv\Lib\site-packages\pygments\lexers\__pycache__\rnc.cpython-313.pyc","2036","AB97B68ABD9B6E43D4EFBF9EEAA336940D25C7AF239F4C7B7FB7FCC2C3823C65"
".venv\Lib\site-packages\pygments\lexers\__pycache__\roboconf.cpython-313.pyc","2383","5845EF3E1C14731FCE872C2D7FA26AFA7156F411C0C9E4AA5EADCC679DF6692A"
".venv\Lib\site-packages\pygments\lexers\__pycache__\robotframework.cpython-313.pyc","30656","C99D19213F9B6749B2932A1D3BFFB87887104C269A2D57B0AFCA40E67C1DAE48"
".venv\Lib\site-packages\pygments\lexers\__pycache__\ruby.cpython-313.pyc","22565","A1219DE57231DCBBEC210D165235D81053541321BC3B36FA3DBCBAFC1D05DA54"
".venv\Lib\site-packages\pygments\lexers\__pycache__\rust.cpython-313.pyc","7299","56A5790D960AB6D893CC2C721DC9FD5695F557E74B0E2098118BEB94B12546C1"
".venv\Lib\site-packages\pygments\lexers\__pycache__\sas.cpython-313.pyc","7034","18E016A284F2B610B5AC8110B99AA1F8FB2E60024345D5593626AA8A4CC797D6"
".venv\Lib\site-packages\pygments\lexers\__pycache__\savi.cpython-313.pyc","4001","2EB66C36511EEEF6F4AEF72D333B2E9108A5A7F74C59AAF33C944F5AAC88BD74"
".venv\Lib\site-packages\pygments\lexers\__pycache__\scdoc.cpython-313.pyc","2842","1219921AF5188D791F30A072F96F64BE10F925B2175AB56387D9303C28E07A80"
".venv\Lib\site-packages\pygments\lexers\__pycache__\scripting.cpython-313.pyc","72235","EAF030F7872F27A97135398774AB95411A9B7453F02947BE47E2102C3CE9EC2C"
".venv\Lib\site-packages\pygments\lexers\__pycache__\sgf.cpython-313.pyc","2096","E839439356EC3C23EBE32F31967CD747DA5D39F17A2A859D6EFB485F8681F29C"
".venv\Lib\site-packages\pygments\lexers\__pycache__\shell.cpython-313.pyc","37362","4D4EE790159E5F6BFF0F9737599F4BAB279E8BB59F10E6080E9C801DB3CE54DC"
".venv\Lib\site-packages\pygments\lexers\__pycache__\sieve.cpython-313.pyc","2742","36591B9BCD5DFBE594FE72A86CCDBB41F3B2893B91775A614C12E420734ADE3B"
".venv\Lib\site-packages\pygments\lexers\__pycache__\slash.cpython-313.pyc","8452","4583FCE1FFBB29C8BEC1E8A4883D9E21E9D2A014F8B1D5FB45B6DA02AA0B01E9"
".venv\Lib\site-packages\pygments\lexers\__pycache__\smalltalk.cpython-313.pyc","6738","D29CD244FA33190A970AF90896C44CBF61617B16BC52831EF9361F9CD3212074"
".venv\Lib\site-packages\pygments\lexers\__pycache__\smithy.cpython-313.pyc","3139","43BDDB6D60F4E319B0C9BA1AB33DB08537AD6A6DC17DDD871F5EC8476F375159"
".venv\Lib\site-packages\pygments\lexers\__pycache__\smv.cpython-313.pyc","2797","0A19F00F7ED26AD2DD78A5A5AFBD074E8B6202EA4A89F84003FD2B6B899C814B"
".venv\Lib\site-packages\pygments\lexers\__pycache__\snobol.cpython-313.pyc","2521","1DCC269E1B4245888739C7C05EF76A04101EADF4E5154FC3D0F4BDFBAC86D78F"
".venv\Lib\site-packages\pygments\lexers\__pycache__\solidity.cpython-313.pyc","3420","2DFB14B1D6F422376F7063677C949B19A990100822D46742454A512B52C73EE0"
".venv\Lib\site-packages\pygments\lexers\__pycache__\soong.cpython-313.pyc","2305","3E79EF4E51AC8716F51FEEEBAEF58B3EBFA96A724696DF953EFA7A8F7CC8EA40"
".venv\Lib\site-packages\pygments\lexers\__pycache__\sophia.cpython-313.pyc","3849","440170666D3EC18DD77E3D7F92451DEAA22581CA9D2D860251B43E6708D553FF"
".venv\Lib\site-packages\pygments\lexers\__pycache__\special.cpython-313.pyc","5557","5781E81EE893A969584951BC9BC54C0D65C6EB6FD0246E243E90F0D767B83B0F"
".venv\Lib\site-packages\pygments\lexers\__pycache__\spice.cpython-313.pyc","3172","8BF9756193CF2D9BE613678E368E5E73A423EB493FD2273B9841F685FF95F73B"
".venv\Lib\site-packages\pygments\lexers\__pycache__\sql.cpython-313.pyc","40883","1D5F7467486BC19C94ACF391C4A22EE9E35D419ED7F5CC1D5DBD7580C91D5072"
".venv\Lib\site-packages\pygments\lexers\__pycache__\srcinfo.cpython-313.pyc","2026","345CC553293711671FFD11C4E5C7F4947A1DA6157CA0B8702471E505F11498FA"
".venv\Lib\site-packages\pygments\lexers\__pycache__\stata.cpython-313.pyc","5172","B308A376CA4E616FDFBA091FD013F860A30BE26A9740651F164C9638ECDDEDC2"
".venv\Lib\site-packages\pygments\lexers\__pycache__\supercollider.cpython-313.pyc","3912","93FDB0E5B93F1F4FBD1D2C9A4EF30D4605E155F0BD7C236838A52929CC506714"
".venv\Lib\site-packages\pygments\lexers\__pycache__\tablegen.cpython-313.pyc","3352","7858325973314A97131F0C7F92F758CD7493DC2D9C04F9470564064795676F87"
".venv\Lib\site-packages\pygments\lexers\__pycache__\tact.cpython-313.pyc","9051","2F48703F016576FAABD54478420CD0A2A56696ED33B4698BA69D2C4CA99700B2"
".venv\Lib\site-packages\pygments\lexers\__pycache__\tal.cpython-313.pyc","2990","CACB2FC7617BFDE9D4C2D4D69F1AA9AD73B85898D203B07BC6DA0F83FFF58FC4"
".venv\Lib\site-packages\pygments\lexers\__pycache__\tcl.cpython-313.pyc","5162","9AF7B0B0FE1DAD79B33DC49B7695669A4E931AB2A3DB375AED98BFEEFAFBFBB4"
".venv\Lib\site-packages\pygments\lexers\__pycache__\teal.cpython-313.pyc","3567","5EE6D049A11F6FDC94AC320BDAF37F73C636A5F3A28AED032B11086F5D433704"
".venv\Lib\site-packages\pygments\lexers\__pycache__\templates.cpython-313.pyc","85151","9EE6298B91459030D608660198BC8000E6D232B837F769EB88435C76B99352D4"
".venv\Lib\site-packages\pygments\lexers\__pycache__\teraterm.cpython-313.pyc","5604","6AFF8B64E9577B9E315FC4FA86B06969D4A10520150225810790ADCF799ADDF3"
".venv\Lib\site-packages\pygments\lexers\__pycache__\testing.cpython-313.pyc","10117","06F3272A7B239AFB2606FEFEB5A62DD2E635357D845EB92664EB8EEDA6511941"
".venv\Lib\site-packages\pygments\lexers\__pycache__\text.cpython-313.pyc","1529","C9D82DA88670D0650C7E26752E750C87653B6A2716D1720D189211640CA16E01"
".venv\Lib\site-packages\pygments\lexers\__pycache__\textedit.cpython-313.pyc","8526","6ACECBDA86693522FFB39EBADD107D6D62CE08DB7AD4B5DB7B53248B77DA56B8"
".venv\Lib\site-packages\pygments\lexers\__pycache__\textfmts.cpython-313.pyc","15767","8816EA2AAB27AF991A180AA13BD2BDA9895E8999C1C7BD1E2218645282C75710"
".venv\Lib\site-packages\pygments\lexers\__pycache__\theorem.cpython-313.pyc","14815","BAEA522C7C354B9898F1F41A173AA59852E4DFAFFD09D11D72351B921AA0E262"
".venv\Lib\site-packages\pygments\lexers\__pycache__\thingsdb.cpython-313.pyc","5643","2DA1FEA255B7223D4AA032E7BDAA27EB722AF7167531026EF1CC04C553F70F0D"
".venv\Lib\site-packages\pygments\lexers\__pycache__\tlb.cpython-313.pyc","1896","21D3584902C384C56A248AB770DA9C1C608649FA52A9947FAEBDE4DFAD0276E0"
".venv\Lib\site-packages\pygments\lexers\__pycache__\tls.cpython-313.pyc","1942","DC72E81A4EDAF2F18BB589ED3639EAFAEEAB796B53960217FDD90255A8FE172C"
".venv\Lib\site-packages\pygments\lexers\__pycache__\tnt.cpython-313.pyc","13398","A834577C6C440582400A043B43B3A05439F29D5D1E04E15C07A414DF98612F4C"
".venv\Lib\site-packages\pygments\lexers\__pycache__\trafficscript.cpython-313.pyc","1873","2FC86573E9CCDFBC1A0102633602835302E449D5BFDA12088C453CA79155D12C"
".venv\Lib\site-packages\pygments\lexers\__pycache__\typoscript.cpython-313.pyc","7405","B562495C83294D384170F3E220AE244E88A0186DECF4627130B3C65FFE533685"
".venv\Lib\site-packages\pygments\lexers\__pycache__\typst.cpython-313.pyc","6861","550900059E394B26DBB3114090BEA9F37EB862EA82BDF8D243B66A0F625FD713"
".venv\Lib\site-packages\pygments\lexers\__pycache__\ul4.cpython-313.pyc","8226","03F96CB553671386DC0D309ADDD92CB7EFCE5F01E5A0D1C384C53659943D3D47"
".venv\Lib\site-packages\pygments\lexers\__pycache__\unicon.cpython-313.pyc","12539","30BC27633D6C1FAD9283373189365EE5DA0A77721128633C1B920DA68C3D41CC"
".venv\Lib\site-packages\pygments\lexers\__pycache__\urbi.cpython-313.pyc","5918","3AEC5D4B5C39AE776BF5785112077685390947A0B48C58BFE335DFB2306554B9"
".venv\Lib\site-packages\pygments\lexers\__pycache__\usd.cpython-313.pyc","4048","C4A184BECF35550A41A4C43391824A79EDB791B3E1860F7E513B08A744A3DCDF"
".venv\Lib\site-packages\pygments\lexers\__pycache__\varnish.cpython-313.pyc","6999","D4F9B704E0293BF0FAF126E48A9F6CECF4FEC48A08F23F171CF55A7A96EA1D66"
".venv\Lib\site-packages\pygments\lexers\__pycache__\verification.cpython-313.pyc","4042","A1DBE059324D8B3F37E36F6C80371078AA5AB7CD03462F8BFB098B99CDAFA44C"
".venv\Lib\site-packages\pygments\lexers\__pycache__\verifpal.cpython-313.pyc","2970","752DA3446B808DC08C820E51BC3DDF1D34122932FB8414A1B819DE1EB13D58DB"
".venv\Lib\site-packages\pygments\lexers\__pycache__\vip.cpython-313.pyc","5772","34DA39A79FEA369EDF0BB17DD7DD2320484ED1E6AD1200D1CE3EFB19336E4310"
".venv\Lib\site-packages\pygments\lexers\__pycache__\vyper.cpython-313.pyc","4931","0C5328CA54270BE3C78CCA9A12A32076B334EB75EC639980B1E5095154DCE824"
".venv\Lib\site-packages\pygments\lexers\__pycache__\web.cpython-313.pyc","1293","D3BC7A483468441F90D4AEFC77028C3635B50DF84F1D292953F3C4F2ECF5839E"
".venv\Lib\site-packages\pygments\lexers\__pycache__\webassembly.cpython-313.pyc","5843","1EC357AC6879EFF19DA6B03DBC4B20191EE2BCAD1A23C9C0A22FC14FB351B99F"
".venv\Lib\site-packages\pygments\lexers\__pycache__\webidl.cpython-313.pyc","8097","EE3DEC59F6F71715345240CF82ED6EC02B201E16FF7BA318D3934732A90B4AE1"
".venv\Lib\site-packages\pygments\lexers\__pycache__\webmisc.cpython-313.pyc","43647","01B901D799984FA997E50EDB5E80D2BF6842D85553FD53ED9393C225061E61B0"
".venv\Lib\site-packages\pygments\lexers\__pycache__\wgsl.cpython-313.pyc","10831","C7DC243EFCF9C1E90CF0DB8DCED166BD8A692D08C8FA0DD803AC13979F0F0E2A"
".venv\Lib\site-packages\pygments\lexers\__pycache__\whiley.cpython-313.pyc","3646","0B7FEF1A33DEA992B60C23D91D1BBED32CE8EB4D9ADE07FFC7970675963F3F55"
".venv\Lib\site-packages\pygments\lexers\__pycache__\wowtoc.cpython-313.pyc","3282","6988F1A2D90698AA5635EDC0473668D0277D1CA10B144957D7BD9E75CA89D425"
".venv\Lib\site-packages\pygments\lexers\__pycache__\wren.cpython-313.pyc","3116","D1DD9188C985D97423AAE52CB8E41AC91FA666F43EF39652BB5E2C8D7D93368B"
".venv\Lib\site-packages\pygments\lexers\__pycache__\x10.cpython-313.pyc","2425","A4641791E738013ED711B4EFDC916740F9BAC333644731E6313E56AB1252D25D"
".venv\Lib\site-packages\pygments\lexers\__pycache__\xorg.cpython-313.pyc","1422","43239A8012FC50DBA891A770C5AFF60A6E3BA0C1BCC591D422293A95667C491D"
".venv\Lib\site-packages\pygments\lexers\__pycache__\yang.cpython-313.pyc","4118","46F1B9B5E0922A880E9B402702868F503BDB7E9840E88F0AB7C163449D1BF445"
".venv\Lib\site-packages\pygments\lexers\__pycache__\yara.cpython-313.pyc","2742","BB36BF53C322333AB5C359DF7976C197E2139E26877883F644D718F0C862E52D"
".venv\Lib\site-packages\pygments\lexers\__pycache__\zig.cpython-313.pyc","3871","605D802B37FA80340C1B03B588E9A665BD729DD4EC224B49664DCC664FD7F72D"
".venv\Lib\site-packages\pygments\styles\__init__.py","2006","7FD282417378B8A6DEF1A23CF8BDEA4C2FBF5CF7D3E7ADC5C1383A5531957F02"
".venv\Lib\site-packages\pygments\styles\_mapping.py","3312","EA5A2F154136F6DCFA12C5775D8638860A3327BAB524BEDC7CEDD43A58274BCC"
".venv\Lib\site-packages\pygments\styles\abap.py","749","EB8530AFCB8F74475C4FEB44F98D95BDE4D77C7DD292A1FDA9D320638F581D02"
".venv\Lib\site-packages\pygments\styles\algol_nu.py","2283","1AFF567C726F61E806714935CDCB9F420B1D5CF363094364F2C007CAB4861A1E"
".venv\Lib\site-packages\pygments\styles\algol.py","2262","7C2BA4F084D37A1BDB252B9F89A2A582716C29B97EC45C7147CDB1865B5CF9C4"
".venv\Lib\site-packages\pygments\styles\arduino.py","4557","368501F3193B3351C63E82DFBB248E2D4D2C570A13B8B719AA595797610EFE21"
".venv\Lib\site-packages\pygments\styles\autumn.py","2195","7CB2DF8C75E3C4297A72B040C44B012C7DFBD802CC90569C0366C6E8A15B262E"
".venv\Lib\site-packages\pygments\styles\borland.py","1611","FF4C922A9E0A1824A0B588CF7BCBB30FA810865980211E13E378BE16845834E3"
".venv\Lib\site-packages\pygments\styles\bw.py","1406","BE193C5E88FAE1F2CF740F48414EA6515B1831E976E798D1F850D4EC18C81ED2"
".venv\Lib\site-packages\pygments\styles\coffee.py","2308","36A2EDF9F73B2CE3666B50468206DC795458F6E0C4EF4581B995EA2B8CF069CA"
".venv\Lib\site-packages\pygments\styles\colorful.py","2832","9987126DE86D1FB8AD1FF415F4DA89A785A76B55F896BC25DB09155D2DAEFB90"
".venv\Lib\site-packages\pygments\styles\default.py","2588","453806DB3296594C4F4C3085C614E7C9923F599048560BB95EC52936F162B020"
".venv\Lib\site-packages\pygments\styles\dracula.py","2182","BD12668B106848A57DA3C3554215C656242A72184862E81F8A42E6BD7D03A01C"
".venv\Lib\site-packages\pygments\styles\emacs.py","2535","4E2386F6873CDEA4E830244C9C9AD7B5662A9F302A632711CFFE743A808AB717"
".venv\Lib\site-packages\pygments\styles\friendly_grayscale.py","2828","6BB0AA933B7AFAE4E25EF8FA1A86015F346F5F9FF3BE20A38D1074E0A7FFF90D"
".venv\Lib\site-packages\pygments\styles\friendly.py","2604","A008BE97D6A7413B3D4930E65335C60E539E81AB44387E21A43D23EA8E9D6463"
".venv\Lib\site-packages\pygments\styles\fruity.py","1324","19F4944C6D2CB6526BE4EC3FB1A09AC5B236201E3EDF80E9D93B914E97D4241B"
".venv\Lib\site-packages\pygments\styles\gh_dark.py","3590","AEE357DDDE2B7F6DABC7EF079F0BC66CD6D7450A5708D7075351CDABA378B8D8"
".venv\Lib\site-packages\pygments\styles\gruvbox.py","3387","2AB1681C4A159D95BA5CCF6E7725E770FA26786C998080EC356387DE40ABC454"
".venv\Lib\site-packages\pygments\styles\igor.py","737","7D860F84CD1D442BDC0D3315ACC54EE6814A9D89BEF18565B2E541A1CCC52ED6"
".venv\Lib\site-packages\pygments\styles\inkpot.py","2404","8E0812797F4D575E5E38BDA825A56667ABE657B2D64735C941152A71612A191B"
".venv\Lib\site-packages\pygments\styles\lightbulb.py","3172","63CBB5A9DBE51DF06A2368C97B1E794A4BD56AD568FC58C453313A87E5FB9BED"
".venv\Lib\site-packages\pygments\styles\lilypond.py","2066","63A7E9FEC10BFB31129B101A331CE3B6B2A4F7472E0C2FC36A535D0BCC23D27C"
".venv\Lib\site-packages\pygments\styles\lovelace.py","3178","700F6E8666E7CD8D3831C72C8984A0318EDFBDBE163116DE816054AC6BD78753"
".venv\Lib\site-packages\pygments\styles\manni.py","2443","83D1723BBA654F07CC9B6714E2288A81D964325BD02C6EA5D8BC24833E484D2E"
".venv\Lib\site-packages\pygments\styles\material.py","4201","2C39A0A2601B82D2436616EFE38EBFCC8C20621E74500A8412D8183549ECD6B4"
".venv\Lib\site-packages\pygments\styles\monokai.py","5184","96BC532699016AB57D8132E4050AF267AA0D4A37A401585E26E78A24FE621180"
".venv\Lib\site-packages\pygments\styles\murphy.py","2805","F8029988B9298967A3FA8B631CCB18084F88FBF23308E2C963EFC605D291651C"
".venv\Lib\site-packages\pygments\styles\native.py","2043","97AB5ECC64904C1F29FD2C8E5C9D0F588ECACC278476DB0F995738627E3F0B05"
".venv\Lib\site-packages\pygments\styles\nord.py","5391","183B775806AA696B2209EAA92013F177C4C4517EF4F1F19FC1A03B4B4C34A32D"
".venv\Lib\site-packages\pygments\styles\onedark.py","1719","93CD1C644A6908417E1CBA31CBF1440344264036737BAF271D530D1B25156B6F"
".venv\Lib\site-packages\pygments\styles\paraiso_dark.py","5662","264AE0E2750A215345F14E1F3CD57F4A6ABF83D3456DBF5E894AE36295604198"
".venv\Lib\site-packages\pygments\styles\paraiso_light.py","5668","33137DEB8644A737B7C05D2CB3E8A069AD88EC4EBCE0C1DEF99AB4AD63C7DF0A"
".venv\Lib\site-packages\pygments\styles\pastie.py","2525","66F02CF54A41358142FB93C5AC24466279B71683CA6FE78A47EA336D664FFB88"
".venv\Lib\site-packages\pygments\styles\perldoc.py","2230","1D2C41F777B852942466CA51790DF815E25B67EE7D92C1AF75A1FE853A1E862F"
".venv\Lib\site-packages\pygments\styles\rainbow_dash.py","2390","E2E80BD7C3ABEDA36D68B7CF7C22C5462172D06BB6440E1AF46D8B41413D4AB3"
".venv\Lib\site-packages\pygments\styles\rrt.py","1006","7E0CDFA42D0F0BF48270B38C08D1084138CF50C3A77117BB491D7419F4916D76"
".venv\Lib\site-packages\pygments\styles\sas.py","1440","CB3A1799B7D0D8D0F5596ABDDDBE2F5466244126473EA6F8CA67ACF586114F7C"
".venv\Lib\site-packages\pygments\styles\solarized.py","4247","AAEA482C5667D365ACA67005E523D86FE5BC82EA3DC6752D8DBD4778BC375E01"
".venv\Lib\site-packages\pygments\styles\staroffice.py","831","08B6C178CA316B2DB55F2BB701FDA9E31517C86D7FEB27426EFB394492987B9C"
".venv\Lib\site-packages\pygments\styles\stata_dark.py","1257","BD7F12C0757FFEC1BDD85E022AB89B1B4F0C25F495ABDF1D82CEE0100FE7F727"
".venv\Lib\site-packages\pygments\styles\stata_light.py","1289","B95DC613ECA5BDF7D0D32377A72D58015A81079C1F9482996DC7B22B52EABEB7"
".venv\Lib\site-packages\pygments\styles\tango.py","7137","3B6C1C338847B94D58B74EF533D08AEC93ED8A2482AB2C6D4FDB5B890202576F"
".venv\Lib\site-packages\pygments\styles\trac.py","1981","F6432FD5967230A0025A5C767D056344FD08DA981C45808DADDEE2186660F6A9"
".venv\Lib\site-packages\pygments\styles\vim.py","2019","27BFD3AAFAC69135FF5EE4C75B4227E70A8F2C050F456CABD75DB65EE7995A63"
".venv\Lib\site-packages\pygments\styles\vs.py","1130","B3B627CDB20FB855372C891EDBB99CE250104A7D91DEF6DB1DCD5B68C19253F5"
".venv\Lib\site-packages\pygments\styles\xcode.py","1504","3DB41DCE019A0386BD2C05358B9F1A958F643382059505F98C743039899FFD19"
".venv\Lib\site-packages\pygments\styles\zenburn.py","2203","B2E6442B30530987617F6731370718ED401324AD6DAB979884674171775FE8C5"
".venv\Lib\site-packages\pygments\styles\__pycache__\__init__.cpython-313.pyc","2587","76AE38F0DFDE8588887F7743A93291BE09AAEFB94A7C9F4AB74183EFE2497FF6"
".venv\Lib\site-packages\pygments\styles\__pycache__\_mapping.cpython-313.pyc","3630","134DADFB86902E0777ADA1D18A8B6AA58D38474F8E90327F381B90562D6CC40F"
".venv\Lib\site-packages\pygments\styles\__pycache__\abap.cpython-313.pyc","1103","020300CC19EAFAB56D1845876183C7B8459A434B07592CADD96B29CC84DB5F0A"
".venv\Lib\site-packages\pygments\styles\__pycache__\algol_nu.cpython-313.pyc","2578","AE5388ABC10983854617F40105F74318940E48826EE7B8F9764153D6C20D9C72"
".venv\Lib\site-packages\pygments\styles\__pycache__\algol.cpython-313.pyc","2563","7A676491C4B5994A34F9E134D0D7727A7060EA73731EEDB38AC48E7C20EC51C3"
".venv\Lib\site-packages\pygments\styles\__pycache__\arduino.cpython-313.pyc","4285","55B2DCBD1CCC772D7AB28ADCFDAA52090C5AB2819D576CA8E18D46A0DDF99077"
".venv\Lib\site-packages\pygments\styles\__pycache__\autumn.cpython-313.pyc","2871","C020230F3A0069AB6DE07E43C1A56C01B39FED57B2C2D496396FE039A06FACCB"
".venv\Lib\site-packages\pygments\styles\__pycache__\borland.cpython-313.pyc","2240","D5C12DFDFCB5F3305DC28DFACC8C1290557618998A457C47224DB19E9BCE9EA9"
".venv\Lib\site-packages\pygments\styles\__pycache__\bw.cpython-313.pyc","1925","DEEB292DA958B9C06DA52D8EEFC025B26BCD256E6B132525473B6B777B85E7BC"
".venv\Lib\site-packages\pygments\styles\__pycache__\coffee.cpython-313.pyc","3461","50BE74D3052FD18D33E1560FA135C4652C14723E464F8F4A7997FB9662993194"
".venv\Lib\site-packages\pygments\styles\__pycache__\colorful.cpython-313.pyc","3729","35E78A65B8EA1B5DD3CAF22712D485C10018FF692276953A2C763303595F020B"
".venv\Lib\site-packages\pygments\styles\__pycache__\default.cpython-313.pyc","3231","A4B7E013A5D1CD6808D2A54B6767AEE9777C2A41CBF3AD390CBA32D494FD027B"
".venv\Lib\site-packages\pygments\styles\__pycache__\dracula.cpython-313.pyc","3044","C6C6E064D7A0E64BDA0281339459A3DBD3D2F904CA067D85E657AE0B2BDDA8C9"
".venv\Lib\site-packages\pygments\styles\__pycache__\emacs.cpython-313.pyc","3271","70A010E77A25A7D2888DFEFEA1F1D2E696CD05BC64F5152642DB40AD255AF9F4"
".venv\Lib\site-packages\pygments\styles\__pycache__\friendly_grayscale.cpython-313.pyc","3561","85AB6520D5EB1A05CD7EF6A5E8B1E6BAFED452C71A76D5A3891A37F62461A33E"
".venv\Lib\site-packages\pygments\styles\__pycache__\friendly.cpython-313.pyc","3367","6CA5C1A17B1CC82E18EC32F905C3C0D8091CA8A6B8700A34A39FA4D77C628B0B"
".venv\Lib\site-packages\pygments\styles\__pycache__\fruity.cpython-313.pyc","1946","10EADE176CECD11F100403E534DC113575232AA18D113CB682BE083967D6CC13"
".venv\Lib\site-packages\pygments\styles\__pycache__\gh_dark.cpython-313.pyc","4031","BEFE63DE287CEBC618B6069E4819D458E8E6C6CD30D506F97C864245908187D0"
".venv\Lib\site-packages\pygments\styles\__pycache__\gruvbox.cpython-313.pyc","4396","5520B95B257787FECE63F9DBCF6A1B3DC29C0B06964B8526ECD3FF17D58CC270"
".venv\Lib\site-packages\pygments\styles\__pycache__\igor.cpython-313.pyc","1140","6A3ADC5F94492FC7121EB75DD7ED7F232E72B11FD65010A7E52A4CC4830710FA"
".venv\Lib\site-packages\pygments\styles\__pycache__\inkpot.cpython-313.pyc","3010","F73BA12C59D734858D69B389D615B10007C530F045DFA2A2C540C6121DAABCE5"
".venv\Lib\site-packages\pygments\styles\__pycache__\lightbulb.cpython-313.pyc","4373","77C492DB821E37E20B21E693A621D5D451EE7CEFA16F0FD28647381D396BC27D"
".venv\Lib\site-packages\pygments\styles\__pycache__\lilypond.cpython-313.pyc","3510","5193E6AFD58A1E493529E156FC4642EC324ED4CA79FC5E4768E9C4ACF2DFF451"
".venv\Lib\site-packages\pygments\styles\__pycache__\lovelace.cpython-313.pyc","4251","47222ADBB1D29B815E1C0BAF3110F70F73FDF036E5A2D96301ADB09E6EF1B7FC"
".venv\Lib\site-packages\pygments\styles\__pycache__\manni.cpython-313.pyc","3494","8110D9419C8A4B73E82F26DA723A5DDB7F52B9D065CEBD7785B4D09D58FD6006"
".venv\Lib\site-packages\pygments\styles\__pycache__\material.cpython-313.pyc","4808","2194295E1DADCE6E9016F0162A1D87A027695C15E6F25E2AEFFDD9292F1C8143"
".venv\Lib\site-packages\pygments\styles\__pycache__\monokai.cpython-313.pyc","4792","C13326750239DC614DB2CFB2D441138E092212A6E11CBEBC26AD224FAD887ED7"
".venv\Lib\site-packages\pygments\styles\__pycache__\murphy.cpython-313.pyc","3687","D3401B507D0ACBAE742C6A755DBA51C2FE4F2CF1D9441BD023A4D60BC2BC246B"
".venv\Lib\site-packages\pygments\styles\__pycache__\native.cpython-313.pyc","2964","397A7BABD0AD6C1F4E6E80B7481417205A880A5E2BB5D3FA342D713B80D646D6"
".venv\Lib\site-packages\pygments\styles\__pycache__\nord.cpython-313.pyc","5606","EFC3DFBC0084DF6E0574A0F99C414F0539D286621CAC19C5934B40A94F8F8BD3"
".venv\Lib\site-packages\pygments\styles\__pycache__\onedark.cpython-313.pyc","2258","567A6EF01C49733B7EEA38B546D80BFA92310E7BAFDD601CED86D1CBC366A73B"
".venv\Lib\site-packages\pygments\styles\__pycache__\paraiso_dark.cpython-313.pyc","5132","58046ADF0FF6C74E3F76C814E16FF6BC2E08C513E35668B5F15EDA3210DF4CAE"
".venv\Lib\site-packages\pygments\styles\__pycache__\paraiso_light.cpython-313.pyc","5138","05630668262BFD313188CCB32096E2607D8F0DB2681BF1C2A4265DA80C9448B9"
".venv\Lib\site-packages\pygments\styles\__pycache__\pastie.cpython-313.pyc","3469","66F05AFE414ABABF154981705908890F1E66CB1B9A3C0C78FCBC1CFEA854C016"
".venv\Lib\site-packages\pygments\styles\__pycache__\perldoc.cpython-313.pyc","3058","8B3517D99EFF2A430D4244BCF5E7FFA1E219538C7D333991EF3EC9E85DD09D4D"
".venv\Lib\site-packages\pygments\styles\__pycache__\rainbow_dash.cpython-313.pyc","3704","517122667E91F98D25BDF547723BBE6D5FCD051EF7B89141553F6CADA60C236D"
".venv\Lib\site-packages\pygments\styles\__pycache__\rrt.cpython-313.pyc","1470","7932A1C993D642284A70EBA1A1C1A2215EFD8A90BD0B103C11B547F135624F8A"
".venv\Lib\site-packages\pygments\styles\__pycache__\sas.cpython-313.pyc","1799","BE1E6C03D72ECD478BFB3CE837E7E95D33AE5BE18A518DEC8AC30C39966A541D"
".venv\Lib\site-packages\pygments\styles\__pycache__\solarized.cpython-313.pyc","5779","C8549C85EAEFE95F876C79C51360EA4B607E43E174F798FDF52AC4E0762D0661"
".venv\Lib\site-packages\pygments\styles\__pycache__\staroffice.cpython-313.pyc","1118","BDAC2B654955854F048679521801C8F374199D2A6D532927A7B27680D7EECE90"
".venv\Lib\site-packages\pygments\styles\__pycache__\stata_dark.cpython-313.pyc","1689","9194472948073C7A6E22A1EB3EC9084B932ECA59D8BE585CB9F0C70D203D9C2C"
".venv\Lib\site-packages\pygments\styles\__pycache__\stata_light.cpython-313.pyc","1678","6BA3F4B2D6266516A4612F95230A950D2CFCEB065EC5A4886E8004A68D3548FB"
".venv\Lib\site-packages\pygments\styles\__pycache__\tango.cpython-313.pyc","6047","AF0CC25208E5DE6F1D17ADBDBCD734230B1BE64E6644D67C2D7C77A87770EB92"
".venv\Lib\site-packages\pygments\styles\__pycache__\trac.cpython-313.pyc","2611","52322D2F45A8F9F13CC3327611FB5671D092FE3103180DC2AB60C784494DA865"
".venv\Lib\site-packages\pygments\styles\__pycache__\vim.cpython-313.pyc","2494","D6019CEBE020E17D620361B5D02C206F970382575370E47432F47DE66EAEB7A7"
".venv\Lib\site-packages\pygments\styles\__pycache__\vs.cpython-313.pyc","1507","8B39A24BFE4C1D4EF518ED8A28D3C5A527D39F6B6628F07282CA4DFE6A9D99B4"
".venv\Lib\site-packages\pygments\styles\__pycache__\xcode.cpython-313.pyc","1837","EFA6BFF7A4062B1E38C47A6F34F895A9D7C86673886E3FE60797EBC21D685C93"
".venv\Lib\site-packages\pygments\styles\__pycache__\zenburn.cpython-313.pyc","3338","CFA89B8324E04E65ACD5C4C1F3BD5A3A3EEC7BB1410E131469DA96AF5018804A"
".venv\Lib\site-packages\pygments\__pycache__\__init__.cpython-313.pyc","3390","599B90DB64117A688E45358AFF24B2196ECD8D22B73CC8B6183F01AD08D068F0"
".venv\Lib\site-packages\pygments\__pycache__\__main__.cpython-313.pyc","743","09E7485932429F818F8C71BBF04F2DF14860F42B83577936BB285041C0A4EEEE"
".venv\Lib\site-packages\pygments\__pycache__\cmdline.cpython-313.pyc","26977","1B3E2BE549B023A6A1972FBE2E182F6C484BF8333F29CB20A5FC67BBE5A78936"
".venv\Lib\site-packages\pygments\__pycache__\console.cpython-313.pyc","2582","BE06D398753DF03F75155238D9C380863DC09F751F1B1A74983D8541686E1822"
".venv\Lib\site-packages\pygments\__pycache__\filter.cpython-313.pyc","3208","053EC76481CEEB2B3B8C3FDA9F612159980DBE837A4EE2A29225786AC361A50B"
".venv\Lib\site-packages\pygments\__pycache__\formatter.cpython-313.pyc","4515","31A43313891CC1FC563B421FEFAD56FA60126761BF00ED9671DC24013147C12E"
".venv\Lib\site-packages\pygments\__pycache__\lexer.cpython-313.pyc","38776","0E37AB95A6D82251E1935BEB9471F8B6C5404AF024018477685BF11970BBEE2F"
".venv\Lib\site-packages\pygments\__pycache__\modeline.cpython-313.pyc","1555","BEAEC39303093FC29C55BF07F133E4511F416CFE6DA384C7AC6C84BB4AA8BEDC"
".venv\Lib\site-packages\pygments\__pycache__\plugin.cpython-313.pyc","2529","74BABAB30484B6AEA6ADCCAB5BAFE507EF40BEFF607DA3F622C25E63425862C7"
".venv\Lib\site-packages\pygments\__pycache__\regexopt.cpython-313.pyc","4086","48416DC9938E541BAE55390BF1BBB80EC37B2528764F414ADC57D859967177A4"
".venv\Lib\site-packages\pygments\__pycache__\scanner.cpython-313.pyc","4665","9E5A525BC84E233D1F463D41D6BB4C1EC0FED06B3263FEBD18F94DAA04183080"
".venv\Lib\site-packages\pygments\__pycache__\sphinxext.cpython-313.pyc","12192","80E51868D953277D1B268E5258887F45F9CE142952C8611B381DB4596E21F28B"
".venv\Lib\site-packages\pygments\__pycache__\style.cpython-313.pyc","6909","4EB4592EE255C16A3DF39BE6FD78522CF25080718393B84F45205CFB7B89B5E8"
".venv\Lib\site-packages\pygments\__pycache__\token.cpython-313.pyc","8225","23509093F0C3A078EAC535BA108B66C7EA61C57B1571D5E3D4E5F9A1570E0E0A"
".venv\Lib\site-packages\pygments\__pycache__\unistring.cpython-313.pyc","33007","7CA2CD8FA51F771BB53F3BF82787FD415590AACEF8D2E1EAAD5289E76CE06CC0"
".venv\Lib\site-packages\pygments\__pycache__\util.cpython-313.pyc","14155","BA03988E73F73B89E417CBE97673AA3D03DEDB3F2BAA55B122CC9FEEE39833A6"
".venv\Lib\site-packages\pygments-2.19.2.dist-info\entry_points.txt","53","B945F0F9784C281117E2959C0ADA6E4D39CF84BDE1ECE104DA35A2E75550B1AF"
".venv\Lib\site-packages\pygments-2.19.2.dist-info\INSTALLER","4","CEEBAE7B8927A3227E5303CF5E0F1F7B34BB542AD7250AC03FBCDE36EC2F1508"
".venv\Lib\site-packages\pygments-2.19.2.dist-info\METADATA","2512","7AE100D67D67006C6479803DD835FCF47A9B59FAC794441EA8E66AA7F5984D82"
".venv\Lib\site-packages\pygments-2.19.2.dist-info\RECORD","47436","B77A002642FE744F130557638F6BAA0B79C3CEA7DF6030023210D6628A49E4A9"
".venv\Lib\site-packages\pygments-2.19.2.dist-info\WHEEL","87","AAD0B0A12256807936D52D4A6F88A1773236AE527564A688BAB4E3FE780E8724"
".venv\Lib\site-packages\pygments-2.19.2.dist-info\licenses\AUTHORS","10824","0660E318A6F215802ADC8731AB85D0C65FF27CFCCA3F5D28597F306476195BD9"
".venv\Lib\site-packages\pygments-2.19.2.dist-info\licenses\LICENSE","1331","A9D66F1D526DF02E29DCE73436D34E56E8632F46C275BBDFFC70569E882F9F17"
".venv\Lib\site-packages\PyJWT-2.10.1.dist-info\AUTHORS.rst","322","925CE43461029EEDBF558EC0B7CF7FC4B045DEF5120EBB97937C70814071CF07"
".venv\Lib\site-packages\PyJWT-2.10.1.dist-info\INSTALLER","4","CEEBAE7B8927A3227E5303CF5E0F1F7B34BB542AD7250AC03FBCDE36EC2F1508"
".venv\Lib\site-packages\PyJWT-2.10.1.dist-info\LICENSE","1085","797A7A20231D4C433E9F1911DB1731D06B5828B98F499819A034F7C0F56F5CE5"
".venv\Lib\site-packages\PyJWT-2.10.1.dist-info\METADATA","3990","1247B017A0FA294F1219A690CD561FC54514D4FFE0B3F769D6961392862F031F"
".venv\Lib\site-packages\PyJWT-2.10.1.dist-info\RECORD","2030","AF188F7AB2E8562F7B073CFC10B77FDC1F21E00225C8E392C5A30B00027EAEC6"
".venv\Lib\site-packages\PyJWT-2.10.1.dist-info\top_level.txt","4","44FE431CDC896CCAB691AD0599F4E0A12690CE1EDEDEBE57B825823BC6B4D24F"
".venv\Lib\site-packages\PyJWT-2.10.1.dist-info\WHEEL","91","3D9504C5D7FBD548BFB28EBB417A724AE1ED0A2DFE277C2F1783912BA93F4BC5"
".venv\Lib\site-packages\pytest\__init__.py","5582","7BE7A1E2218DC59A19D1AD131E4ABE21172A295087EFC72898938248782E8766"
".venv\Lib\site-packages\pytest\__main__.py","154","A150EB186A3B3744CDCB35E7B546E57204CA6E11C65AD8AF717E530BBB4470AA"
".venv\Lib\site-packages\pytest\py.typed","0","E3B0C44298FC1C149AFBF4C8996FB92427AE41E4649B934CA495991B7852B855"
".venv\Lib\site-packages\pytest\__pycache__\__init__.cpython-313.pyc","4484","9BDEA7B62C3CFA41A78585A53B7A4DDB834985BE1A226E1EC40C980EAD16B60D"
".venv\Lib\site-packages\pytest\__pycache__\__main__.cpython-313.pyc","419","6D7148D19FE15AC8A8C18A042ABAA1D68CC3DB699C97B5961AD8C104804B0FCB"
".venv\Lib\site-packages\pytest-9.0.2.dist-info\entry_points.txt","77","F083EB1CF1F72CD650EEFE6D34439C35365893F4A178D83AE23B1333D7ABA8BE"
".venv\Lib\site-packages\pytest-9.0.2.dist-info\INSTALLER","4","CEEBAE7B8927A3227E5303CF5E0F1F7B34BB542AD7250AC03FBCDE36EC2F1508"
".venv\Lib\site-packages\pytest-9.0.2.dist-info\METADATA","7558","14131718CC1F40CFECB5EAC338037029A519B6392876100AFEC1E949F023D1ED"
".venv\Lib\site-packages\pytest-9.0.2.dist-info\RECORD","10490","32B92905C2FAB2E9A2E6B6517A1D2D5AA35332D5DD5DAA127296FEEF8BA7F9AD"
".venv\Lib\site-packages\pytest-9.0.2.dist-info\top_level.txt","18","CB2863BE65C7EFE24E6A84087663501CFBA8042C4EC974B78C8B61B3FE82F00E"
".venv\Lib\site-packages\pytest-9.0.2.dist-info\WHEEL","91","FF309DDCDD65EBD02BC724DBF2BCC4A0FF53A5B61792A44548D383E4EBB19D3B"
".venv\Lib\site-packages\pytest-9.0.2.dist-info\licenses\LICENSE","1091","CA836A5F9ECCA3B2F350230FAA20A48FB8B145653B5568D784862DF864706B9B"
".venv\Lib\site-packages\pytokens\__init__.py","39498","E364B27E15BC7596A7CEB72B270063D2DA14746D30CB4FB952711AB40AE8D5C4"
".venv\Lib\site-packages\pytokens\__main__.py","184","CC9DA6F797F3D7E5BCC2E4C55A6AFCCE578E63D6543BA278FA5C4C936BA77840"
".venv\Lib\site-packages\pytokens\cli.py","6174","D96E76BE39808FE553B9F8F9B1A2787F850E874E00633E4CF7C9E8A8866C5C3C"
".venv\Lib\site-packages\pytokens\py.typed","59","0ED0AC203ABA28EBF634E11D4234DB78C58929187A6442F613EE8C7F544B78C0"
".venv\Lib\site-packages\pytokens\__pycache__\__init__.cpython-313.pyc","53337","5D550F89D80A7D2763407866C4D0A4F78436BB3193A49648D45E9469AE5F4AC0"
".venv\Lib\site-packages\pytokens\__pycache__\__main__.cpython-313.pyc","433","25D9EED6B4AD46C8E758557E5B22E8FBE9BF5632416A0CF06E136B40B9478031"
".venv\Lib\site-packages\pytokens\__pycache__\cli.cpython-313.pyc","7732","651FE630702A2894D943DF6FA15A62333A1ECCEB6E7E45A91DD867DF9E3BC57E"
".venv\Lib\site-packages\pytokens-0.3.0.dist-info\INSTALLER","4","CEEBAE7B8927A3227E5303CF5E0F1F7B34BB542AD7250AC03FBCDE36EC2F1508"
".venv\Lib\site-packages\pytokens-0.3.0.dist-info\METADATA","1983","4B434EBF9E1FD316C5485C8277B527963D05340069555346DFD1BE243DB42C1F"
".venv\Lib\site-packages\pytokens-0.3.0.dist-info\RECORD","937","BC87BF28A9E84C3EDD9B2ECA67F6FA470B56806D9E247022D2F9D5497133BE9D"
".venv\Lib\site-packages\pytokens-0.3.0.dist-info\top_level.txt","9","0FBFB7ED75B911FCF7BE382E3084CB1630C324F28484E189364EF34B82147150"
".venv\Lib\site-packages\pytokens-0.3.0.dist-info\WHEEL","91","FF309DDCDD65EBD02BC724DBF2BCC4A0FF53A5B61792A44548D383E4EBB19D3B"
".venv\Lib\site-packages\pytokens-0.3.0.dist-info\licenses\LICENSE","1072","94BF7AE4EA6833B0853A7CC1F1F28DD8579B34A31C9C162AEB8825DEC23ED5DC"
".venv\Lib\site-packages\pyyaml-6.0.3.dist-info\INSTALLER","4","CEEBAE7B8927A3227E5303CF5E0F1F7B34BB542AD7250AC03FBCDE36EC2F1508"
".venv\Lib\site-packages\pyyaml-6.0.3.dist-info\METADATA","2410","847A701020334386852B6E07BAD1053CB0CE3DA9EE1846E7E9D02B24E8BB3F8D"
".venv\Lib\site-packages\pyyaml-6.0.3.dist-info\RECORD","2693","DE847BAC7F6A4DEE76B265FEB38C9C4727204279FA68D413825685292C65C7D5"
".venv\Lib\site-packages\pyyaml-6.0.3.dist-info\top_level.txt","11","AE98F42153138AC02387FD6F1B709C7FDBF98E9090C00CFA703D48554E597614"
".venv\Lib\site-packages\pyyaml-6.0.3.dist-info\WHEEL","101","A95D0420F9638F55C2FEFB926AD4568E7D369D9233DCDD6DF23B19CFB1C1AF65"
".venv\Lib\site-packages\pyyaml-6.0.3.dist-info\licenses\LICENSE","1101","8D3928F9DC4490FD635707CB88EB26BD764102A7282954307D3E5167A577E8A4"
".venv\Lib\site-packages\redis\__init__.py","2015","5A50119F0C2CB7CA1A1328D75795D3726486C842950A7DD2F4DD4CAC7C89F14F"
".venv\Lib\site-packages\redis\backoff.py","3663","776DA1EF82C46AD26215DFF9A3C1EF156DDB885068B5838564775D1EDE39C9D7"
".venv\Lib\site-packages\redis\cache.py","9549","EBCAC90CDA20BCDC2076005E97ACD25FD43388BD75AAC2883219AF42F1EFCE73"
".venv\Lib\site-packages\redis\client.py","61733","E4ACA7292C152BB60F296C0E22D11F36926C565BBFA127219B694D73FC499D57"
".venv\Lib\site-packages\redis\cluster.py","99287","6331A4B5EF396D224E61EAACFD611215A9BF82D69680467A0A28CF21D95D562B"
".venv\Lib\site-packages\redis\connection.py","65270","B1988A9F2E0443C06D45E518B41E33050E43DD393448E8DB8C3DE3E7A8EB6F48"
".venv\Lib\site-packages\redis\crc.py","729","67791716D918D8B76079F9D032E775C6BE2F1B9518BC0F4B08CA8D317D72C2EE"
".venv\Lib\site-packages\redis\credentials.py","1828","18E9CEDFE2D25B7E1E7C7688AD46D2EF8D8CC3C97BD2647317A52B2A2299B0C6"
".venv\Lib\site-packages\redis\event.py","12129","BAB38ADB8D487609824377EAEC6A9746CB59DAF717455D786C104C74DDE56AD9"
".venv\Lib\site-packages\redis\exceptions.py","5211","3A6386A12F443C89EE4D93C94F406E0DE218B98AED4461144FF3EEE8DB4440D2"
".venv\Lib\site-packages\redis\lock.py","11976","DC9382DC0998275D336EAD1B94EB55E2E370B84870E0AEF1B89EA733EAAFE488"
".venv\Lib\site-packages\redis\ocsp.py","11451","E1BD6CE37C7E0C9F39F7344AB7019321B372B3F7721AFE58C8E7569CEBE28323"
".venv\Lib\site-packages\redis\py.typed","0","E3B0C44298FC1C149AFBF4C8996FB92427AE41E4649B934CA495991B7852B855"
".venv\Lib\site-packages\redis\retry.py","2206","262203C5E0FCF74BE08BF99EF29C32A4ED4B8B1C2153416FDC0E4D11ACBC4806"
".venv\Lib\site-packages\redis\sentinel.py","14661","C9AD5A3DE02F51C63DA97312A55FF0037D3CD6F52A908A9CC971BD4AA02F53CF"
".venv\Lib\site-packages\redis\typing.py","2149","93B17FDD5B6C7B179BEE6525EADC65C2B635BDE1832C486D7077BD17020938EA"
".venv\Lib\site-packages\redis\utils.py","6664","12B09ED15E273135937DE088D4F83A5F75997AEC46D04F808ABB08D4061A185E"
".venv\Lib\site-packages\redis\asyncio\__init__.py","1489","BA80C3F176158B42A3EA672E7D8C0B0D44D05E6051C7B6B46E1285F6CB59AFB2"
".venv\Lib\site-packages\redis\asyncio\client.py","61016","11FDB29274CC42B4C9D1BBE2DFEE296B21C6B03A94D1C4592F2B47ACFC4736E1"
".venv\Lib\site-packages\redis\asyncio\cluster.py","66922","E2E57CB9344315E018DB905B81A817D729309CF2CCB97CCEB71CD41F9482F10D"
".venv\Lib\site-packages\redis\asyncio\connection.py","47512","34ACE3D0B367DBB651F40E2C8772AD3A23EE2A4170BA373D7537A0A1D1DA1C0A"
".venv\Lib\site-packages\redis\asyncio\lock.py","11967","94B6AC5C43B61350AC9215F9659A1A486A66C193F543BF364771C050D1B7C03E"
".venv\Lib\site-packages\redis\asyncio\retry.py","2219","4A73CF3A5A3981CC8816D902E0363B1C5BE60E051A20BB09DC37878A8A20741F"
".venv\Lib\site-packages\redis\asyncio\sentinel.py","14293","401A6CADD96166516A10DCBFACAD48B9AB1289CA31E79FF14AF3FF232C1B85B4"
".venv\Lib\site-packages\redis\asyncio\utils.py","704","631739610BA684B8ED0C3C024B89A0C48EB2CB6676D40CCB945C556F10A88627"
".venv\Lib\site-packages\redis\asyncio\__pycache__\__init__.cpython-313.pyc","1361","AB05AD43AC8D46B7003376AC2461128AADB721FE6E75F10E80C81BB448FAA5DB"
".venv\Lib\site-packages\redis\asyncio\__pycache__\client.cpython-313.pyc","71212","1237AFAEC114E7AF34BD7D22CDD3C7D62CE7DBD6AD3DC34EBBBDD035DC21ED22"
".venv\Lib\site-packages\redis\asyncio\__pycache__\cluster.cpython-313.pyc","72612","69652054FBAB9EDD2D4BE115DC60123607E32A83E64F1F60B37FEEF50A5E5FBA"
".venv\Lib\site-packages\redis\asyncio\__pycache__\connection.cpython-313.pyc","63904","8FD4F0D742479C98E145A20597915BBA1B7B075E966AD3ADDEFA8C1C8C8D040D"
".venv\Lib\site-packages\redis\asyncio\__pycache__\lock.cpython-313.pyc","14140","C3A4212E8B67C072E6181836799645A5FA191DBCAC7006B3FFCCD5432E34E4AB"
".venv\Lib\site-packages\redis\asyncio\__pycache__\retry.cpython-313.pyc","3147","32480AD8E8E32232959525CE7B3A5601A3A5879562EDC2C93F2C5B254E4F45AC"
".venv\Lib\site-packages\redis\asyncio\__pycache__\sentinel.cpython-313.pyc","19012","5AC6EAAB42E24A967E16E01976F670C06F14708C4B0B802D9ACC4301E64D75D5"
".venv\Lib\site-packages\redis\asyncio\__pycache__\utils.cpython-313.pyc","1609","03D0A2F9EC87F8A2432E22412FEA3A4BEE475B492728871839B070F165BF6A73"
".venv\Lib\site-packages\redis\auth\__init__.py","0","E3B0C44298FC1C149AFBF4C8996FB92427AE41E4649B934CA495991B7852B855"
".venv\Lib\site-packages\redis\auth\err.py","694","59891BB83233C29D52F9E02FB326BA40C94EEA0F502176F33084CEB13597D319"
".venv\Lib\site-packages\redis\auth\idp.py","631","20C0C821BF6AEF6BDB230B4537CBCF75A00A6554DD8741EE0B9BA3E6E7EA9B0E"
".venv\Lib\site-packages\redis\auth\token_manager.py","12018","4A106C61788164124138C07F63EA577CBC0438099CF6CD6891A0840A29CD67B8"
".venv\Lib\site-packages\redis\auth\token.py","3125","0EC949C7FC0DF323DCAE6705F948BC1397A671A98FE8E5308BD3D3192BEC5D0C"
".venv\Lib\site-packages\redis\auth\__pycache__\__init__.cpython-313.pyc","175","74F3FEF44BE5F0E38EE87A4A751E0F9F22852049EB220FCE268C39FF9051E281"
".venv\Lib\site-packages\redis\auth\__pycache__\err.cpython-313.pyc","1805","B7C3E297700DDA67528E5F6A31531AE61C0F250A7DC7E688B8D5F111E6991FD9"
".venv\Lib\site-packages\redis\auth\__pycache__\idp.cpython-313.pyc","1381","6C994BBD9891E9CEC8BABBE90447C3E448B8E3E9C88E33D4F676CCD9E56EF7FC"
".venv\Lib\site-packages\redis\auth\__pycache__\token_manager.cpython-313.pyc","18026","A1819132A60304E786DEB3126A85E01832E83FF4E009A149D80A88A78E01C487"
".venv\Lib\site-packages\redis\auth\__pycache__\token.cpython-313.pyc","7443","E84047CE4A4909BD3858DF3641D4EE8B16B1A81121BAF54D477B7EF9B24D5AA9"
".venv\Lib\site-packages\redis\commands\__init__.py","576","713507F8C1AF68B612D16BA8CADCAAB4DD709E2C3603529B9145DCA6F3926372"
".venv\Lib\site-packages\redis\commands\cluster.py","31598","0411D2C977E5DCE113209B38242E43ADC7F3AA01762ADE1630471DD163082CE5"
".venv\Lib\site-packages\redis\commands\core.py","238528","6250B30F8E18267173744288143065A0F8758AF80729C14C66CC4FCDA984F493"
".venv\Lib\site-packages\redis\commands\helpers.py","4870","06997D726B4F44FA10D7392362CBA51ECE5B1146A170F0F481320E79ED1F909D"
".venv\Lib\site-packages\redis\commands\redismodules.py","2454","ED37D5CCB8F7D7D9A1B00E961326EC39D20F938A42FB58527098371F986FDD3E"
".venv\Lib\site-packages\redis\commands\sentinel.py","4110","85170843DC7D9C491D702B09CE8E957ACEAF93EDEDB1F42A7C94D3FEFDE82D8D"
".venv\Lib\site-packages\redis\commands\bf\__init__.py","8019","AA4E0303D2AC3223F8598A9878FD53E52701C1CB6C56D94BC8C86B608CAAD597"
".venv\Lib\site-packages\redis\commands\bf\commands.py","21283","C5E2ADF04EC6F0707E97DDB62740CB834EC210865354D1B1FF62DFCB0D6021C9"
".venv\Lib\site-packages\redis\commands\bf\info.py","3355","FCE076BFF8403C8F66755362071F2352D1F632132872DF59466F9EF089FAC10A"
".venv\Lib\site-packages\redis\commands\bf\__pycache__\__init__.cpython-313.pyc","9485","568339E5DC604C84C35EC976EFC088564118F59E6823A0DC77451AC28B808669"
".venv\Lib\site-packages\redis\commands\bf\__pycache__\commands.cpython-313.pyc","24917","98692B2B844AF526B9831C83D3E8B0F173E8CDF0A6D7247B01BC9E7A8CFC1F92"
".venv\Lib\site-packages\redis\commands\bf\__pycache__\info.cpython-313.pyc","5877","9A332E3AA0F900BEBCFD0BAF2F061DFE73BC6E6A699B568AB1DA3D0EFF5891A3"
".venv\Lib\site-packages\redis\commands\graph\__init__.py","7235","A1BAC53AEC14A4D80903FDCDB3247176A5D8CCBC38A104640710683023C0B4EC"
".venv\Lib\site-packages\redis\commands\graph\commands.py","10374","0CC2F04904548824EFFE18A9C26EEFE54ABBF5281ABBE028EC8E8EC886F8E5CA"
".venv\Lib\site-packages\redis\commands\graph\edge.py","2460","FD3963541E1AD693D2F696FCFC2BF0F2B7256C138E23FFFE7D8F5FC9B5387634"
".venv\Lib\site-packages\redis\commands\graph\exceptions.py","107","9110C1B182E0C0868CE2FAA2A0EFC1A7FBA05AF8DFA821FB0C8BF81A973D1C23"
".venv\Lib\site-packages\redis\commands\graph\execution_plan.py","6742","3F1AFCFF384F593FC47594A01AB6E25B0F3014BEAAE4917B3BE67A5F39B9E62C"
".venv\Lib\site-packages\redis\commands\graph\node.py","2400","3DAB1FB25E5D17A5AA4FD28234500A2B01AE6F22BFD8E442A00404E15B675E44"
".venv\Lib\site-packages\redis\commands\graph\path.py","2080","9BA1B3E0361F30843C5517832C7967430FCA236AD575EA56624FC0534FF1FC63"
".venv\Lib\site-packages\redis\commands\graph\query_result.py","17521","00B0D7B053496E767CCE2BD7D97776FFEA4FF246B4A58CA6D8743E3114DE3C84"
".venv\Lib\site-packages\redis\commands\graph\__pycache__\__init__.cpython-313.pyc","11160","36FE13040F0D50B37AC4D8BB6DA5DB3BF26BB1FC09BA1DEF6C5EA8622A52367A"
".venv\Lib\site-packages\redis\commands\graph\__pycache__\commands.cpython-313.pyc","11784","6F291FDF78925E6E2FA688934B8A4485FA5FE65DCD343B53F5E39B06808DC959"
".venv\Lib\site-packages\redis\commands\graph\__pycache__\edge.cpython-313.pyc","3632","E40E55788B432D3344224DC8B6EBB861FD8926216081FF2044ECA0298ACD87EE"
".venv\Lib\site-packages\redis\commands\graph\__pycache__\exceptions.cpython-313.pyc","606","A5E0B3C43BD1139AF9B4CB64234CAB76752A5270DE0C255FF74E74C2A4283760"
".venv\Lib\site-packages\redis\commands\graph\__pycache__\execution_plan.cpython-313.pyc","8743","2B2852927DD21C96EB5A0E9F1602142A117173AEEBC527DB30B66B076F9B64E2"
".venv\Lib\site-packages\redis\commands\graph\__pycache__\node.cpython-313.pyc","3838","76C6C167B305EB8C512AD1C656C1F252CBADD02416521DD3E98C88B085A49901"
".venv\Lib\site-packages\redis\commands\graph\__pycache__\path.cpython-313.pyc","4414","359B869BC7A8BC521B2210225D02CC92F7A1E6CB85E8FDC2AC7D8992999F4FCC"
".venv\Lib\site-packages\redis\commands\graph\__pycache__\query_result.cpython-313.pyc","23176","46E86E25B4F7FF558AE7784E7E5835F45191F194EBD233ED0F75FCF0A7AD0C25"
".venv\Lib\site-packages\redis\commands\json\__init__.py","4854","965A43433DA404D9C9C9F41FBA1D3EDA863E92731BEA0012D000ED3E66932AC3"
".venv\Lib\site-packages\redis\commands\json\_util.py","116","6FF5504E1D741722E5F01B5111F25F0DA80E242C9DEB04D042CF20EB7A62E462"
".venv\Lib\site-packages\redis\commands\json\commands.py","15747","F024627AB36A2BF55F16869AF6CD2BAF6F2E666AACEE741A02ECF8AA8D146196"
".venv\Lib\site-packages\redis\commands\json\decoders.py","1411","6BF228315FF081E2725227C3E0FE874DC33DB3A161AE27309B341C65199CF86C"
".venv\Lib\site-packages\redis\commands\json\path.py","393","D3368EEBFABF155324D4192191BED672BF001764DFAFAF558642B2D480558690"
".venv\Lib\site-packages\redis\commands\json\__pycache__\__init__.cpython-313.pyc","6671","8E00156DB9120E4CB1C358EF59EF248BAF4F8FBDCFF8D97553225A01C1FE0410"
".venv\Lib\site-packages\redis\commands\json\__pycache__\_util.cpython-313.pyc","377","1BE157AFA25242F37D3756F674A80DCD6FCD3AC2484C6E25BEBE0BD430B61878"
".venv\Lib\site-packages\redis\commands\json\__pycache__\commands.cpython-313.pyc","19294","A5CB416C52E2B3AC5DDD0880B045168986E989DFEE42C6545D1E0B11C7F992F1"
".venv\Lib\site-packages\redis\commands\json\__pycache__\decoders.cpython-313.pyc","2454","152B618CCB073CDB85A3D56F0A8FF61FB4A0FAF0CB2ED0832D56244733BD884C"
".venv\Lib\site-packages\redis\commands\json\__pycache__\path.cpython-313.pyc","1035","965B59E3522E13CD22F53082B13AB8ED47449418021CE0573AED57E05A8C0A4E"
".venv\Lib\site-packages\redis\commands\search\__init__.py","5744","85AA69405545D23ECFF3BA7B2D0B142B900AD24B9E9BD700FB1BD545D416A68B"
".venv\Lib\site-packages\redis\commands\search\_util.py","219","F4CA7BD8E3B921BE546DF37BB976FE881EE14029B58D02D5F749ACD8FF574865"
".venv\Lib\site-packages\redis\commands\search\aggregation.py","11512","11DF627B3023E74E201909EA7262AB1B45FFF58F4977575D836091BC359C278B"
".venv\Lib\site-packages\redis\commands\search\commands.py","37429","DF3AE483D157BAC703E88B8175DEF3BBA07543EA840F6B3AA666D805EA74A720"
".venv\Lib\site-packages\redis\commands\search\document.py","413","83647E3D182AFA3377DFF18B5F36AFBEC7B872920704C7E33DF3CAEED9C4F467"
".venv\Lib\site-packages\redis\commands\search\field.py","5891","6561D84EDACB8BECD9A23A21A97A2275F965C4FD1289A7415BA8671A4070EE63"
".venv\Lib\site-packages\redis\commands\search\indexDefinition.py","2489","54BD823338F13741C421A4E7F3C7AF9C75F57C2126CAD6E2938BC09A2898482F"
".venv\Lib\site-packages\redis\commands\search\query.py","12082","B11A1B0EBE00D52B2A97C584622806C057039715682ECB50D3803ECFC72D61ED"
".venv\Lib\site-packages\redis\commands\search\querystring.py","7597","744E7BEE43AA90212B3603BE217238C4554723C91013E2621F965123F08A8C71"
".venv\Lib\site-packages\redis\commands\search\reducers.py","4220","49C71ECA5C7C063CAA4BE4C939D84D5BADE7EAD79C2FDA23B785394AA868E546"
".venv\Lib\site-packages\redis\commands\search\result.py","2624","8AEAA6C0E782368FFB3786BF631C43CD574E4E96F07C5D53DAEBAAE6C4EACCCA"
".venv\Lib\site-packages\redis\commands\search\suggestion.py","1612","57FADEEACB830A835CD044E7FCFD6DE7515E2B8A426A63F0C59471098F23B1C1"
".venv\Lib\site-packages\redis\commands\search\__pycache__\__init__.cpython-313.pyc","7270","4AD70F740D375BF9410BB1129EF604AFAB9F4C8085DB2D0EAEA57A9346A8F1C5"
".venv\Lib\site-packages\redis\commands\search\__pycache__\_util.cpython-313.pyc","552","125CABAEEA59A4875348E3B182200DE3873EE7479D541D64C1F1DFFD740786BD"
".venv\Lib\site-packages\redis\commands\search\__pycache__\aggregation.cpython-313.pyc","16014","C2A82E79E4B53E0CCF5056D71346BB3C9B11AFF3265F77353D53B2F78402BD8A"
".venv\Lib\site-packages\redis\commands\search\__pycache__\commands.cpython-313.pyc","41592","2F21DE36FDD745058B570D4D27DA04290FCEB064AA7B53F5A8B9E8BBA9241590"
".venv\Lib\site-packages\redis\commands\search\__pycache__\document.cpython-313.pyc","1167","EC4DE1DFF94DAABF8C78400D633A86B3A508F1326ACF1844C5E1CFD60E254AA1"
".venv\Lib\site-packages\redis\commands\search\__pycache__\field.cpython-313.pyc","8930","748CF770666FD9A55C89D63D88E90529BCE955762B583A38BAC17FB429717FE5"
".venv\Lib\site-packages\redis\commands\search\__pycache__\indexDefinition.cpython-313.pyc","4375","C7C58D1C9AE995F971B333760A117181AC0AFA12D6DD68EB07EDFEC14317AD39"
".venv\Lib\site-packages\redis\commands\search\__pycache__\query.cpython-313.pyc","16178","6128A8D106641A0A42734B68D4C95300721DA09514316EC64652CB6D5C58CA0B"
".venv\Lib\site-packages\redis\commands\search\__pycache__\querystring.cpython-313.pyc","14099","1A1003C97955457865ADCF23F3ADB29D3AF6B82603A009F0B503FDCC115E7E82"
".venv\Lib\site-packages\redis\commands\search\__pycache__\reducers.cpython-313.pyc","7857","1A0C0BBBE61398D1B78213B9F373EC4BCD887B8C9978DB11478FBDCE2F55211B"
".venv\Lib\site-packages\redis\commands\search\__pycache__\result.cpython-313.pyc","2997","062B17B79B5CFF6377EDBC1E23795E9169522F51AE4BB22A1E4137498BF123E1"
".venv\Lib\site-packages\redis\commands\search\__pycache__\suggestion.cpython-313.pyc","2908","50778EE919FA0D465EBEFCC0AA2A341B14CA2859836727886BE445D5BA068F3B"
".venv\Lib\site-packages\redis\commands\timeseries\__init__.py","3459","824CFAC2C844CF3410AF204E9EB02AA90CEDB52F801DF5E6B8DFC7D49DFC11B3"
".venv\Lib\site-packages\redis\commands\timeseries\commands.py","47147","F19D811323F6DEA4D808947F7BDCDD1B5D725A6203C0604C3B63C934BB4AD810"
".venv\Lib\site-packages\redis\commands\timeseries\info.py","3223","99E65876EEC857D29A51630A66CF6A5B8BE8DD0F4CC21758F8406D290CE5B39A"
".venv\Lib\site-packages\redis\commands\timeseries\utils.py","1319","34BC12392E43CFD37C758412CC4C8122FAC8B4E5B07D0D318038FCBA7EB1DDD5"
".venv\Lib\site-packages\redis\commands\timeseries\__pycache__\__init__.cpython-313.pyc","4678","53E860FF839F88B78B7B9DA7E149798646B5A90BA80FB990994C179F31D209F9"
".venv\Lib\site-packages\redis\commands\timeseries\__pycache__\commands.cpython-313.pyc","45702","BB97C7432A059D324372071CB0A91E291E85FB6E896A4C7AD15A2CEC02680AA1"
".venv\Lib\site-packages\redis\commands\timeseries\__pycache__\info.cpython-313.pyc","4026","49267614AE7DDC7CCDFFB80A69F0A2795C3EC741F663C5104A8455EC62116A69"
".venv\Lib\site-packages\redis\commands\timeseries\__pycache__\utils.cpython-313.pyc","2658","86E04F0362625FCA431C79F27179DD770ABFB0A2F236317E8C8875FA8F7E059C"
".venv\Lib\site-packages\redis\commands\__pycache__\__init__.cpython-313.pyc","662","1CDEDE3F57C77A8547753DE53E3C249A63AB1E8D5390ACFBCCDF92CBC68FF5FC"
".venv\Lib\site-packages\redis\commands\__pycache__\cluster.cpython-313.pyc","34147","16345E49C2B112CA097316E107D8FAFA2F2EB4E43D1FEDA718EEEBFC50535BA3"
".venv\Lib\site-packages\redis\commands\__pycache__\core.cpython-313.pyc","262835","000B9F3EE94FAEDDBFA4382DA503235DCC50C11559A1ABA7FD387C0D47532B84"
".venv\Lib\site-packages\redis\commands\__pycache__\helpers.cpython-313.pyc","7837","C03E6790C6C740839EBEF7A476ED9DD593CEBE5B03E5E8BF4B88F032AAD62893"
".venv\Lib\site-packages\redis\commands\__pycache__\redismodules.cpython-313.pyc","3559","63321868B450864D82586685D94B1EF08F0F876EB445A7AADDA96372482EF24D"
".venv\Lib\site-packages\redis\commands\__pycache__\sentinel.cpython-313.pyc","5856","89E2E0524DCBFF5678B04E611492C49BD9BA59038810CFFE37567EC01953DCFB"
".venv\Lib\site-packages\redis\_parsers\__init__.py","550","AA47E05765FD8B2BD002F6CB7527A5C20CF474293D486028B02BEE642F7EA837"
".venv\Lib\site-packages\redis\_parsers\base.py","7475","D23DEA2212E34193B36067389F521EB0D7A0724A26561BC3B04643EBEC9BDCDB"
".venv\Lib\site-packages\redis\_parsers\commands.py","11052","A66478865E2EF7752F0A678381E3C715CEA9583AF8B25ACA12F0AC74C9AD8FF3"
".venv\Lib\site-packages\redis\_parsers\encoders.py","1734","5F48EF4E9F84E13654959C55E4B249F3C4EE56B175BE5CB9B6E0B4C63C466927"
".venv\Lib\site-packages\redis\_parsers\helpers.py","29184","5F9C24183B6ECEC79E0B3DB7FEDDC5269CF2D65B48BE1EF33B5B83DDCCA988EB"
".venv\Lib\site-packages\redis\_parsers\hiredis.py","8189","A8BD620A45A5C48EB73E23FDF6EFCC639F95EB329A7AC5B67C3F8830DB5CD102"
".venv\Lib\site-packages\redis\_parsers\resp2.py","4813","7F6DA41FEFD93F688DB4E9FAC4E7BAE4C4B2FDF269BBC3849F5BBF86079EA232"
".venv\Lib\site-packages\redis\_parsers\resp3.py","11127","8C7B4BD4B6097A027F2E2353B23CC8BD2FA4672351E7C8D9FD85787117F0B8DD"
".venv\Lib\site-packages\redis\_parsers\socket.py","5403","08A0FC416FF0152365219CF195B35DB9A1A98AFD08F3005CB06B802288C37C98"
".venv\Lib\site-packages\redis\_parsers\__pycache__\__init__.cpython-313.pyc","665","F11966B18B8FEC9888A855ACCBBB891213678A2E5BD2B18FD9D2374459339680"
".venv\Lib\site-packages\redis\_parsers\__pycache__\base.cpython-313.pyc","10803","FC7B708F337109FDE7BE082103382023BFF6FED2853B4FA6D4D98672087C30C0"
".venv\Lib\site-packages\redis\_parsers\__pycache__\commands.cpython-313.pyc","11117","3B92B18C155D1EAEF180C26B95C86B247D60574A3E05D77711949C10E5C1F149"
".venv\Lib\site-packages\redis\_parsers\__pycache__\encoders.cpython-313.pyc","2451","E65D2734AE63508481B7B2F61466FF533A159A7875AC71DC79EE6D73237BC15A"
".venv\Lib\site-packages\redis\_parsers\__pycache__\helpers.cpython-313.pyc","39861","5359F1E28EAE81A4C51748CD13A03D0557EC42AA0FAF86A69CC67C2997A8AF99"
".venv\Lib\site-packages\redis\_parsers\__pycache__\hiredis.cpython-313.pyc","10733","313D162492CCA8C0D34AADA5748A8422DFDF71CA9CE9176784186A94E5E663D7"
".venv\Lib\site-packages\redis\_parsers\__pycache__\resp2.cpython-313.pyc","5240","60F1EAC3C7EC057AC75D4EDB1320E370862A266DAB1B7F84360D5A0F1A58F68E"
".venv\Lib\site-packages\redis\_parsers\__pycache__\resp3.cpython-313.pyc","10779","37A7F70ADE8E277D7268468085CA2D664FDAD81436393FAC943DD65992EC8BA2"
".venv\Lib\site-packages\redis\_parsers\__pycache__\socket.cpython-313.pyc","7341","0103F058A1DBF9C586EC41632287A2665AC3E14547851A9BBE95B214F42170EB"
".venv\Lib\site-packages\redis\__pycache__\__init__.cpython-313.pyc","2198","0590F9FBC0E6238E4BD2F3B1CCAA90E00EA5594A298DB255875C0B845A7202DD"
".venv\Lib\site-packages\redis\__pycache__\backoff.cpython-313.pyc","6777","677FF6813DE417500D3366445B49D8F04D381332BB07E75944F7A22CD4BE879C"
".venv\Lib\site-packages\redis\__pycache__\cache.cpython-313.pyc","17677","86F6A852B7E5DFBCBBFEDAB260BC73843B6F128D6FA3CE10B5193163C6136E18"
".venv\Lib\site-packages\redis\__pycache__\client.cpython-313.pyc","68935","8F428EEAE38CBF88655B770ADD049EA4BE0760FAD1D2B8FA03C24725C52CD788"
".venv\Lib\site-packages\redis\__pycache__\cluster.cpython-313.pyc","95055","789D2427DD91040DC67C6EE2880BA668B2C2D6F383DE3811494ED53C7B9F7F35"
".venv\Lib\site-packages\redis\__pycache__\connection.cpython-313.pyc","75806","9895DFD46DBA013847885F42FF00AFEEBD508500B5C613733B614ABC2247EA8D"
".venv\Lib\site-packages\redis\__pycache__\crc.cpython-313.pyc","959","E0C2282D11527E0224B3909EAB0FB1B9209E2DBCF05E5C7DF631115A65724D4F"
".venv\Lib\site-packages\redis\__pycache__\credentials.cpython-313.pyc","3775","A1558080DD51BE9F20D5A6A1B8EC23241A64736FB2EB0AC85E9A7012C8A8ED29"
".venv\Lib\site-packages\redis\__pycache__\event.cpython-313.pyc","23020","9FA8F03F3E996A6EA605946603958753011F286A6C36F6D4E090FD6B82CF3662"
".venv\Lib\site-packages\redis\__pycache__\exceptions.cpython-313.pyc","9372","CA01A1EE6091D5F2B943497A617AA0BC8F350100E3E5F9505EE9BB7031EED9F9"
".venv\Lib\site-packages\redis\__pycache__\lock.cpython-313.pyc","13360","D306471CEB767957A6592E315B029475A2E397ABF1DD9BA06CD807B472CFFDB5"
".venv\Lib\site-packages\redis\__pycache__\ocsp.cpython-313.pyc","15202","C5F421C4A03DC6FAE5DFFC545FAFCBD77B7E14F638FB28FFC01D69D35DF4BFDE"
".venv\Lib\site-packages\redis\__pycache__\retry.cpython-313.pyc","3033","0B337CCE9A9F7D6E4335801E2412CF9850AB082157F5767163677A20F4CB0FF4"
".venv\Lib\site-packages\redis\__pycache__\sentinel.cpython-313.pyc","18855","31979925CB61F2F8E401FF9C869B5BA359172166EF878E9FC2B5F71CBA571992"
".venv\Lib\site-packages\redis\__pycache__\typing.cpython-313.pyc","2360","166A413C2A81A0200CAC2E2DBCBB9178AC103FC4717F48538E08730BEFEEBC0B"
".venv\Lib\site-packages\redis\__pycache__\utils.cpython-313.pyc","10296","446A670065E4566E2844D18D26FF943ED3F54342648C0BEFF748039EFB5FB7F2"
".venv\Lib\site-packages\redis-5.3.1.dist-info\INSTALLER","4","CEEBAE7B8927A3227E5303CF5E0F1F7B34BB542AD7250AC03FBCDE36EC2F1508"
".venv\Lib\site-packages\redis-5.3.1.dist-info\LICENSE","1074","A57B250A5BF03D7AFE55B74063313F2ADB7B00D546C0AB149A89398333FE3CC8"
".venv\Lib\site-packages\redis-5.3.1.dist-info\METADATA","9166","71CAC2AB27F057E87818C8428343D40E595DC302F5D123B07165F41B52DA271A"
".venv\Lib\site-packages\redis-5.3.1.dist-info\RECORD","11042","68F4E1CD232AD68F68C4F5D08D9DB2F59BAF287610445D6E022B66B5D1EB8B4A"
".venv\Lib\site-packages\redis-5.3.1.dist-info\top_level.txt","6","38C01E7ECCE575EE99A0EB65337E405B3A5122BC2D72A00C1C69518ADFB0DBEE"
".venv\Lib\site-packages\redis-5.3.1.dist-info\WHEEL","92","B59A1E1A3B56C5645F769944EC4DDDE3954F94B3509EF6CA8989F1EE0C00CBC0"
".venv\Lib\site-packages\rich\__init__.py","6066","961D9672820E269E4CE7F95B02C494306BFCA2225EBA644E6B31C7FC060C4BC2"
".venv\Lib\site-packages\rich\__main__.py","7752","6285DA3C171BF8B7903038FD8E165E8C2498D032B880FE7BB8E96781B3F17F89"
".venv\Lib\site-packages\rich\_cell_widths.py","10209","7DB99EC9EB447478F313F571DA5D6E2BBB673CE84CB365F59497CEDEFB0A0E90"
".venv\Lib\site-packages\rich\_emoji_codes.py","140235","86ED552FD9DB55DA6926B5688A356C85195C4517BFBF7763BB7326776B0A65D6"
".venv\Lib\site-packages\rich\_emoji_replace.py","1064","9FE91C7ADB04531D99526850ADF78C35CFAD79E1A1A6E490E45F153C1B32BC3A"
".venv\Lib\site-packages\rich\_export_format.py","2128","448D3CA52AE6E6D052CCF32F9DB4EA6C3F5621A95A3A837977833545398BAB56"
".venv\Lib\site-packages\rich\_extension.py","241","1BAE8F91B1FF41D4C987A8C3F89DB6F0EEFA0A6027AF684B42FEF60A03CFBB31"
".venv\Lib\site-packages\rich\_fileno.py","799","1D66713F90B66A331B1EBCAF01066C79F9557D0A06CEC28E1F3286B0B0FCCA74"
".venv\Lib\site-packages\rich\_inspect.py","9656","44E4F43CB0B618C5A26A559992A2488E662AEC83518A34109284A89164DA0222"
".venv\Lib\site-packages\rich\_log_render.py","3213","C41282C6A88EE05664F1E1B9E9FF1CAC576B989C45AC9B1013757717E7C57A47"
".venv\Lib\site-packages\rich\_loop.py","1236","855FFA08B7683E6D2F6B6D96A70E332AA334458B33DD36715E3D0FA12FBD7834"
".venv\Lib\site-packages\rich\_null_file.py","1394","00318AA75CADFA4EF414C295EAD9EA0AA79C07EAD2273A7E590B03ECB3CBFA48"
".venv\Lib\site-packages\rich\_palettes.py","7063","71D7AFD4940A67426F960B95F62A478339D3767BE52335050C16F422DD8FCE32"
".venv\Lib\site-packages\rich\_pick.py","423","7AF0EDF10378945E428B0AD421794E2429ED8AD0423AC23764B3C42005512C95"
".venv\Lib\site-packages\rich\_ratio.py","5325","20EB65EFCB1009866C987CB185EE3992B91BEBCBBDC55CFBCC5B175490FE6F66"
".venv\Lib\site-packages\rich\_spinners.py","19919","536AF5FE0FF5CD28EC8E251D00449CDA200C7378B8AE2FD2F0F60FEA4439CF52"
".venv\Lib\site-packages\rich\_stack.py","351","F82F0E2BBAF19F7B0851D570C59041A5E1E12335F4788F9533731E9987DA5E6D"
".venv\Lib\site-packages\rich\_timer.py","417","CDE9716D3EA83C566736BC163E973592D51E013F957387EE15C4592D018BB4C2"
".venv\Lib\site-packages\rich\_win32_console.py","22719","A3640DFC8471D746E218FDC0A759DE6AA5FC1411A550A4A658CE8AC3839283E5"
".venv\Lib\site-packages\rich\_windows_renderer.py","2759","77BF7DC4E9F12DB0820B31AEF7E53B60B988424C6DC5020115043A8AEE2F7927"
".venv\Lib\site-packages\rich\_windows.py","1901","8ACDD6A5B1CC8FC59A4C7601D7585CEA53F6B78865BEDE135624E51D29A3B22D"
".venv\Lib\site-packages\rich\_wrap.py","3404","1654ACA26E445F42D5900DCA5B2DF8C879C27CBB6A5FE6487A95CA87EEF4AE97"
".venv\Lib\site-packages\rich\abc.py","878","7402CC3867CA54D7806EFAAAEBA2294D0C5051EAF10FB004E052B0A9DD1E40A9"
".venv\Lib\site-packages\rich\align.py","10288","0036B9B72D4487F61FEBC21ACB71602B28D45E08EB7384F2A810F0C3D15E000B"
".venv\Lib\site-packages\rich\ansi.py","6921","02FB352C76D275CC8EBC339DA442D952850B7018987B063BE9E341A7AB85061B"
".venv\Lib\site-packages\rich\bar.py","3263","95D6D51CECCA24E9DF95536EBF5C52EE0E9D2D7D84DF03275E474F6E9CC94DCB"
".venv\Lib\site-packages\rich\box.py","10650","492A2583CFE9CC7CD8F50BC9428FAAA74B5B3EC9E3F0EFF65B88668B597E668D"
".venv\Lib\site-packages\rich\cells.py","5130","2AB4248F9F8B821082A492D23502320198E775CE1B9C4A8E1268B962E67D5026"
".venv\Lib\site-packages\rich\color_triplet.py","1054","DE585091D25BBD63E82C33BE0276089805A626F579765818342559F7B39168DE"
".venv\Lib\site-packages\rich\color.py","18211","DC74942D50E3EEA4245D47455AFEFC24E8926737F2E72D6791C6219DADBDE95D"
".venv\Lib\site-packages\rich\columns.py","7131","1D45F429C326F5DB0A362D757D36E233F876883B65F3248269573195A944CEAF"
".venv\Lib\site-packages\rich\console.py","100789","AE0C9F29F9929C91E21B1567BFEC321862073E824581B3A88983DEC895D47255"
".venv\Lib\site-packages\rich\constrain.py","1288","D5520FB82F0082D296ADC9DC42B8C1758A80DC9556CACBBA8D9A35AEB87B73B4"
".venv\Lib\site-packages\rich\containers.py","5502","73FE7A4F171E74662A0DEA4704C4EE65D5088A38AD010827A31F9075ED19D6AA"
".venv\Lib\site-packages\rich\control.py","6475","1E7B2B6854F305A5100F3289597B1F3EFF8F3E6806CA94A04AFEE800D69C92AB"
".venv\Lib\site-packages\rich\default_styles.py","8221","8FD7998129FB6EA9F29B1633629F21FB43864D1CB664E8FE3DF63DB68AA9D11C"
".venv\Lib\site-packages\rich\diagnose.py","977","D515A7428A693D78C2FF8F40078BED574E3C0CADE4B104AAEBBD42F3763A7FE8"
".venv\Lib\site-packages\rich\emoji.py","2343","FDB4DFD58DC9AA2324E8D7E7E15FD83A1AB5C003C01CD3838462C98FDE51DEE2"
".venv\Lib\site-packages\rich\errors.py","642","E693F729CE5DE1027F734285B31ADFCA18E23D57BB275CCEA9215B140CDC57E6"
".venv\Lib\site-packages\rich\file_proxy.py","1683","4E5F531CC0D9F8F9395A6F2C23580683F5390E1BAC9B10FE159D1F51B714D16D"
".venv\Lib\site-packages\rich\filesize.py","2484","FE2CFD948A5182F5BB30D49E0999CB83E1F0CDB3F81844E0E78DD6A83F1216CD"
".venv\Lib\site-packages\rich\highlighter.py","9586","1BFB27FBC0CA8CCD6C1232C6FE8738A2F9169A25295AF8FC6D78B4C9E7762E76"
".venv\Lib\site-packages\rich\json.py","5019","A260B65874E0511C44A2C9DAD5FB684890A77B6117ECC0EE42D09DB304B7AAC9"
".venv\Lib\site-packages\rich\jupyter.py","3228","1BDA4E26647811220561277830A1AA987A82B6CB71D28456A7279382FE78F977"
".venv\Lib\site-packages\rich\layout.py","13944","591F0F092AE8627B5E213DF36B0C50DE4DDA775B103B9C061B54993A8781B813"
".venv\Lib\site-packages\rich\live_render.py","3521","22DFF7F58773AC19BCA372CBD24686A2B3C583E05F65601CAC18CB8C5A246F1E"
".venv\Lib\site-packages\rich\live.py","15180","B45DEE90000967F37665B19C96A67E8B02E822867C7F41C7533EFD8C0C89AA3F"
".venv\Lib\site-packages\rich\logging.py","12456","50BE9364D95AA6D60A1CD850E392D1132FB6F4F97EB50B0187BAB71D29D62000"
".venv\Lib\site-packages\rich\markdown.py","25846","47A5FFD53331532DE3DE9D1F91B98FDC0623F2FB7D43BDA3AF8473EAD76D494F"
".venv\Lib\site-packages\rich\markup.py","8427","6EDA6BDBBD412E18824758CD825467BF606923355C35E7D8C1231E5BDB5E0DB7"
".venv\Lib\site-packages\rich\measure.py","5305","1E6AC8257F2C5914C76E087C33111ACBFF37564A8D5BFEF4B3C68A3F965C608F"
".venv\Lib\site-packages\rich\padding.py","4896","87C5E7222BCBACDB65C48DEF40F2875E1E210308CE26A671D2C94CD33DE0D7F3"
".venv\Lib\site-packages\rich\pager.py","828","48EFC44C114A6E0DE7FC080ECD79B8D52BF7E98C57032237FD1F8A398DBFB927"
".venv\Lib\site-packages\rich\palette.py","3288","02BE9952B607885B7AF91AF693E93D17C57B87180960735DAA3936BD55EC2E07"
".venv\Lib\site-packages\rich\panel.py","11157","F6C425D3484F22A1F91B68002D0A3835EA45C293F493DC13FACFE03A6B39A487"
".venv\Lib\site-packages\rich\pretty.py","36355","790B38DFB024B18682076A8EFDDFB3E9ED0317FB7917529F5DF6B51E2F986B41"
".venv\Lib\site-packages\rich\progress_bar.py","8162","9994CFA4953071F71D8100934F3DE4C98F9F73BF5D74BC2DC7A1A18717E8D3AE"
".venv\Lib\site-packages\rich\progress.py","60408","09473696453E5F9F6655D19F8CC0819197A218F2F7BB174E36384D245D93EF06"
".venv\Lib\site-packages\rich\prompt.py","12435","934094216FB7239E631A4F14DCED5688485D17AC976B612259E46A461B895D60"
".venv\Lib\site-packages\rich\protocol.py","1367","5ADFB61D977AECE622A295240933B3EE5337F2FCA8E6BDC711067D4CE3C39794"
".venv\Lib\site-packages\rich\py.typed","0","E3B0C44298FC1C149AFBF4C8996FB92427AE41E4649B934CA495991B7852B855"
".venv\Lib\site-packages\rich\region.py","166","ACD4FDC59AD56536085D90B43589F8D42250C1835B47E29E70F3B14E042F07C6"
".venv\Lib\site-packages\rich\repr.py","4419","1C8B2EACF2D92BD1AB6B2EF9977FEF431ED2DBB0334E9023E0285749F7B515EB"
".venv\Lib\site-packages\rich\rule.py","4590","BA63B6D568F0D0571801E4C1DD4BA634B0AC0D685E8F3C678E57F65708978832"
".venv\Lib\site-packages\rich\scope.py","2831","95FE907ADFDEE09398DF89708584801BE3415D8281718BBAB7F8A0BFF2681A88"
".venv\Lib\site-packages\rich\screen.py","1579","ACBFE3DB05FEE127AE20E236A0E95CE35F103FD100BC3E7D1889D4984004EA34"
".venv\Lib\site-packages\rich\segment.py","24707","EE039DC123EBCEED1ADA0466C410EDBB7BB64BC886E6CF65EF0941E7C74A332D"
".venv\Lib\site-packages\rich\spinner.py","4214","A27221A4A9658D11E9A5365AB313BC91782D632087524A5280A825449DE8E758"
".venv\Lib\site-packages\rich\status.py","4424","9243E987761E019068F97FB8C0FA7C813A99C94E3AE8D2F06410383D94D37B0A"
".venv\Lib\site-packages\rich\style.py","26990","5BD09CCBC3F2F253480AD95F729FABCB3313B90686C405376AFEFE8397C7BB4B"
".venv\Lib\site-packages\rich\styled.py","1234","C258D5B154D76C004C319BE4CE43B8DD9124FFE8ABCC4B6F52243EB0D9E2910F"
".venv\Lib\site-packages\rich\syntax.py","36263","E5904DC63223DC2D450BDDAF2F005537E0B960074A8CF1DF1FA4AA0B315A3981"
".venv\Lib\site-packages\rich\table.py","40025","E76866A0BA07A5E244A26CE75AF5BC09EDA6D70EB61EE40348699A1BA7D8CAA2"
".venv\Lib\site-packages\rich\terminal_theme.py","3370","D63E7EB9F25F9EF940A3942C8BF0026625C39B0317CEA826141C8E6D3F7EC896"
".venv\Lib\site-packages\rich\text.py","47540","BFEBC2386F204BF0F940384E854D7DE3BF3EC842460172958BC89808293B3BF3"
".venv\Lib\site-packages\rich\theme.py","3771","A0DCA15E119A82D0E56C3C9EDED56EDDEB16396934BCD92EC45C3EFEE9E568AD"
".venv\Lib\site-packages\rich\themes.py","102","D318132E8CDF69B79B62D709B43742E50917E4855411ABE2A83509261E185459"
".venv\Lib\site-packages\rich\traceback.py","35789","32D34CC03683387DF91D16DE07F2B1D9178C8DF3DF442F087D15193CCB8A14F1"
".venv\Lib\site-packages\rich\tree.py","9391","4283B0838DB816477019F47C2B4B59E90EEAB7358D0143FF9B8B05698B86EA7C"
".venv\Lib\site-packages\rich\__pycache__\__init__.cpython-313.pyc","6832","F15208F04766B1C3030132243D6FAF755EC4BAFA70B0DE6871F0B5770C16A6DC"
".venv\Lib\site-packages\rich\__pycache__\__main__.cpython-313.pyc","9301","64898AB2DE9F9E7ADF00D6F0118591055DA5193CE1F1554D2BA04083B3A704AC"
".venv\Lib\site-packages\rich\__pycache__\_cell_widths.cpython-313.pyc","7854","FB5A616B26084166424087B5B708C390E7AD457940F9EBF96D21F20B5561018B"
".venv\Lib\site-packages\rich\__pycache__\_emoji_codes.cpython-313.pyc","205958","70DB73BE36205062659A74F87695C02DB59D853CE38C8A9A554F78809FB7F960"
".venv\Lib\site-packages\rich\__pycache__\_emoji_replace.cpython-313.pyc","1726","3D2B27DC8556ECE0517C429AF43279A909691926AA3A00A1DF9A365AA2E3C4C6"
".venv\Lib\site-packages\rich\__pycache__\_export_format.cpython-313.pyc","2331","A1B0C07FECA4505B490A4588E865F909893B6F27EE891543A8C4D2ECC939BDA2"
".venv\Lib\site-packages\rich\__pycache__\_extension.cpython-313.pyc","497","3B7AEA0F83C6A2EEF05C8726898F5B41DFCB1D1F8858518C0071E284142B7B90"
".venv\Lib\site-packages\rich\__pycache__\_fileno.cpython-313.pyc","823","AAE1C3D240B0C0AF3206D81773AD42B87D09013A7146BE45933537A2ECA83FD9"
".venv\Lib\site-packages\rich\__pycache__\_inspect.cpython-313.pyc","12278","B2354EFFF718E2F39F9BC82CDD32F178604CBCEFCAF637AF41D9B1BFEC1A99FE"
".venv\Lib\site-packages\rich\__pycache__\_log_render.cpython-313.pyc","4295","77C88F746B2C9E583C872CD6E9B6CF6E18403DE7F61CF40BB4E4D17F6374512F"
".venv\Lib\site-packages\rich\__pycache__\_loop.cpython-313.pyc","1882","DC76DA1FAADC282BDA62C6ED9A219751B8B2B00561780958ABD53694BFFF9E5E"
".venv\Lib\site-packages\rich\__pycache__\_null_file.cpython-313.pyc","3717","C1398D2E1B832A96A21F7530F1008AA7E353E13A11FF0A0C5C482CF7CA838327"
".venv\Lib\site-packages\rich\__pycache__\_palettes.cpython-313.pyc","5142","A5C46438BD439A275736A7501162E601905CFB2533067D9410B3AEEC14283EF1"
".venv\Lib\site-packages\rich\__pycache__\_pick.cpython-313.pyc","701","09201C02707D59EA011AEF81138D0347222F72801583B348F616C796309F7732"
".venv\Lib\site-packages\rich\__pycache__\_ratio.cpython-313.pyc","6433","1E74BB70D536E34C8CEB74FAF814778F83BBBB4914256793A21B2C4C3784AA6E"
".venv\Lib\site-packages\rich\__pycache__\_spinners.cpython-313.pyc","13161","09B11CA589E196D8D23FE2C30D737B56162CC5F6B57C81A0799ED967D0D0C90C"
".venv\Lib\site-packages\rich\__pycache__\_stack.cpython-313.pyc","1009","DC4C6279DEF4B6CFD7A4F15AE3D4919987B2DB15B090F2E2C6AF0E8B718EC920"
".venv\Lib\site-packages\rich\__pycache__\_timer.cpython-313.pyc","850","5D1EE2E130469FEA35BE41EEBEB93531317152CDFF90895A3B24CFB248E78BA4"
".venv\Lib\site-packages\rich\__pycache__\_win32_console.cpython-313.pyc","28285","5F49A60BE9E619C371B4DA11F3E3A8637471EA227E5D4CD3114090FFEF4E1F81"
".venv\Lib\site-packages\rich\__pycache__\_windows_renderer.cpython-313.pyc","3571","B8C961969DC9BE03BACA9DD347349481FC7A0A64F38448C9CAC8874956377143"
".venv\Lib\site-packages\rich\__pycache__\_windows.cpython-313.pyc","2524","B8BBED32CD860BCF8FFA84FD7E9E64F928DDE55E7422F1598A3469DBB28A63CF"
".venv\Lib\site-packages\rich\__pycache__\_wrap.cpython-313.pyc","3307","3965B430157CB24D3646B71643FC1D8E513E43E595BCBB95DEF665BD416A8BC6"
".venv\Lib\site-packages\rich\__pycache__\abc.cpython-313.pyc","1658","B71ABAAEDF0A998510A3D05665195B66CB5ED76C4AF0D101855FA5188C96B536"
".venv\Lib\site-packages\rich\__pycache__\align.cpython-313.pyc","12369","EF527BD033FD78F4C119479F9779B6BF544648B5830D99ECE5FC27BFA54D2164"
".venv\Lib\site-packages\rich\__pycache__\ansi.cpython-313.pyc","9242","CCB0A9739AD89782FE9C8BF445A47774551C3E8E64E050AAC6E003E1EA442140"
".venv\Lib\site-packages\rich\__pycache__\bar.cpython-313.pyc","4315","F39754462E70A90C394C0A6ADD045A0DF4ACB84512B4B5F7A7233BFC180FCD5E"
".venv\Lib\site-packages\rich\__pycache__\box.cpython-313.pyc","11619","24801B228846B33554798B1FDC1A420EB56F6C57415FE7DE10EC638EA9D33B21"
".venv\Lib\site-packages\rich\__pycache__\cells.cpython-313.pyc","5485","53E318A7622E0735BAD66E60FBC54EC4110293D42243C087AF8C00B010FF8F52"
".venv\Lib\site-packages\rich\__pycache__\color_triplet.cpython-313.pyc","1687","06B470B7C203186E93BECF79604D0D5647E3303BA5C9B5CC42E9525D07307D39"
".venv\Lib\site-packages\rich\__pycache__\color.cpython-313.pyc","26512","2A7CCD13A4212B48726A2C00DCDFC9A6D8C92FE50972B71A43927F88DABB293A"
".venv\Lib\site-packages\rich\__pycache__\columns.cpython-313.pyc","8698","A2F2EC2C09BCEC7807C0D866C644DE02DB03D90CEB43E900B37A63E043292DCC"
".venv\Lib\site-packages\rich\__pycache__\console.cpython-313.pyc","114145","3DB3143C0099D8F5A2AE7313E075ECD0AC19F9C2991A7012F0CC8D64FC49066E"
".venv\Lib\site-packages\rich\__pycache__\constrain.cpython-313.pyc","2293","6E770772895F40F4651C060D26E8F55C6A1E2C9136FB89EECCB90488E8AAF257"
".venv\Lib\site-packages\rich\__pycache__\containers.cpython-313.pyc","9236","A5CD43AB4DCE2B6BEA9F85AE120B82D8037E84E67CE246E0B4DBC9162C303BBB"
".venv\Lib\site-packages\rich\__pycache__\control.cpython-313.pyc","10736","2C688939F402857D2BFFFD229FC27072CA8D3059F606A5509AEA23F1DEC92CB7"
".venv\Lib\site-packages\rich\__pycache__\default_styles.cpython-313.pyc","9641","9195317CC173366456792775268CC111BCAC2346A24FF755D0422A5F8BDE1144"
".venv\Lib\site-packages\rich\__pycache__\diagnose.cpython-313.pyc","1461","046DBC856DEC69F1CCA2FC429928C919112DD360D2C47DC7E5FAD33820B57E58"
".venv\Lib\site-packages\rich\__pycache__\emoji.cpython-313.pyc","4075","CD2A1039947174109D85CD1F6CAFB7CB5B734A5B01D85C29A7D02D84E4BB2310"
".venv\Lib\site-packages\rich\__pycache__\errors.cpython-313.pyc","2029","CD68634CE9351F5FBCB396315558B236FAB636A571DE4A04ADCCECBD767E5122"
".venv\Lib\site-packages\rich\__pycache__\file_proxy.cpython-313.pyc","3689","EDEF36900FA4DAE46E98DA8DD5DBAD5E2BDCA654A187690F24F84959EF16E8AC"
".venv\Lib\site-packages\rich\__pycache__\filesize.cpython-313.pyc","2939","EB1D496681EB54215466EE668A2CCB7EF61AAE493998F02A35BDAE10C0ED0C53"
".venv\Lib\site-packages\rich\__pycache__\highlighter.cpython-313.pyc","9959","3D19D3D1B9AEE068711F8486E8E3FE3D6B8691582666CF388F3F962C692F2313"
".venv\Lib\site-packages\rich\__pycache__\json.cpython-313.pyc","5888","C01807A9B2221528CA8894B11269D216050EF27E942F197E07A8507046A19B10"
".venv\Lib\site-packages\rich\__pycache__\jupyter.cpython-313.pyc","5360","5EC22A599FCF74E42B534816D4CA2207646451842E6A8071AF90F3EF079FE82F"
".venv\Lib\site-packages\rich\__pycache__\layout.cpython-313.pyc","20107","416A2B459DFBBB32DAF2A2CCD7C4CBA807EED2773BCCF61EB730E0C4C20F1257"
".venv\Lib\site-packages\rich\__pycache__\live_render.cpython-313.pyc","4705","4DBFE90917A238FC4DC479356549ED1BBA970B85F254F8B20C6296AC61108B5B"
".venv\Lib\site-packages\rich\__pycache__\live.cpython-313.pyc","20682","327090AF79068DC014B726D8F3C5AF016026F9D113507E3FD983492042128270"
".venv\Lib\site-packages\rich\__pycache__\logging.cpython-313.pyc","13999","836B187F0538053A5A5017B233FED7A2AB5AE5CC89B2BB701E75D12109C26D79"
".venv\Lib\site-packages\rich\__pycache__\markdown.cpython-313.pyc","36598","B63A7187D0C7E0A87D7F975A3A739B8A85F30D1007C0AD326DA436F00A617526"
".venv\Lib\site-packages\rich\__pycache__\markup.cpython-313.pyc","9679","33E3054F6EBC276091C0B9E208FECE84088726A1F749A6768458DAFA038653BA"
".venv\Lib\site-packages\rich\__pycache__\measure.cpython-313.pyc","6180","4734AA65BE1DC2388A8448DD22F4898D8AA494173C15B1B310B50EF0CA077ADA"
".venv\Lib\site-packages\rich\__pycache__\padding.cpython-313.pyc","6915","AD1FB169FE64378913E7E3E1B8881CCBEAE96E3F71CBE37576D2FC66A0EB3C62"
".venv\Lib\site-packages\rich\__pycache__\pager.cpython-313.pyc","1867","0FB0A8539C502E747DB36C0A1430F6374F9A0F423B22052403ECE956C734E6C5"
".venv\Lib\site-packages\rich\__pycache__\palette.cpython-313.pyc","5222","941599ED62E65F41ADAD22EDFC9DDD32857AC297064332771F33B59B6CC4FCFD"
".venv\Lib\site-packages\rich\__pycache__\panel.cpython-313.pyc","12687","48B15180B838D879CA9A0C481DEE158F0A14691893BDDABEA842C731F0D37427"
".venv\Lib\site-packages\rich\__pycache__\pretty.cpython-313.pyc","41242","23F036C6D8E3060D40728D7121D58711B8C861E5D689333DBD085258E30FE9A5"
".venv\Lib\site-packages\rich\__pycache__\progress_bar.cpython-313.pyc","10431","38458AF56F7F40134ADBC8152E9FB76C194188DDAC28B7EF61CD736D68E2DA71"
".venv\Lib\site-packages\rich\__pycache__\progress.cpython-313.pyc","74670","84EBBE8FC378987B690F412C75E8B5B7218E2C37801F55D47786A949D456A6F3"
".venv\Lib\site-packages\rich\__pycache__\prompt.cpython-313.pyc","15778","87BDF283D038ADEE18B869CF4DA10EBE6DC222C27629A4A98C02F37F1928348A"
".venv\Lib\site-packages\rich\__pycache__\protocol.cpython-313.pyc","1838","2B45ADE75D7B0F2ACDB4C9117DA1CB4A56B0BADE3BD21427EAA5460E680D5E2E"
".venv\Lib\site-packages\rich\__pycache__\region.cpython-313.pyc","607","3A288ABBE62556664B55803EF948FD242A96980832FA5CBC5C28F4CA761E315C"
".venv\Lib\site-packages\rich\__pycache__\repr.cpython-313.pyc","6715","6E305AEB84F42C8BAF63B5445B8E63B35A73DE674C153323D6C6F76DFA7E27C5"
".venv\Lib\site-packages\rich\__pycache__\rule.cpython-313.pyc","6589","120A13E0D582ED9AF34C7BA05792E949E421918688D73CB12F31CB0C81057F82"
".venv\Lib\site-packages\rich\__pycache__\scope.cpython-313.pyc","3764","6CE793876C6C0A81DA757944A992B2F2597AA65B9AB2CDE9DB88E24800B8FFAE"
".venv\Lib\site-packages\rich\__pycache__\screen.cpython-313.pyc","2520","BEB3DF3650B07AFB085068BD0DE6EE91C5EA733F6B6F9A1002B56027C1D34180"
".venv\Lib\site-packages\rich\__pycache__\segment.cpython-313.pyc","28222","C72E4A63A845B25301B12D5BCD9593FDA1EAF87A07B18B05D5726FB34921884C"
".venv\Lib\site-packages\rich\__pycache__\spinner.cpython-313.pyc","5982","519093F63D45A995A44EF12C157913CA4DED4E5B4C75E7092C80A95EEEC7456B"
".venv\Lib\site-packages\rich\__pycache__\status.cpython-313.pyc","6008","F7EF9C52144193CE7A3A11C2FEC858ECC9DCA4DBD3ED27A8C7EA02D17AE557B1"
".venv\Lib\site-packages\rich\__pycache__\style.cpython-313.pyc","34325","6881C0FB071C27C3DBE1B5E260979BEF0AEFF840A7B0D5FDC5AB608DB309A9E1"
".venv\Lib\site-packages\rich\__pycache__\styled.cpython-313.pyc","2145","0A75A478D547245F837210489F17773B8B7084B58DE375F80955562E4D8C2E42"
".venv\Lib\site-packages\rich\__pycache__\syntax.cpython-313.pyc","40522","568DEB286B25688FE30C0428CF41CB6B13BD3E5EA23B7C2B5A7E299D27833C6F"
".venv\Lib\site-packages\rich\__pycache__\table.cpython-313.pyc","44292","E5B94F384DEA25AA0F6323368C37B4493794199F0C0FE78ED9A935C896C5CB68"
".venv\Lib\site-packages\rich\__pycache__\terminal_theme.cpython-313.pyc","3388","ECD6D1ACFC0594364197855D6BBCBF3AEFB65C3130E837C154BE3408A44823CE"
".venv\Lib\site-packages\rich\__pycache__\text.cpython-313.pyc","60255","47996331B5895F8BC3DEB8F3B8AC8EB29F217913C6B40C1EE3535A4B3A916A6C"
".venv\Lib\site-packages\rich\__pycache__\theme.cpython-313.pyc","6304","6D6A2A8B144D0A73044C0844EE576EC6E7EB6957ABE1F677D8127E05FCBA8404"
".venv\Lib\site-packages\rich\__pycache__\themes.cpython-313.pyc","296","DDE92294D1A4130611D15AD3E330794CFF9ED995C8B2B5F0D34F2D1EBB7E99C0"
".venv\Lib\site-packages\rich\__pycache__\traceback.cpython-313.pyc","36496","6FD0BF0C7903B40AADD3BE6E015B9FECCB6C990700613C19C4B4C346D3B7AAE7"
".venv\Lib\site-packages\rich\__pycache__\tree.cpython-313.pyc","11841","BBBFF98FC1C117F7F5F7AF5B8382EE61F88FE8ED6049DA96010609B98B301107"
".venv\Lib\site-packages\rich-14.2.0.dist-info\INSTALLER","4","CEEBAE7B8927A3227E5303CF5E0F1F7B34BB542AD7250AC03FBCDE36EC2F1508"
".venv\Lib\site-packages\rich-14.2.0.dist-info\LICENSE","1056","DEED7C17A4318158190A3EA239CC879A5A50271CEBB98AE7025F48FBE58DCA15"
".venv\Lib\site-packages\rich-14.2.0.dist-info\METADATA","18257","222FE35AC48D4A6C59C49A59CA471BB9F7111BCF88F33897190BAC074FD5C35F"
".venv\Lib\site-packages\rich-14.2.0.dist-info\RECORD","9652","46503B095947EB48BC20E8C12D1AFBF8CB9A2757AEC259B0234B9ECD1E29D53D"
".venv\Lib\site-packages\rich-14.2.0.dist-info\WHEEL","88","6F82BF85E95FFA3950A170411137F09DFE01D38602EBB2CE7AFD23A387D7E66F"
".venv\Lib\site-packages\ruff\__init__.py","0","E3B0C44298FC1C149AFBF4C8996FB92427AE41E4649B934CA495991B7852B855"
".venv\Lib\site-packages\ruff\__main__.py","2908","C351217F3CF2F2D30CEEBEDD16B2A68B70E499367257FC49E342BFB31A0EE97D"
".venv\Lib\site-packages\ruff\__pycache__\__init__.cpython-313.pyc","169","83A0F960B158E579244F46995412DFA0AF78B91C0A33CD105910DA70F0403EE0"
".venv\Lib\site-packages\ruff\__pycache__\__main__.cpython-313.pyc","4069","786E0BEB15E11ACFE2D7E3B87D23F56DCA3D9EB5213E55D747DF7E949EEFFBC4"
".venv\Lib\site-packages\ruff-0.14.9.dist-info\INSTALLER","4","CEEBAE7B8927A3227E5303CF5E0F1F7B34BB542AD7250AC03FBCDE36EC2F1508"
".venv\Lib\site-packages\ruff-0.14.9.dist-info\METADATA","26546","68E5C1900879D42984B792C4900479139CDCD7103034448A46B6EFF3776A2F17"
".venv\Lib\site-packages\ruff-0.14.9.dist-info\RECORD","706","0072C286B44F22817ADB2B57FDE7C7F460E82B26292609B2FB3312374D4273D4"
".venv\Lib\site-packages\ruff-0.14.9.dist-info\WHEEL","94","D78FA93D68B0168080B53803E215A7C4749F650A9EE99B740DFC1C44EBF0973B"
".venv\Lib\site-packages\ruff-0.14.9.dist-info\licenses\LICENSE","20731","2597D854122B77DDC71971564CA2350A37608575CE324ADC5650A2B2051C8F18"
".venv\Lib\site-packages\semantiq\__init__.py","22","91447944015CEC709E8AA7655F7E9D64E1E4508E7023A57FE3746911C0FC6FED"
".venv\Lib\site-packages\semantiq\cli.py","5501","F115AE96DDAE319C67D31ACB7B3B8C8F764800C1F5E2538E6872C63A598E377C"
".venv\Lib\site-packages\semantiq\worker.py","2575","ED6BA6A7656B647B984A69EB5DA9180813B0CB8398DD23CECD3B6707C8153331"
".venv\Lib\site-packages\semantiq\agents\analyst.py","1909","C6C2130EC1692AE59EFB2330A50D8BE1651BB52348740A3E112E794E0EDB8CE3"
".venv\Lib\site-packages\semantiq\agents\__pycache__\analyst.cpython-313.pyc","3723","616ABF7DC0441A2F974681552F935796A199489A53FD73D7BD0CF27C6C9B3F94"
".venv\Lib\site-packages\semantiq\api\main.py","4050","1F68EF0235907CC6BCAD4D64921F9B7F5E5CACAF640A7C2DA554602EF7BD8C58"
".venv\Lib\site-packages\semantiq\api\__pycache__\main.cpython-313.pyc","6767","6FA264E3C43EA67F5E0821DBCB476D3412583542EAB6C5DC03B9E1C4052E6E8E"
".venv\Lib\site-packages\semantiq\benchmarks\loader.py","2106","2EF49A062CF7DA9FE460A7B1A31B3D0FCAECCBE16BCC1721075072F58CF1612A"
".venv\Lib\site-packages\semantiq\benchmarks\safety.py","1059","73CDD92CF453A131B6D4AA45E52B0CFD63D77963130C1298A22922080BADD850"
".venv\Lib\site-packages\semantiq\benchmarks\__pycache__\loader.cpython-313.pyc","3682","5BE21DA5B28C7DE7AF986447430D36BE0132848B8B4455EB0E5A8B555ACA8934"
".venv\Lib\site-packages\semantiq\benchmarks\__pycache__\safety.cpython-313.pyc","1959","E9FEDB819C8150E926E72AE277FF24C5CAD55BBEDB5784B6FFB2C30C25ADF1BC"
".venv\Lib\site-packages\semantiq\config\loader.py","2671","0B5E3E10186C4BE369A2D93EF1F8D39E64F025F98CE5263AE58BED532DDDB49E"
".venv\Lib\site-packages\semantiq\config\schemas.py","427","95FC712E2BD56C13D74EF6F8647E08A346FDDD0383B72048227363C880CA7C43"
".venv\Lib\site-packages\semantiq\config\__pycache__\loader.cpython-313.pyc","4836","4072FA08DDA2271F9D5EBA3AA539E9EB6F383CD2D8BFD7FF1660B605553A456B"
".venv\Lib\site-packages\semantiq\config\__pycache__\schemas.cpython-313.pyc","1130","F6CA19194FD15EE9EF55F1BC486A00BE872986CABDA9D5E341756BF7427323EE"
".venv\Lib\site-packages\semantiq\dashboard\__init__.py","26","E44283D5EA19DC43AA79A626D75A131983C6A49C83A6CD31C3D8F7FF10427DD8"
".venv\Lib\site-packages\semantiq\dashboard\app.py","283","E4FC35B45B0BB32CA80F1E8694B33DBCB129AB1F34E7D891F6A65F16736D9974"
".venv\Lib\site-packages\semantiq\dashboard\views.py","4169","4AD987C1A8B8C558C826205BEC340D64681177ED20DAA74E08344856003184E0"
".venv\Lib\site-packages\semantiq\dashboard\templates\base.html","763","FB0F11B26543A55C464E49739926A26E73C83A311730F0E91A578719F72B4C90"
".venv\Lib\site-packages\semantiq\dashboard\templates\benchmark_detail.html","449","A4BE53921EC0F645155FD8FE1006B86508F1CF438546FC5CC89475EC4AA8987F"
".venv\Lib\site-packages\semantiq\dashboard\templates\index.html","482","ACE46071A407F958D5F1A924076EC2BDD396917666805653B110AA22BFF70FF6"
".venv\Lib\site-packages\semantiq\dashboard\templates\model_detail.html","509","843834F706689C16E7DD94DAD7F1B23F3640020B3EB2097C8C29D8BC16AE55D0"
".venv\Lib\site-packages\semantiq\dashboard\templates\runs.html","482","ACE46071A407F958D5F1A924076EC2BDD396917666805653B110AA22BFF70FF6"
".venv\Lib\site-packages\semantiq\dashboard\__pycache__\__init__.cpython-313.pyc","214","1FD8767302C4F99F9224D1956BB3EE374EE20F9207D3BAF0ED8CB2A654BA15D9"
".venv\Lib\site-packages\semantiq\dashboard\__pycache__\app.cpython-313.pyc","644","3DC5D428FFF4F5F27D477FDE70EAECACCF91B1E5BD0D1E3389C09FCB5BA22F5C"
".venv\Lib\site-packages\semantiq\dashboard\__pycache__\views.cpython-313.pyc","6586","99097F26A9AA4E6A59139B6C74F1464A1FF2AD65AB7BAE77E022B6DB8F53DDAE"
".venv\Lib\site-packages\semantiq\db\engine.py","762","287DF696BF5EBB2A53020CC7E24CAB8329DDEAA9C34685026F58C123842B103E"
".venv\Lib\site-packages\semantiq\db\models.py","2562","8D4DE87DD702CBE0EBDCFCE8FC3FCBFABA589849E0DB45ECCE1DD35A7C4ED377"
".venv\Lib\site-packages\semantiq\db\__pycache__\engine.cpython-313.pyc","1746","C8FB99C9997C81479200FA33B6E63A6A37C037F219D83A9F3DB4BBB4809EA254"
".venv\Lib\site-packages\semantiq\db\__pycache__\models.cpython-313.pyc","4588","6ED742C630E160653D6BC92426467AF574528AF3DED8C6C9E32DA615E8804BCD"
".venv\Lib\site-packages\semantiq\evaluation\base.py","377","55C2C76F7B6AE78CDC1BA5313D629A246C90A03A67CCFD685FD8CE1AAC555BCC"
".venv\Lib\site-packages\semantiq\evaluation\llm_evaluator.py","3687","7BD76C5C18841211C8F69916B32141EC93A0E46A9C6864161B309DF0DC0B0616"
".venv\Lib\site-packages\semantiq\evaluation\pipeline.py","763","9B8B9426304648D86362570B7C9164CC80437579ABC05B7041A76916697271BA"
".venv\Lib\site-packages\semantiq\evaluation\__pycache__\base.cpython-313.pyc","935","A7FA931D3F62E8B4329FA5FEA787AB3B5A65FB7E55209905F50784AE8F350022"
".venv\Lib\site-packages\semantiq\evaluation\__pycache__\llm_evaluator.cpython-313.pyc","4963","1BC1E3DA49853E79EB0137C9F64DDC9F919CADA7D13A93576280E518A6C5922A"
".venv\Lib\site-packages\semantiq\evaluation\__pycache__\pipeline.cpython-313.pyc","1554","D0A455C6A423F0F5134574E484C5A26EFEB204A0BB229DEA0AA3F9772A4D6CA8"
".venv\Lib\site-packages\semantiq\export\__init__.py","31","2648929E9A16294A51467525D74C457F2F897B0E0D500D17E40910BF3473A9A5"
".venv\Lib\site-packages\semantiq\export\dataset_exporter.py","8855","807677A9FC3D60703C02E15B9C8923D1F0A7A873404B44D09E7078D681821539"
".venv\Lib\site-packages\semantiq\export\__pycache__\__init__.cpython-313.pyc","217","B1A63E32BB1885DCCF01B756A98BAA7AE2A3228ABDCAAF621703646B5D0555D2"
".venv\Lib\site-packages\semantiq\export\__pycache__\dataset_exporter.cpython-313.pyc","13979","5E5590F5809181AA5405543009469025D41DDC142DF9EC29FD19073B51DF41BF"
".venv\Lib\site-packages\semantiq\human_rater\__init__.py","26","E44283D5EA19DC43AA79A626D75A131983C6A49C83A6CD31C3D8F7FF10427DD8"
".venv\Lib\site-packages\semantiq\human_rater\app.py","346","B7B008A564176AE3D37EE76E5D1B9E3CA72DA29FDDC939B48B1F7AA0CF126D8D"
".venv\Lib\site-packages\semantiq\human_rater\views.py","3439","1CF047CEF0FA4FBB63D9C058813ACA7372A80A4BA0EEBE220D7A2C6C1A38F864"
".venv\Lib\site-packages\semantiq\human_rater\templates\base.html","55","11911A05128E65FAD3948DE2D6B2BC178CA5CACDB829A4B3BC6754EB892B7402"
".venv\Lib\site-packages\semantiq\human_rater\templates\rate_answer.html","1872","DE70346E131C5D86303DDEB0772AB2E7FD6262ADE91791EE9007D87EDD7E25F8"
".venv\Lib\site-packages\semantiq\human_rater\templates\thanks.html","157","AC322DC051854A01C6C638D9CE92F2DCBA2FE8241F3D5AE762E6E8BA5A8565CD"
".venv\Lib\site-packages\semantiq\human_rater\__pycache__\__init__.cpython-313.pyc","216","8E1EF7A2116D4A11CD1526EB84810AEE25F97F4D97E4DBAF455FA765B0C6D852"
".venv\Lib\site-packages\semantiq\human_rater\__pycache__\app.cpython-313.pyc","698","D9251C9ADDFE7CAE4A0EEF5D306AC915C13F81D7525E6C85AFCC964CF0444DB6"
".venv\Lib\site-packages\semantiq\human_rater\__pycache__\views.cpython-313.pyc","5227","7A46A2B13CA7C4C66B95DE1E9FCEDE4CC3B34E32CC7B3CA2DF4E6DBD73C0E2B9"
".venv\Lib\site-packages\semantiq\models\base.py","356","589816D85172854EC7F6CC09655E7CFD768EBC5BF5CFE5A5EA49E4184020F65D"
".venv\Lib\site-packages\semantiq\models\providers\base.py","320","699A25DE0FE973874078422F09AE89AE0D7D6ED93BC5E4A468FC2A8A80DC14E0"
".venv\Lib\site-packages\semantiq\models\providers\grok_provider.py","4634","B6A16B7BF4EBA67D6CC4A5C9485C318BEF69A47F715026289914BADF7AD0D87A"
".venv\Lib\site-packages\semantiq\models\providers\mock_providers.py","2133","2073B6007F42F5E5C557879B9581EEA7E3A20E6098C1FD6B3C6ABA64C1D7FAD1"
".venv\Lib\site-packages\semantiq\models\providers\openai_provider.py","3830","F909155F5B61D610214DC8F0A0A35CC6A213F4D613EB0AE71ED2CFD0D6326258"
".venv\Lib\site-packages\semantiq\models\providers\__pycache__\base.cpython-313.pyc","914","6EFE099D9CAE8524C06ADE4545BB5385598E798DA70E191E0267FD4B6A3BEE5C"
".venv\Lib\site-packages\semantiq\models\providers\__pycache__\grok_provider.cpython-313.pyc","7110","1D6A1FEB5BF78A86792431FBF37344209C8E29351B657C20C88007E9B7FADE35"
".venv\Lib\site-packages\semantiq\models\providers\__pycache__\mock_providers.cpython-313.pyc","2875","B9D5256AABB7ADF45A8049016715D8D394480CE37B795665802BE77E8BE6620D"
".venv\Lib\site-packages\semantiq\models\providers\__pycache__\openai_provider.cpython-313.pyc","5533","3B760ADEFE630497D4B6AA81BC427C6545CFF297E3008CF4163DFA009DA967A4"
".venv\Lib\site-packages\semantiq\models\__pycache__\base.cpython-313.pyc","948","05724F23A503D523CD32701F0FF3DBC6C5413F230D605EE05CFD0FECB49AD03C"
".venv\Lib\site-packages\semantiq\orchestrator\manager.py","1814","D507697C66B68FFED9123B579216D940F777C58479DF6AD21BE7DBF024324392"
".venv\Lib\site-packages\semantiq\orchestrator\__pycache__\manager.cpython-313.pyc","2961","2178A79864AE9910E864F65F3B9D6C74706AE9B835311B09EA22D6A469345918"
".venv\Lib\site-packages\semantiq\reporting\generator.py","857","9C8704C56EB24477BA47F55072A726BF0B00A3BA37E71E7AAEE5951711F6DA46"
".venv\Lib\site-packages\semantiq\reporting\__pycache__\generator.cpython-313.pyc","1283","F458DDDD156667C8FFC0D32C60C7BD644DA4D220D3CEDBA863E90C3982229284"
".venv\Lib\site-packages\semantiq\runner\run.py","939","4A78C09080CA4E95B98DD545DBA71BC6861B9D33DF8D5612C87BAA1660A80A29"
".venv\Lib\site-packages\semantiq\runner\runner.py","829","DA8020FC7C36D40F971E2C1E45533FC94A747D402952D6F9203AD822E0991158"
".venv\Lib\site-packages\semantiq\runner\__pycache__\run.cpython-313.pyc","1379","B713A35EB2315BABDBB7F57F411A34F178607F948067601C184B9C833E5BED24"
".venv\Lib\site-packages\semantiq\runner\__pycache__\runner.cpython-313.pyc","1585","42624D87A06DAA0D81BCAFC642A46F2885969318A23B54FE7F632408E4AD3875"
".venv\Lib\site-packages\semantiq\schemas\__init__.py","1509","1B2D86E312F43EC10E1424C1D1074166EBA2FFF98B657F204209D380B52A8087"
".venv\Lib\site-packages\semantiq\schemas\dataset_metadata.py","431","C12E6496BE3FE5647EFDB72D0CA5181EA9D564BDE2E11B055D8488C1DDCE859B"
".venv\Lib\site-packages\semantiq\schemas\evaluation.py","790","BAAA1EB3D680624DBBDED16640C344DB7B91DEA4107CF2D971226A07859285BC"
".venv\Lib\site-packages\semantiq\schemas\human_evaluation.py","597","6CE6EDB415A3DE7B31E50F84029410CCA07E159412E06CB2FE8EA2395C9C6E93"
".venv\Lib\site-packages\semantiq\schemas\research.py","362","13E9285092983718853A20E260C9CCB5393A0CAFE122F74EF58D6ECAED8D568C"
".venv\Lib\site-packages\semantiq\schemas\__pycache__\__init__.cpython-313.pyc","2960","1140AEA3213C7312D807DB6A8BB0E0CA28D1E4309E6C0405713144D6D14801E8"
".venv\Lib\site-packages\semantiq\schemas\__pycache__\dataset_metadata.cpython-313.pyc","976","497A72888D5357AAE263939BD7F87ED4BE0E84244690BAE20B19D87C85059525"
".venv\Lib\site-packages\semantiq\schemas\__pycache__\evaluation.cpython-313.pyc","1664","693C9C55E9E7DBEAC7733CCA90121D2595E82B5742CB561A55110AF886656F52"
".venv\Lib\site-packages\semantiq\schemas\__pycache__\human_evaluation.cpython-313.pyc","1319","129E151EFD299C947409CF19BA9210C5033A3977EC392681EF48955E5DF59F7D"
".venv\Lib\site-packages\semantiq\schemas\__pycache__\research.cpython-313.pyc","950","EC004C9DBC0D2B162433E2BF2EC3071C6831357F06907499971D8E38D5846CB3"
".venv\Lib\site-packages\semantiq\security\config_validation.py","814","E349FC2DAF97945E6406EB5098EC215426C60229080252FF0333177F2BFAAE4D"
".venv\Lib\site-packages\semantiq\security\logging.py","3063","D615A222A49DE74F63AB8C14171E7B8B7226691EC361FA9E87723A4F99E52984"
".venv\Lib\site-packages\semantiq\security\__pycache__\config_validation.cpython-313.pyc","1491","555FF6DBCC575BCD3AEB64BFBDC9D6009257D69E2070E38AF1C134246D29F919"
".venv\Lib\site-packages\semantiq\security\__pycache__\logging.cpython-313.pyc","6291","9DF6363EF7BB91DBB588874F33747995C31E776FEA9F410868EAA64D30805EDC"
".venv\Lib\site-packages\semantiq\storage\eval_jsonl.py","940","AE4C6E32A295579DA30ABA2B275846F62AA91896739A0A62C517A37CB3608961"
".venv\Lib\site-packages\semantiq\storage\human_jsonl.py","1168","FCDB7AE75CF4C3CFB1F22F311B658DCD49ED20D1E6F2629DB240BDA3FE3BB91F"
".venv\Lib\site-packages\semantiq\storage\jsonl.py","1093","775E9D8CFB707C0C96E4879183A5769BC75F23617BE22812E9AB961AC3A27847"
".venv\Lib\site-packages\semantiq\storage\storage.py","3282","62F6663141E4BA0C86C488269E1EC19A4D4B07AD3A7618C512CCC0277EFEC9F5"
".venv\Lib\site-packages\semantiq\storage\__pycache__\eval_jsonl.cpython-313.pyc","1933","C046DA4A44A9F7C610943B7C6780B2D84DAFF8C082395F7EC16E95B7ECF53540"
".venv\Lib\site-packages\semantiq\storage\__pycache__\human_jsonl.cpython-313.pyc","2516","6A4A36F3497FA1DDD15A67C80A6D4E1829C9118E1610AF208F15FBB2DFC8A228"
".venv\Lib\site-packages\semantiq\storage\__pycache__\jsonl.cpython-313.pyc","2226","3AF37137BACD6866A608625CD65C28B503AE6ECE97BD8E2C71303EBF7D3D60D2"
".venv\Lib\site-packages\semantiq\storage\__pycache__\storage.cpython-313.pyc","6162","34F196560291FBBC78CA2336855AD8743DAE0F19480803D173DFD446A16DC42D"
".venv\Lib\site-packages\semantiq\__pycache__\__init__.cpython-313.pyc","199","E4C5A61D36400E1EED4C2E9AB625BF460525C991F771BD601B3C595ACE75637A"
".venv\Lib\site-packages\semantiq\__pycache__\cli.cpython-313.pyc","8499","A7D12407D5FDBC008BE5BDFEC1059302207D75BD6A75CEE20E18AE775FBDD806"
".venv\Lib\site-packages\semantiq\__pycache__\worker.cpython-313.pyc","3839","A3271C43C9538F713558F5EF0A160B73607F623F22C3FB7349E3AA764FCEB750"
".venv\Lib\site-packages\semantiq-0.1.0.dist-info\direct_url.json","66","A4EC66CE06F76E1F3AA8825F8A077A5C01D34D29592745C01C03A2E6499AE015"
".venv\Lib\site-packages\semantiq-0.1.0.dist-info\entry_points.txt","46","C403041C41B7BDEE87D8772DD0ABC6E2BE62EFAB1129C78EC098C5B460C4B4DB"
".venv\Lib\site-packages\semantiq-0.1.0.dist-info\INSTALLER","4","CEEBAE7B8927A3227E5303CF5E0F1F7B34BB542AD7250AC03FBCDE36EC2F1508"
".venv\Lib\site-packages\semantiq-0.1.0.dist-info\METADATA","1949","B393D7430C159FCD40A84B9A632ADE960CD0D7763C31AF0D67D808FD361F5364"
".venv\Lib\site-packages\semantiq-0.1.0.dist-info\RECORD","7609","E3EEC6B31427A65DC6889269678E1B1A95E5410853854707F00CF9554ADA53D3"
".venv\Lib\site-packages\semantiq-0.1.0.dist-info\REQUESTED","0","E3B0C44298FC1C149AFBF4C8996FB92427AE41E4649B934CA495991B7852B855"
".venv\Lib\site-packages\semantiq-0.1.0.dist-info\WHEEL","87","58B82A17209F9BF2804AFE161F2632D0FDE933F9BB2792FD936B2474A2E2AC2F"
".venv\Lib\site-packages\semantiq-0.1.0.dist-info\licenses\LICENSE","1087","693F53C32CF78375E06A073FAE73744C7B4EB4F0E639D78A204691EDA4B9431A"
".venv\Lib\site-packages\shellingham\__init__.py","635","A4029750F294770C84AC2D198D2FB9C3E7D17526E675C7EF9E9B7FC75C96AAD0"
".venv\Lib\site-packages\shellingham\_core.py","300","BFE093AFFEC5EDC240B4D9F3A5AD4DFC797C69F918E728830388E81A6B1406ED"
".venv\Lib\site-packages\shellingham\nt.py","4516","9BA27A4AEC32A95565C574FD05CFBD17FD71F93E6ED2008516B4401762C891E8"
".venv\Lib\site-packages\shellingham\posix\__init__.py","3129","A41EBDAADBD927FC887F8F27978F997D2DF02F0C2E5EE9275CE6610670B64F5A"
".venv\Lib\site-packages\shellingham\posix\_core.py","81","FEFD7C51A5DBCEBE26B8D86BDFE987D4575276367F74E5D0AED532A2621B2984"
".venv\Lib\site-packages\shellingham\posix\proc.py","2659","9D253122E412A2DBDA0D6EFA8B4A1340033D699F4F5C12C500492D5A58D2282A"
".venv\Lib\site-packages\shellingham\posix\ps.py","1770","346983282BA484DA7495A87060268C5E984161A55B85B891F41B44D0E913F2A5"
".venv\Lib\site-packages\shellingham\posix\__pycache__\__init__.cpython-313.pyc","4244","EC97819E95AAE2B86C26B43B6CE01A51B6C53DD478DD3C53D93029C9EF10A3CD"
".venv\Lib\site-packages\shellingham\posix\__pycache__\_core.cpython-313.pyc","302","61EAB71B9F05AC778054FE80AAC76CDDBB2E0E62A2ED1C8C23D54646472EF79F"
".venv\Lib\site-packages\shellingham\posix\__pycache__\proc.cpython-313.pyc","3892","3BCEC6FFF18FFAD002662B92B1A1B352FF9BA77882A5AC086069C15003E30F3A"
".venv\Lib\site-packages\shellingham\posix\__pycache__\ps.cpython-313.pyc","2661","899BD8E750686B566E751573316693E47543DA4150E7D162587D1096ED047EEB"
".venv\Lib\site-packages\shellingham\__pycache__\__init__.cpython-313.pyc","1214","42C5B80B28ABF65E91CA6D24628285EB55A93945402B2056536696C015E0C402"
".venv\Lib\site-packages\shellingham\__pycache__\_core.cpython-313.pyc","656","88F6A0344B8E7DA7AA5E54E5960E1DBC1B06E89C35588E50FD931778106789F4"
".venv\Lib\site-packages\shellingham\__pycache__\nt.cpython-313.pyc","6472","BB769369EC8BFEDFB25D0E24F8A88C206A3FAA9A2E3109440C80349AE265E73D"
".venv\Lib\site-packages\shellingham-1.5.4.dist-info\INSTALLER","4","CEEBAE7B8927A3227E5303CF5E0F1F7B34BB542AD7250AC03FBCDE36EC2F1508"
".venv\Lib\site-packages\shellingham-1.5.4.dist-info\LICENSE","751","F388FD38CAD13112C1DC0F669BBE80E7F84541EDBAFB72F3030D2CA7642C3C9D"
".venv\Lib\site-packages\shellingham-1.5.4.dist-info\METADATA","3461","183D80220A37493262795739DD357CC5BB3F49BD390CC9198D5180E5451A07FA"
".venv\Lib\site-packages\shellingham-1.5.4.dist-info\RECORD","1525","A841A7B5E29899D2A3FF1D0660ADAFEF62B02AC38BDC1AC0D75C4A1FEEDD351D"
".venv\Lib\site-packages\shellingham-1.5.4.dist-info\top_level.txt","12","B8A3102F900AC4F8B83BDFD16DDF37F10784B38226A4640A35B103658AA00609"
".venv\Lib\site-packages\shellingham-1.5.4.dist-info\WHEEL","110","89896FE5F5F7E7B3D0C914F6A3AB70D5B37E61C2851472AA07F2F01CEE703FE8"
".venv\Lib\site-packages\shellingham-1.5.4.dist-info\zip-safe","1","01BA4719C80B6FE911B091A7C05124B64EEECE964E09C058EF8F9805DACA546B"
".venv\Lib\site-packages\sqlalchemy\__init__.py","12942","78863DE90B4617964066CAFC6A48DF94ED714C5B6A0790FD7DA20FC4AFAF420B"
".venv\Lib\site-packages\sqlalchemy\events.py","542","7658E513DE10F3FB0B1439E24D688BDF0EA4B75EF23EC97870F577F37AC7BC67"
".venv\Lib\site-packages\sqlalchemy\exc.py","24810","589FA93812A57D2DFBB81CF87566BF3181CC022D0DA684934EAAA92B5FE20BEB"
".venv\Lib\site-packages\sqlalchemy\inspection.py","5237","8A45792B1D91075B6FEFF7E6B1D99B800BE0D52315DC099C9AF7C4C8910BB458"
".venv\Lib\site-packages\sqlalchemy\log.py","8895","8F2EE2B190E381E8CC616F8B14EF85FB076C7B62E03CC8BC5103143A83C50298"
".venv\Lib\site-packages\sqlalchemy\py.typed","0","E3B0C44298FC1C149AFBF4C8996FB92427AE41E4649B934CA495991B7852B855"
".venv\Lib\site-packages\sqlalchemy\schema.py","3320","2DCBFD9B8AD95FCA5C209611635D08E8A2142E1D4531F9A77A0488C1F13FB340"
".venv\Lib\site-packages\sqlalchemy\types.py","3240","A31D82DE68BE329420C99103F043E6A3204A9403B21F26F09BF7392BD66FDEDE"
".venv\Lib\site-packages\sqlalchemy\connectors\__init__.py","494","DBCBF997A169426A3AD95497D2BCB467290E2E81F604F1B2012B5A5DA6AB7D5A"
".venv\Lib\site-packages\sqlalchemy\connectors\aioodbc.py","5761","C9BED592E1F4D19730754197FB5F7D06D425FD1921C3399186C6ADACA9AAA87D"
".venv\Lib\site-packages\sqlalchemy\connectors\asyncio.py","13487","859595EE20337C6C2135D987BAA39F222511475FC1A42974B63D1FE107EAA43C"
".venv\Lib\site-packages\sqlalchemy\connectors\pyodbc.py","8868","4E03CBA8EB286F8C4D5C4769FD808B333CC7D61A4A567FF1051DF1017AACF363"
".venv\Lib\site-packages\sqlalchemy\connectors\__pycache__\__init__.cpython-313.pyc","633","EFF386048E794F1CD2295CA03325E01EB4A36F7C68EFA7FBE467476D44198861"
".venv\Lib\site-packages\sqlalchemy\connectors\__pycache__\aioodbc.cpython-313.pyc","8075","8222AB22297D7FBDCAD7B9272182FA2424ED31E085C7B5DB2B6F481730A38DB7"
".venv\Lib\site-packages\sqlalchemy\connectors\__pycache__\asyncio.cpython-313.pyc","22204","1ADFC29C09598AAED94779370D6F796CE37C6AB59449BD137E069336E008B897"
".venv\Lib\site-packages\sqlalchemy\connectors\__pycache__\pyodbc.cpython-313.pyc","9973","2555D2A375723C291F1E68181164029208C56090E991928989C975729DF2E7C7"
".venv\Lib\site-packages\sqlalchemy\cyextension\__init__.py","250","CDFB0A215751139C363F841EF69FF171309FC92B4E0D10D5F7F88806CF927423"
".venv\Lib\site-packages\sqlalchemy\cyextension\collections.cp313-win_amd64.pyd","163840","35E230F5C404C83D4B5F0CB677BB1B2977F34F3EBDF172C6053CA965B4647227"
".venv\Lib\site-packages\sqlalchemy\cyextension\collections.pyx","12980","1973E4AFD70744B5B755CBBE8A4DDD54164C47ECDFD10E7F2B827EFFCC95FA09"
".venv\Lib\site-packages\sqlalchemy\cyextension\immutabledict.cp313-win_amd64.pyd","67072","8B7B7B5C3DBA13FE38F40BB2734A40A2CA612828BB39C0FEEA9C26B4774A0552"
".venv\Lib\site-packages\sqlalchemy\cyextension\immutabledict.pxd","299","E621A77526C90A00A436645B27FCF5E1100DB367524A7033CA244F513064E7C6"
".venv\Lib\site-packages\sqlalchemy\cyextension\immutabledict.pyx","3668","221076A51E3D0AB3915D0DCB5CC169B8221173A234F1036F232944D5C3D0039A"
".venv\Lib\site-packages\sqlalchemy\cyextension\processors.cp313-win_amd64.pyd","57856","469C4C2576ACC317351BCC59453B8A5A1C460603E59878439728753BB3935ED4"
".venv\Lib\site-packages\sqlalchemy\cyextension\processors.pyx","1860","57D833A9788D1D6B1AE43060625FB72B372514763C917185FD30F5C47144EDE3"
".venv\Lib\site-packages\sqlalchemy\cyextension\resultproxy.cp313-win_amd64.pyd","58368","77A8C43FBA9D6C1BDE1C8DE63DAB83746A058EE53CA83DF97F19CCBA58ADE74E"
".venv\Lib\site-packages\sqlalchemy\cyextension\resultproxy.pyx","2827","87F46B29AB1B2ED28ADCBA9487A5225AD92E98194AB5C37979E07FD5B65138C0"
".venv\Lib\site-packages\sqlalchemy\cyextension\util.cp313-win_amd64.pyd","69632","48CACFC516C4F42A927FB0183173C04545BECC01F95CEFCE2746F30B9389A8E9"
".venv\Lib\site-packages\sqlalchemy\cyextension\util.pyx","2659","59659D337BB925BE5C28283DE80B86477B71D7AAC3FC270716776AB24C5005D5"
".venv\Lib\site-packages\sqlalchemy\cyextension\__pycache__\__init__.cpython-313.pyc","187","141C5EA66826512ECD68DC1F2CFFECF5493E010C3218A9B95E76FCB6DA507D83"
".venv\Lib\site-packages\sqlalchemy\dialects\__init__.py","1860","1C93FB1E739303623FCE0EAC9654DEAA5900DFE82A1476D74A7C875AC5BDB6EE"
".venv\Lib\site-packages\sqlalchemy\dialects\_typing.py","1001","754F01D9A65C07133DCEAEED7E2E1923EA35DDDA1A81F80BF88B365C3ACA5DEB"
".venv\Lib\site-packages\sqlalchemy\dialects\type_migration_guidelines.txt","8384","8328772426AE008162FFD5C47EA9B7BD8BFF8DBD84A9CCF61E3A660BD6443CC3"
".venv\Lib\site-packages\sqlalchemy\dialects\mssql\__init__.py","1968","E7319BF0EC679B9FC56B7F4C463DB68421B81C7DB69736C9382682C9E607BBB3"
".venv\Lib\site-packages\sqlalchemy\dialects\mssql\aioodbc.py","2084","9FC974C1355F152866D123047E3CACDFBD6D193CF25099F8A088AFB6F06914D7"
".venv\Lib\site-packages\sqlalchemy\dialects\mssql\base.py","138208","8F6EC82EA731553975F449D89F2E3B1BFD004B3FB72F5524BFCE9FC4896693F9"
".venv\Lib\site-packages\sqlalchemy\dialects\mssql\information_schema.py","9248","9459BB80E022481CD672B821A518C85AE51D55AC46CCE613DDCB9722194C813C"
".venv\Lib\site-packages\sqlalchemy\dialects\mssql\json.py","4885","14D5296F2107F97EAC6B1F7B7E91270D94E4779A645E3EB8064D12086B1A0DFA"
".venv\Lib\site-packages\sqlalchemy\dialects\mssql\provision.py","5947","97E084AB5790BC0FF66B4464A7483BE7DB929608DDC7CE2D1CEE13C586D0AA33"
".venv\Lib\site-packages\sqlalchemy\dialects\mssql\pymssql.py","4223","5E00BD35B98A1EC095EF6F419D06E81DD8354FDD35CD0CDCB3C9233A2CB1CA54"
".venv\Lib\site-packages\sqlalchemy\dialects\mssql\pyodbc.py","27933","9F831D3E6AF8D02796A836F9DD0B9F54768F269C5607B6F0AE09A13235BE0107"
".venv\Lib\site-packages\sqlalchemy\dialects\mssql\__pycache__\__init__.cpython-313.pyc","1655","36F308351AD95CEF0FDC0578268203A8E5ACB95B8FC3252C7C807487BC512CC0"
".venv\Lib\site-packages\sqlalchemy\dialects\mssql\__pycache__\aioodbc.cpython-313.pyc","2476","56304EEA6BD2CA12E72B97DFD877B2AD6433E7F6A232D52E0074FABEC4C3225F"
".venv\Lib\site-packages\sqlalchemy\dialects\mssql\__pycache__\base.cpython-313.pyc","155767","B9082D96A0D6C79E54ED0A5C2787F3EA62009D76E7B3585B39E391F652F52F81"
".venv\Lib\site-packages\sqlalchemy\dialects\mssql\__pycache__\information_schema.cpython-313.pyc","8553","F40E12A7BD348F51FE4050F5AAB84DE39445F87A94658C35C2657915FF3CC4EF"
".venv\Lib\site-packages\sqlalchemy\dialects\mssql\__pycache__\json.cpython-313.pyc","5246","A27C84BEA5C0C303DFB32487D218AD7896100778A5FC697321BC59276225D6E9"
".venv\Lib\site-packages\sqlalchemy\dialects\mssql\__pycache__\provision.cpython-313.pyc","7556","4D9DE05D461731C6559C79D1BF3404F7F2F7F11A41A8101C0020A4BA037A74C9"
".venv\Lib\site-packages\sqlalchemy\dialects\mssql\__pycache__\pymssql.cpython-313.pyc","6136","3D76935F063B569F078BD9EA57CFF5DEF40B0D60EA48BAE31ACD97343D0F11EC"
".venv\Lib\site-packages\sqlalchemy\dialects\mssql\__pycache__\pyodbc.cpython-313.pyc","31385","0B1D9B6CE47D95AD546C28D79F95ECAED02978664C58773DA01BD3F9B35B1669"
".venv\Lib\site-packages\sqlalchemy\dialects\mysql\__init__.py","2310","B052B3BAB45F3863C9DE73144E2B5C79E1C683A7EA4EDCE88A3C3320689CA988"
".venv\Lib\site-packages\sqlalchemy\dialects\mysql\aiomysql.py","8177","E8AA333F26435891EB6E0E949359057247798EC97F3FEE19C95B2D38288B87D6"
".venv\Lib\site-packages\sqlalchemy\dialects\mysql\asyncmy.py","7523","66F11DFE17FDA20FF9EE8017CA5535BF35F3F5BAE57525572BEF31EE88E700C3"
".venv\Lib\site-packages\sqlalchemy\dialects\mysql\base.py","141934","2A78532E4B2522008FE4E8BCFF2B055E7451AC3840D9A2C3E66085824745FEEA"
".venv\Lib\site-packages\sqlalchemy\dialects\mysql\cymysql.py","3321","61CE2DD9F80191DD0080FEFC1DCEF250BDAFAA0F9E017ECB388236C9BE561A75"
".venv\Lib\site-packages\sqlalchemy\dialects\mysql\dml.py","7993","E53C1BC5CDB92117A10898C298BA03992528042868CFE510FE3334755F82AC59"
".venv\Lib\site-packages\sqlalchemy\dialects\mysql\enumerated.py","10574","E640D6CB7D9876334101F948816D63F4E5F21FA09FF74927A298938FA5EDD042"
".venv\Lib\site-packages\sqlalchemy\dialects\mysql\expression.py","4387","0EF6AA4AD8A7DF8DA67222B6B1045B1D5E9911BA89490956B134BA9D8102484B"
".venv\Lib\site-packages\sqlalchemy\dialects\mysql\json.py","2897","A80213FBBFCEB03AF8088AAE84B4E2218448D7083D07AA81E5A31978FA1C441E"
".venv\Lib\site-packages\sqlalchemy\dialects\mysql\mariadb.py","1959","F6DD1072B9EEF3387FA3DBBC21CAD7C48D9AF3C1174D588446B00AACFF4F63F9"
".venv\Lib\site-packages\sqlalchemy\dialects\mysql\mariadbconnector.py","10707","9D5E8884B53FD0BCC565F6E5D81B26BD4C4DDB4C9BC75CADC2C7FAF63ECA0A0F"
".venv\Lib\site-packages\sqlalchemy\dialects\mysql\mysqlconnector.py","10399","B2A4BEC5F51986EAB679EF73D0437191F33897E7E82A839517AABC3F3A06764D"
".venv\Lib\site-packages\sqlalchemy\dialects\mysql\mysqldb.py","10257","2A9A921E7EBB7BCE19ABDC39B144CA0D716B4D5CB3881FF970DCE08421AD5B4D"
".venv\Lib\site-packages\sqlalchemy\dialects\mysql\provision.py","4917","2BE618F18D6950F7E5D97F19A2678C27C9736F39DE6A415A82CF995D1BEB321A"
".venv\Lib\site-packages\sqlalchemy\dialects\mysql\pymysql.py","5044","2800F5DE74D31F3E36CD5081B8B6797216ABB46CA07C5A14BE3C58AABFA710C7"
".venv\Lib\site-packages\sqlalchemy\dialects\mysql\pyodbc.py","5268","62370FA946B8EEEBD691AF3543BC50866091223BA4E3C2B8DAD816FEE220F55B"
".venv\Lib\site-packages\sqlalchemy\dialects\mysql\reflection.py","25417","BFEFD176F6B25F1509E798828951A2AA7E074E4BEE40E19F907033B4F7FAB7F0"
".venv\Lib\site-packages\sqlalchemy\dialects\mysql\reserved_words.py","9806","51BB109517AF80BCAF15CFE156C1F9D0F42C8E54A6AFC3E1F7078C7910533A0F"
".venv\Lib\site-packages\sqlalchemy\dialects\mysql\types.py","27294","8D04DC9A187885AA06D48D9FF8CD222C1138ED6A2EA4F2460C1487B95D2A5F18"
".venv\Lib\site-packages\sqlalchemy\dialects\mysql\__pycache__\__init__.cpython-313.pyc","1984","A5B1BC7F5A9B4B6A8A1B5A2940C6AAC2C1C5D8439193B0C8600191E0D2FBAF80"
".venv\Lib\site-packages\sqlalchemy\dialects\mysql\__pycache__\aiomysql.cpython-313.pyc","12058","09034D403B4F64E03D1ABEC45E7FB4EC495242B5D1CB05FFBA559E2CB05C0445"
".venv\Lib\site-packages\sqlalchemy\dialects\mysql\__pycache__\asyncmy.cpython-313.pyc","11491","191EC5F364D22BA23799B713FA8E25E3BF778E4AAC8AE9F6514FB97DE5C8D523"
".venv\Lib\site-packages\sqlalchemy\dialects\mysql\__pycache__\base.cpython-313.pyc","156857","D10E3BE61D98AD1321D4BCCF6446864D15F3E3A5982DFDD4B2223BFE942A74CC"
".venv\Lib\site-packages\sqlalchemy\dialects\mysql\__pycache__\cymysql.cpython-313.pyc","4218","49FFD1111D32423DFBA8C7C49156C1895AF1A2E14A938DEF59D57D18AA82E76F"
".venv\Lib\site-packages\sqlalchemy\dialects\mysql\__pycache__\dml.cpython-313.pyc","8026","831DEB97EEB7A94A858C1A50DCB8EA89B5C6AC7DFBBCC2DC357712C593D30BFC"
".venv\Lib\site-packages\sqlalchemy\dialects\mysql\__pycache__\enumerated.cpython-313.pyc","11390","BBF193282C99826FAC3B1E8518C01547EFC710504A4EF1569EC2C72318294DD4"
".venv\Lib\site-packages\sqlalchemy\dialects\mysql\__pycache__\expression.cpython-313.pyc","5094","966520EE0A65EE57232DC60611DDB295A99915356E41CFD5890F7834203E7C0B"
".venv\Lib\site-packages\sqlalchemy\dialects\mysql\__pycache__\json.cpython-313.pyc","4112","FC0FBDE10449954A65C2E1242902EEE2BBA2CEAF92E3EB1A65BC0269529817E5"
".venv\Lib\site-packages\sqlalchemy\dialects\mysql\__pycache__\mariadb.cpython-313.pyc","2829","F7B0C1F89E896CF93FF0117BB096BDC848893AD0B9810945A6D366746A26DD3B"
".venv\Lib\site-packages\sqlalchemy\dialects\mysql\__pycache__\mariadbconnector.cpython-313.pyc","14130","B6227AC66F0EAFE9CB88BA618D3FC687F2E83DB0704C568576730291CEEB5BCD"
".venv\Lib\site-packages\sqlalchemy\dialects\mysql\__pycache__\mysqlconnector.cpython-313.pyc","14525","A88A30CA9B581F6349E9EAEEC8E26E0D58D59BF0F964DFBD768969D7A49BFDB4"
".venv\Lib\site-packages\sqlalchemy\dialects\mysql\__pycache__\mysqldb.cpython-313.pyc","12574","BCC1592F24C54E4DEB8C37F07CA392D8FF58446ACEFB8A6E4B0FBD9007A9E039"
".venv\Lib\site-packages\sqlalchemy\dialects\mysql\__pycache__\provision.cpython-313.pyc","6405","C5546B327FF1EC5220A042AD6B33C8A74C312063ECEAF7D60CDD273891CD6317"
".venv\Lib\site-packages\sqlalchemy\dialects\mysql\__pycache__\pymysql.cpython-313.pyc","6342","E5AA7FA284A285855FE5A3EF0AB19A1BEF04143C324FB63F0572989A3352B6BF"
".venv\Lib\site-packages\sqlalchemy\dialects\mysql\__pycache__\pyodbc.cpython-313.pyc","6248","344CC843A08937A59D8DFABD73157D8C794EBBD8DA986A9C47F1C9A455AE44FC"
".venv\Lib\site-packages\sqlalchemy\dialects\mysql\__pycache__\reflection.cpython-313.pyc","26612","503AA8EE339C2037A8BBBB623DA799B54203A8DAAE9F930CEAA199C7D0DA6982"
".venv\Lib\site-packages\sqlalchemy\dialects\mysql\__pycache__\reserved_words.cpython-313.pyc","4384","BF86898A624B00A18CC0DD7768B493BF69747D6579E9CE2459D735324F3F9824"
".venv\Lib\site-packages\sqlalchemy\dialects\mysql\__pycache__\types.cpython-313.pyc","32196","39FF8E36B50CA3E277E1749AE21175A319C5B34F034E141A85D47A32074BABF1"
".venv\Lib\site-packages\sqlalchemy\dialects\oracle\__init__.py","1979","316B55CD51FA942485A2F388BA9BA568C77B4181A2CF7350BE96B5B1EC6D39E3"
".venv\Lib\site-packages\sqlalchemy\dialects\oracle\base.py","142958","46E529E6ADDA205F5DFE18669DB9F864514F50B195B9DE2B282EDF852D9F48D4"
".venv\Lib\site-packages\sqlalchemy\dialects\oracle\cx_oracle.py","58272","164552E1204A8EA511AB991BB5A17213C171AA00A55FA19EFE4BB5E96890D5E6"
".venv\Lib\site-packages\sqlalchemy\dialects\oracle\dictionary.py","20026","7293176ECA5646658294B69CF3B96F04EECA320973FEDB05E0D310607B7F6EB7"
".venv\Lib\site-packages\sqlalchemy\dialects\oracle\oracledb.py","34510","A13C666FC3C4C0F717DD9FA9B2BDF458BEC223E67D379C6B814336A343765569"
".venv\Lib\site-packages\sqlalchemy\dialects\oracle\provision.py","11327","725D432E0CE74B0AAA4CDEB938BEC21349FD3AC00A5C54E7CDF3D109BA75C80F"
".venv\Lib\site-packages\sqlalchemy\dialects\oracle\types.py","9374","C6EB252B483FE7F2E367EBE557A90D7140FE6B759F62D2657B77061B31A6B9DE"
".venv\Lib\site-packages\sqlalchemy\dialects\oracle\vector.py","11221","066A683B11601B87D5A63C13A2AFF6CE29BB6613F412D1065AA22B69EBAA8EE1"
".venv\Lib\site-packages\sqlalchemy\dialects\oracle\__pycache__\__init__.cpython-313.pyc","1656","CE34A1291D1296BF7E1C14263E7F66BB42A7787C7E964E49750EEACE23CE7012"
".venv\Lib\site-packages\sqlalchemy\dialects\oracle\__pycache__\base.cpython-313.pyc","155624","EFF348EE19FE31A2FFD063B10D3485A861BB32C249E789C18E2F7746D337F0CE"
".venv\Lib\site-packages\sqlalchemy\dialects\oracle\__pycache__\cx_oracle.cpython-313.pyc","62299","8E41F4D61BD2B6BC427BCE9C02BEEBB3A1BA0899742761F06CD5162C2C1760FD"
".venv\Lib\site-packages\sqlalchemy\dialects\oracle\__pycache__\dictionary.cpython-313.pyc","24243","C180FEC3276BBE397AB7A083B75648E702C27A8FA5A156A6963E5B05B0E4812F"
".venv\Lib\site-packages\sqlalchemy\dialects\oracle\__pycache__\oracledb.cpython-313.pyc","41367","1E32703E7CB6D803369CF16766CE6BB5B176CF24DBF230B1419BAC2ED47373FD"
".venv\Lib\site-packages\sqlalchemy\dialects\oracle\__pycache__\provision.cpython-313.pyc","13331","AB576FA4F11746E2F34383D8D37B82A163C8B970093A3D1F8A6D75181F162E99"
".venv\Lib\site-packages\sqlalchemy\dialects\oracle\__pycache__\types.cpython-313.pyc","13363","0F7417C74201A39F6EA9EF3DF26EB125686A12C2BF99E0D4AE7796DE7D28A577"
".venv\Lib\site-packages\sqlalchemy\dialects\oracle\__pycache__\vector.cpython-313.pyc","12235","9929DF67AAF4A6C1DDA6C6FACE78E0517CE321331C1595D92B135A9F50F987AF"
".venv\Lib\site-packages\sqlalchemy\dialects\postgresql\__init__.py","4059","6FC735798BD3BCFDC9F0515BE9EF4379AC39ADA1DE01F1AA8F55902CE39A4381"
".venv\Lib\site-packages\sqlalchemy\dialects\postgresql\_psycopg_common.py","5972","A574FDE36A335C63E02089640DFDC1B1DD5BD1AC63C6D351D074FA3916FB9BEB"
".venv\Lib\site-packages\sqlalchemy\dialects\postgresql\array.py","17798","A034AA6F31D72A4ECD27E2690DF83D1B17C974C496F4E2696372BB94AEB1F1B6"
".venv\Lib\site-packages\sqlalchemy\dialects\postgresql\asyncpg.py","42261","5C26515E1291F29E97915643D7425EF9ED632797C39471B0FB7CECC8A29CFE6E"
".venv\Lib\site-packages\sqlalchemy\dialects\postgresql\base.py","195481","CFD556B9ED0E3696388F90FE4D8C8A3EB7F8B789FECC77651CFE330C3EFD7D71"
".venv\Lib\site-packages\sqlalchemy\dialects\postgresql\dml.py","12465","3704A5C56407D881BF0D51AF1616BDCF64D555188311ECF9B1FDB2AA306B38AF"
".venv\Lib\site-packages\sqlalchemy\dialects\postgresql\ext.py","18021","4E6FD07CE05AE1AAE290B73F7C3064E2DDD13CF3DB6DD6085DC4F7F647DE09CC"
".venv\Lib\site-packages\sqlalchemy\dialects\postgresql\hstore.py","12340","F9D61C65E5B837A82B74722DDF57230E436E5E4FAB1540135C7D73EDC2269256"
".venv\Lib\site-packages\sqlalchemy\dialects\postgresql\json.py","14710","671003409E9916185A4443C284F473045FAEEEC866903BFEFA95D256D9F4C10C"
".venv\Lib\site-packages\sqlalchemy\dialects\postgresql\named_types.py","18336","CACA24BE0B4E7382F97E875F1E97795086996EACB3F5D0EA8E1E56EBA96D9C9C"
".venv\Lib\site-packages\sqlalchemy\dialects\postgresql\operators.py","2937","5366EB8BC75FD48BA6A6E0773C6AC313D93637FFF25F6109B4F98A7F517BF9B5"
".venv\Lib\site-packages\sqlalchemy\dialects\postgresql\pg_catalog.py","10325","85FD2D067175417F5FF813F6BC2194F4FAA8F1D0D9BD259776B0A0959BDBF778"
".venv\Lib\site-packages\sqlalchemy\dialects\postgresql\pg8000.py","19412","12681AD5D578AF6B9655E7D9EF15551EAD863D16DEE633CB2025E2646E53C9BD"
".venv\Lib\site-packages\sqlalchemy\dialects\postgresql\provision.py","5945","9956C42EF1DC5CE4030325DADCA2D0C40372332F044F4064860F00FCA37DFC5B"
".venv\Lib\site-packages\sqlalchemy\dialects\postgresql\psycopg.py","27310","59E810ABA8A57AD519FD1A372A3F72AF8DFDE9A69EF1E47E910AC39F6F61D314"
".venv\Lib\site-packages\sqlalchemy\dialects\postgresql\psycopg2.py","32924","F28C1F957265F07015735FAA24DBD1ED7D5294F208E1273703E7BE4D2E41EECE"
".venv\Lib\site-packages\sqlalchemy\dialects\postgresql\psycopg2cffi.py","1817","FABD5EC61045BCA5A7CF1A9AF649B971703096C129A49885FF6B7657E6CCFFA5"
".venv\Lib\site-packages\sqlalchemy\dialects\postgresql\ranges.py","33977","5A48A87AE97C274C63BD991FF0C93DA431ED599E011D367661A4137A72D24531"
".venv\Lib\site-packages\sqlalchemy\dialects\postgresql\types.py","7942","8D762E11FEC336DBFB9E5D4ECE55442399C9803038DB7FE497A49B0DD5E785B5"
".venv\Lib\site-packages\sqlalchemy\dialects\postgresql\__pycache__\__init__.cpython-313.pyc","3425","E8E841CD271478C3E6EFBEC5BE6CE81B6A301B268F4293EB5539BCCE955F853C"
".venv\Lib\site-packages\sqlalchemy\dialects\postgresql\__pycache__\_psycopg_common.cpython-313.pyc","8327","D38357BB8F43EE5F1678B32D04C7054D4F5DAE70D8BBD7E5D5ACCA0C73898E60"
".venv\Lib\site-packages\sqlalchemy\dialects\postgresql\__pycache__\array.cpython-313.pyc","19106","B09B01AEE34B4EA86F92386EB40DF8CA78621014C8827AB2D541E0D98124D04D"
".venv\Lib\site-packages\sqlalchemy\dialects\postgresql\__pycache__\asyncpg.cpython-313.pyc","60234","141267B72A78234D24EE557C1B8E00DB98AC41DECD902A6729A00ACAB04C716D"
".venv\Lib\site-packages\sqlalchemy\dialects\postgresql\__pycache__\base.cpython-313.pyc","218101","BBA6098E9D99D5D3F202E24EF842343BD939672E3DFD299896680C4DD5107935"
".venv\Lib\site-packages\sqlalchemy\dialects\postgresql\__pycache__\dml.cpython-313.pyc","12272","3F366359D2E24B726E305BBAD0C1000DE30AC143A9ECB25E1D7C0208A6899D9F"
".venv\Lib\site-packages\sqlalchemy\dialects\postgresql\__pycache__\ext.cpython-313.pyc","20010","9BEE1CB0C1AAF4E75544C8B88C760DFF78C6D76758D68722B0294E0F13CB6A0D"
".venv\Lib\site-packages\sqlalchemy\dialects\postgresql\__pycache__\hstore.cpython-313.pyc","15137","51DD42AD055C359EB8117677AD1AD3E6969C5F9213B2E0E492A75D11F3BE9278"
".venv\Lib\site-packages\sqlalchemy\dialects\postgresql\__pycache__\json.cpython-313.pyc","15875","583B8C824CD0423A5BED2315517A8A8F9DFE480FC10048BCE51D846CFE93BE6E"
".venv\Lib\site-packages\sqlalchemy\dialects\postgresql\__pycache__\named_types.cpython-313.pyc","22639","C4CB7004E26489C415F200753B198176F578A49EB2FA66517683FD1C75AE363F"
".venv\Lib\site-packages\sqlalchemy\dialects\postgresql\__pycache__\operators.cpython-313.pyc","2012","E27ADAD6A99AC437D0F710884C1A82E53676FBF1D750ABA9474E757B9E14A442"
".venv\Lib\site-packages\sqlalchemy\dialects\postgresql\__pycache__\pg_catalog.cpython-313.pyc","11825","4FD57E9B136E08A27CE5440D5F3A7DC4AFEE580382740F551D3368395D83D5E2"
".venv\Lib\site-packages\sqlalchemy\dialects\postgresql\__pycache__\pg8000.cpython-313.pyc","31155","53A8C470203EFD6288E90BDD0B083332C2C0D33953BA1618B48B3DCC1AD1D31A"
".venv\Lib\site-packages\sqlalchemy\dialects\postgresql\__pycache__\provision.cpython-313.pyc","7760","E2E574C3B3252F48CDA3D83358A5F3B2E155FE78EA29C8E4A88BEC94A803EC75"
".venv\Lib\site-packages\sqlalchemy\dialects\postgresql\__pycache__\psycopg.cpython-313.pyc","41649","30B330C94D2522C615C50432CBB6DF39193159C56B6F11F3F9F527D40CB1B632"
".venv\Lib\site-packages\sqlalchemy\dialects\postgresql\__pycache__\psycopg2.cpython-313.pyc","36310","A1E738032C3AA53A41845E985E0AAF31561F71A0FE6C8200C8A0BD46F7241B86"
".venv\Lib\site-packages\sqlalchemy\dialects\postgresql\__pycache__\psycopg2cffi.cpython-313.pyc","2195","48497D1548AB5470F398E7E62C104D9825D36F29270BB2BB6654D2BCBB6368DD"
".venv\Lib\site-packages\sqlalchemy\dialects\postgresql\__pycache__\ranges.cpython-313.pyc","35368","5BA7CC10B33E79070A55A289A56520D58DB67983127736257FF7098A7F161FA3"
".venv\Lib\site-packages\sqlalchemy\dialects\postgresql\__pycache__\types.cpython-313.pyc","11702","95B6D782E0D8BE34BFAE86FC321AB9EB6E0A565B8080CB975FCB7CEE4AA9011E"
".venv\Lib\site-packages\sqlalchemy\dialects\sqlite\__init__.py","1239","49C0DACD84EE723EC3E429ED79C988C37EA970B1B843A8CFD470B173FB8E6825"
".venv\Lib\site-packages\sqlalchemy\dialects\sqlite\aiosqlite.py","15128","B58D925E57694AB5E8C177D93C23B16DB6DE4469D7125620DB4AC077EF389F34"
".venv\Lib\site-packages\sqlalchemy\dialects\sqlite\base.py","110083","DCE8AC1EA1245ACC4A8DDB30BD2B8B1F52715FE1B9E22E648E9330F962D9E0FD"
".venv\Lib\site-packages\sqlalchemy\dialects\sqlite\dml.py","9401","F070D754EF81603E0C9CB3377B85F945651E64E5ABF09AAF7A846276B48050DF"
".venv\Lib\site-packages\sqlalchemy\dialects\sqlite\json.py","2869","92E7BBEBE1C68A7EE7AAD0F27BA979D76AA2C5B0B078C38DEF6A88353E77D631"
".venv\Lib\site-packages\sqlalchemy\dialects\sqlite\provision.py","6887","ED99435306CDF03E94CB327711A2CA735A578D3C2DF072BFB53D26393DA51983"
".venv\Lib\site-packages\sqlalchemy\dialects\sqlite\pysqlcipher.py","5528","44818852AE8D781EF09E3FF9FD24F1BFB28FA12A5ECB4D7FEFCD9DD55124D588"
".venv\Lib\site-packages\sqlalchemy\dialects\sqlite\pysqlite.py","28548","86E3D706D5EBAA3260289A45171E381F87BE5A4038F4423E851B1A1A7265A85D"
".venv\Lib\site-packages\sqlalchemy\dialects\sqlite\__pycache__\__init__.cpython-313.pyc","1051","94E56960E7A2DCCD6ACB1A05A69F6777211848DFEE5B558877DACFE8619670EE"
".venv\Lib\site-packages\sqlalchemy\dialects\sqlite\__pycache__\aiosqlite.cpython-313.pyc","20652","C74625A03448608487ED3E0DEF36DC8392C9CC14961A64A0D4183F6BBD9EB92D"
".venv\Lib\site-packages\sqlalchemy\dialects\sqlite\__pycache__\base.cpython-313.pyc","110326","ECC83D9E9678FAFB4FC16E83EE6FA06A89D711DDA7AF39235B3AEAEF9A8DD51D"
".venv\Lib\site-packages\sqlalchemy\dialects\sqlite\__pycache__\dml.cpython-313.pyc","9748","87361E756B8CD82FF5DC936714969E23475C958491A7079F66F2FB5ED54241A9"
".venv\Lib\site-packages\sqlalchemy\dialects\sqlite\__pycache__\json.cpython-313.pyc","3885","C317EF3E948A8FB3180C21A7EED29E5A3209408D6E5D5E30D2185836D69E3E06"
".venv\Lib\site-packages\sqlalchemy\dialects\sqlite\__pycache__\provision.cpython-313.pyc","8842","82D2FF514414E3AD3A91C88C381BFE9185AD572A93EA2291C7D2F5F83590D2DC"
".venv\Lib\site-packages\sqlalchemy\dialects\sqlite\__pycache__\pysqlcipher.cpython-313.pyc","6300","4F1CB442108EA36A44C9E00F92DB70087B8FDC4C587A18F5C5AE31824EB6C4B6"
".venv\Lib\site-packages\sqlalchemy\dialects\sqlite\__pycache__\pysqlite.cpython-313.pyc","31673","5A6E0A4C5D56ED2002640B1C8A1981419AFF14599976489D5F72C97B6E1DC75C"
".venv\Lib\site-packages\sqlalchemy\dialects\__pycache__\__init__.cpython-313.pyc","1914","523A163D2914ED6335E598F6F174CA1CB9F4DCF85502E2641DC1CC9737B0E5D5"
".venv\Lib\site-packages\sqlalchemy\dialects\__pycache__\_typing.cpython-313.pyc","1077","54FF8A6A8D6D88E403AD616D7F35910D1B08ECD5924F7AB8BE290F49FA15B9C9"
".venv\Lib\site-packages\sqlalchemy\engine\__init__.py","2880","4025497D299A70CC2B4F7B8A3A3184820C369CFE9EA1A61E08F3E187FBC065E2"
".venv\Lib\site-packages\sqlalchemy\engine\_py_processors.py","3880","0D78108550FF2AF4914C41B97E7E38BE823A5F7FEA51CEC2B952CA4D2F123CB6"
".venv\Lib\site-packages\sqlalchemy\engine\_py_row.py","3915","CA5443935CC4B12ED7811B95A3823690D02B29E6EBFF5377C0671B0CB6C7FB11"
".venv\Lib\site-packages\sqlalchemy\engine\_py_util.py","2539","B9D2D0C902687C0DD97E629C96B63F8913D0B39D7688A07EC70C2E0E35F76B47"
".venv\Lib\site-packages\sqlalchemy\engine\base.py","126804","6EFA41C3290B52EAC37864C0F0E7B997C7BC50696A1FE41C5BC64DCC43A08B51"
".venv\Lib\site-packages\sqlalchemy\engine\characteristics.py","4920","99557DF342A703257FDBF08BFD677E52357D28010D6386F8365EE9BAAE555738"
".venv\Lib\site-packages\sqlalchemy\engine\create.py","34740","B663F59A44AA3A46A4B041AA68AEE8E7CAD27CF9D09AB0DB137CAAB81C93C667"
".venv\Lib\site-packages\sqlalchemy\engine\cursor.py","83083","9D3CF0FFF3C3B7CA8C22C32B5F7103F1CE2684728AFF1B9A8D922F806F27ADDC"
".venv\Lib\site-packages\sqlalchemy\engine\default.py","88290","0AE5088AF0D2EE33CE8E2AEB930015EBAD3E9ECD1532BC56AA56E4A3E52FB2AB"
".venv\Lib\site-packages\sqlalchemy\engine\events.py","38365","7E2C7ACB4BB6B2D2D7894AEE3B3B306C7EFD855EF60E7ED1F14C824265653046"
".venv\Lib\site-packages\sqlalchemy\engine\interfaces.py","118855","08C08586BE3D0F625699797FA75D40189D9D1F51F2C6832015D36EF7DCFA89A5"
".venv\Lib\site-packages\sqlalchemy\engine\mock.py","4290","FCF8B18F7919300DA64E1B609E5C54F832ED0AB3DE97B7CD17563EC0966F4CD2"
".venv\Lib\site-packages\sqlalchemy\engine\processors.py","2440","4563637DBDD87C078D25B12CBCCDCD3EF14681CE757D6B12B73BF917EBC95EA0"
".venv\Lib\site-packages\sqlalchemy\engine\reflection.py","77667","001A74F84AD960DBCD5834BD22100874DF2567E123AFF35AD99CD7671A32AE77"
".venv\Lib\site-packages\sqlalchemy\engine\result.py","80192","AA5F10DB15017610794969398CE820B7FCDBD830459AE95D32AD58E3984816F6"
".venv\Lib\site-packages\sqlalchemy\engine\row.py","12431","94E3AFAC6A61205246057445908883FF9716BDDC934AC3A5C831634C7E48B207"
".venv\Lib\site-packages\sqlalchemy\engine\strategies.py","455","5FB1BD86CDC46C184A8149B00E7D5F21B98F2E9FBE9268FF220FDA372FADD6CF"
".venv\Lib\site-packages\sqlalchemy\engine\url.py","31991","43C903588E18F9EF4D159C33A1D0A24C3695F702933B7BAFF800EC6A41BFC96C"
".venv\Lib\site-packages\sqlalchemy\engine\util.py","5849","44A600BD406D22F37B6C52A65AFEBBC1EE9058D98D16C2B263DF901680A8E932"
".venv\Lib\site-packages\sqlalchemy\engine\__pycache__\__init__.cpython-313.pyc","2266","B5B7051C1BCFEFBE7DF6A1F2B292B0DE5FA4F8B0CA6A3BD7E07F27CE256979A9"
".venv\Lib\site-packages\sqlalchemy\engine\__pycache__\_py_processors.cpython-313.pyc","4561","FFE5CB1FEAAF2B34914FFBCBD2A1425641C4D5B446B33BEC1DECE0DFFD53D70B"
".venv\Lib\site-packages\sqlalchemy\engine\__pycache__\_py_row.cpython-313.pyc","5880","DDC400CC782BE1E470D5D73BD2E31B564CABC8960828C9B0816BB9B04FBBCB4A"
".venv\Lib\site-packages\sqlalchemy\engine\__pycache__\_py_util.cpython-313.pyc","2364","1B5D3A171531C596632B50CE7CA7B74257650363E3A2722DAAAA00DFE943DFC8"
".venv\Lib\site-packages\sqlalchemy\engine\__pycache__\base.cpython-313.pyc","126450","40DC55E905750E7050449979F5A3F04C2CA77B6F7D64196D100610CFB9A6A679"
".venv\Lib\site-packages\sqlalchemy\engine\__pycache__\characteristics.cpython-313.pyc","6834","7C641689D44C88B58FE68FCFE6C633E13B2BDE9B2C154E64D43A9A6DE1E51890"
".venv\Lib\site-packages\sqlalchemy\engine\__pycache__\create.cpython-313.pyc","33939","FAACCF825B8BF014D32B3297BAA367A2A5B74C4548EE2C3A3CD005F839C8BE52"
".venv\Lib\site-packages\sqlalchemy\engine\__pycache__\cursor.cpython-313.pyc","81712","8A8AFB9B5A1858646F563FC4540B65F7753AC1A5AB7E02ADE87645185D00A427"
".venv\Lib\site-packages\sqlalchemy\engine\__pycache__\default.cpython-313.pyc","90461","F7B1B44EBB363C87BC052D0C8FCD6DFC89201F0FB59369B78DD9FE4DF3023093"
".venv\Lib\site-packages\sqlalchemy\engine\__pycache__\events.cpython-313.pyc","36707","06D3C58A8DCC1E0C248C519E2154717400C3F3EEC5BF275732E7DCEB5151B39B"
".venv\Lib\site-packages\sqlalchemy\engine\__pycache__\interfaces.cpython-313.pyc","96666","D3A4E03EDDF8724EF622B1B1743839D06729C52F2CF1956075C48A555B8FFC74"
".venv\Lib\site-packages\sqlalchemy\engine\__pycache__\mock.cpython-313.pyc","5610","0EECE76A3B05B54B1F2A3A3F0F6356D5D66F30EC6F8825019BD562589A3D716D"
".venv\Lib\site-packages\sqlalchemy\engine\__pycache__\processors.cpython-313.pyc","1300","BFC33F0FAE023EE20A37CA1775C48E309045B7D4FC40BCC4B5BE287649FCE79E"
".venv\Lib\site-packages\sqlalchemy\engine\__pycache__\reflection.cpython-313.pyc","77455","BD5D350A7728AFBD2F2F6E5A9691E1AC4ECB96BEBE8035B1AF8E9E67F6F9AB36"
".venv\Lib\site-packages\sqlalchemy\engine\__pycache__\result.cpython-313.pyc","88708","7663F84DF6DC21D3707F79865CAB7E43E5E81453A2972F4008A2A39C140B23E0"
".venv\Lib\site-packages\sqlalchemy\engine\__pycache__\row.cpython-313.pyc","17129","BDE141510DEB1F4A4CC47AF0AC3F809888260862BA7D6FCFE5ACBBAB47D358F2"
".venv\Lib\site-packages\sqlalchemy\engine\__pycache__\strategies.cpython-313.pyc","602","CF8B6F0BC940D897AC3E7C63B76A62F571BB602CE63BD6ADF9C185524F5F6246"
".venv\Lib\site-packages\sqlalchemy\engine\__pycache__\url.cpython-313.pyc","33132","75CD8CFFFD838C38478D673847C51541ECCA30B7E4D3C0C75D31155908E90C91"
".venv\Lib\site-packages\sqlalchemy\engine\__pycache__\util.cpython-313.pyc","6836","B721E31A1C2809AA71F114D439CB581D87730C76FD7880FED265360FE7120E04"
".venv\Lib\site-packages\sqlalchemy\event\__init__.py","1092","73182843C6F9215C9743EF6678378304618D561C4D5AD19AF104BC1B53E14EC8"
".venv\Lib\site-packages\sqlalchemy\event\api.py","8329","21E4F0A7EF0154E83B77EE4A335DE6D3EF18B2A7F6799832D5C2A06142A71F6E"
".venv\Lib\site-packages\sqlalchemy\event\attr.py","22265","279BBFDC9255C5529BDCB17D545860104E1C22649EA1FDEED2CB841DB2FD4B6C"
".venv\Lib\site-packages\sqlalchemy\event\base.py","15726","F804A25793EEB7D9D3B567ABB6E60DFB395C8205F2F5C4C78AC1EABB1B30D713"
".venv\Lib\site-packages\sqlalchemy\event\legacy.py","8715","EAE1ACC83F72500D0E40B5BEC2C0486B67DE607F9FFF319DBF2E42CBD4A08AD9"
".venv\Lib\site-packages\sqlalchemy\event\registry.py","11534","7B1DE1C11F90D21C3D0489EF8DD433B6F0BAF0F8C7D648CA3D900B85ED3D45EE"
".venv\Lib\site-packages\sqlalchemy\event\__pycache__\__init__.cpython-313.pyc","875","7D7E6C4694E4CA918AC8AC40FC2AB4635C1C48DE374BA94A99D3E2500A3EF526"
".venv\Lib\site-packages\sqlalchemy\event\__pycache__\api.cpython-313.pyc","8622","E732FE9F80601074CA35FF7E9574E2A478C1D7568066750F052BCB6B08E008C7"
".venv\Lib\site-packages\sqlalchemy\event\__pycache__\attr.cpython-313.pyc","31634","4D779C1BC477C38D10D687C0105C31F5A0BF656B183C5C9F540EB9157C57263A"
".venv\Lib\site-packages\sqlalchemy\event\__pycache__\base.cpython-313.pyc","20369","10C999592DC976BD3EF7F6D00976E347ABE925E36552B4BB9932E0844D274E7A"
".venv\Lib\site-packages\sqlalchemy\event\__pycache__\legacy.cpython-313.pyc","9757","84524E80AF42FD369CA9AD53CE45E9C467A8419E14E889EC4E2D36955CC4F6D5"
".venv\Lib\site-packages\sqlalchemy\event\__pycache__\registry.cpython-313.pyc","12859","340FCB644BC4E5788F81BE5E897C60579C6211C8B8C389649DD5FADDB3E6054C"
".venv\Lib\site-packages\sqlalchemy\ext\__init__.py","333","A19D79A8235CB08E93352EC63ABD414E0D247B95EFB8A0416F0C43A5B50165F2"
".venv\Lib\site-packages\sqlalchemy\ext\associationproxy.py","68469","72FB8D8BFC17FB80F8C7E6778200C9CEE7AC7AF70FC2BBA9CA13EB38606BDEC7"
".venv\Lib\site-packages\sqlalchemy\ext\automap.py","63376","27E7ABCCFDFB24695149761137CD90D2055DDB8414C01B5CCBEB4AE498DCE430"
".venv\Lib\site-packages\sqlalchemy\ext\baked.py","18323","6D2D12C28B038E8F6E8F7DBAF1096190CBCC6C1AE51277A32CFBF44A203C9365"
".venv\Lib\site-packages\sqlalchemy\ext\compiler.py","21489","2768203BF210B6C38A5416944518071C82D442E6A06F870CA98157021CDF301B"
".venv\Lib\site-packages\sqlalchemy\ext\horizontal_shard.py","17169","A2AC905D6927112EDB7153BE7AF13B7CB68B6F96AC64A0C65EEADEA08905A25F"
".venv\Lib\site-packages\sqlalchemy\ext\hybrid.py","54143","FE54435F2E40106AC9C4DC634EAA9FCC7AA763C84FD163C8E2316D9A722903E3"
".venv\Lib\site-packages\sqlalchemy\ext\indexable.py","12126","9163E6ED70B991C929A058CF108AFC2A48CE5C2C17F924723047C3E7E1450320"
".venv\Lib\site-packages\sqlalchemy\ext\instrumentation.py","16157","1D1F046E4FE95B7CB3543108C2D12FB37BC44A1FB0B198108A4DB08554C607E3"
".venv\Lib\site-packages\sqlalchemy\ext\mutable.py","38249","F0FAFEA754E28C1DFCCF6E4F21DD6FEFB697C8E6AA9604481F20605BE38941CD"
".venv\Lib\site-packages\sqlalchemy\ext\orderinglist.py","15602","4CF696621720844A5BB45F77AFD01CB98CC88E1C9FAB0515FBE425359CB1FAEB"
".venv\Lib\site-packages\sqlalchemy\ext\serializer.py","6354","25A8FDF4917178C99810BD6C0C6DBFAAC913F3FD5B7906370685CA534561C866"
".venv\Lib\site-packages\sqlalchemy\ext\asyncio\__init__.py","1342","ABCFE0071FF62094C387CA4684DC3645647049D69BC2A4002BB61D8BC2BA7DDB"
".venv\Lib\site-packages\sqlalchemy\ext\asyncio\base.py","9314","73C0F6A80FDC72E3AFAB1C7CDC4D059DA7F314B867E8A0A1A23327BE33D67D37"
".venv\Lib\site-packages\sqlalchemy\ext\asyncio\engine.py","49952","6D9AC0B54A3A4ABDD71EA661B1CA2AD3B9F262CB74C9C0F9EF90C43E1B55AB6D"
".venv\Lib\site-packages\sqlalchemy\ext\asyncio\exc.py","660","C027399ACAD4CBCBA5B5A4DA428888F677959DA7AACE0CB39068E8E8BBF80520"
".venv\Lib\site-packages\sqlalchemy\ext\asyncio\result.py","31624","03E12CD04C199CEC2E78E1F791E4560DCCD375BFB08BE924934B8DC272AF3A34"
".venv\Lib\site-packages\sqlalchemy\ext\asyncio\scoping.py","53685","03453E172678B0B9EBA50CD7BA84F32FEC347A71ABD9626FA2C700C81967FB33"
".venv\Lib\site-packages\sqlalchemy\ext\asyncio\session.py","65206","A5E76CE5FE9B0B6A63E6C7628553D3B18A3A3AC692037C210ACD97DA0C571C5A"
".venv\Lib\site-packages\sqlalchemy\ext\asyncio\__pycache__\__init__.cpython-313.pyc","965","BBAC35EC2FFC8D7C1E67360C64BA12EB28D1D2263435D7D96696E92CD57B7CE1"
".venv\Lib\site-packages\sqlalchemy\ext\asyncio\__pycache__\base.cpython-313.pyc","11359","5CB0CEB0D39A75ADFB76FD47E04303E040DD60732C8339A07DAD175FC7AC3661"
".venv\Lib\site-packages\sqlalchemy\ext\asyncio\__pycache__\engine.cpython-313.pyc","54639","55EE37E78A5C3996CED73BF021297A866C60661F0D138DB55072791FA3AB056F"
".venv\Lib\site-packages\sqlalchemy\ext\asyncio\__pycache__\exc.cpython-313.pyc","1115","16F3B6E5100FC87F4BD123EF749EA13B8E34453256D56BA49DB853D60360D920"
".venv\Lib\site-packages\sqlalchemy\ext\asyncio\__pycache__\result.cpython-313.pyc","35358","98C87E5797D3FA1C342716F02665126963B1BEC0171FC7ECC936FB52108659A8"
".venv\Lib\site-packages\sqlalchemy\ext\asyncio\__pycache__\scoping.cpython-313.pyc","51912","64F872750DF3079ED296B5F43C939617B251FCD173BFEEF580D836A246E6C88C"
".venv\Lib\site-packages\sqlalchemy\ext\asyncio\__pycache__\session.cpython-313.pyc","67215","102C0FA5BE01ACE33C1B5255D6F2EE5FCFFEC993D79CC3B96C644655107F46D0"
".venv\Lib\site-packages\sqlalchemy\ext\declarative\__init__.py","1883","8AD6094420AC964D5DC7D715B1DCA91B1AD2EE2E148F414BF59162568C7E4863"
".venv\Lib\site-packages\sqlalchemy\ext\declarative\extensions.py","20095","9B8498CC06B26D0102539F23F0D53E976C1E08D1720EFFCA2E1F1155FFC50292"
".venv\Lib\site-packages\sqlalchemy\ext\declarative\__pycache__\__init__.cpython-313.pyc","1993","A489A96E01D70F9B7F2AD925DD49C50BF3035A4A65787F5403D663F1ABA7705B"
".venv\Lib\site-packages\sqlalchemy\ext\declarative\__pycache__\extensions.cpython-313.pyc","20765","1E097EF4EED8F21DD74BE01C8A14DCA0CB9B114EC7623A0A207F71E101A47CF3"
".venv\Lib\site-packages\sqlalchemy\ext\mypy\__init__.py","247","FD279FCF13A427DA6DF3E57E39D0BF97E142DA129463ECD1A29093EB58C3EA59"
".venv\Lib\site-packages\sqlalchemy\ext\mypy\apply.py","10915","68B07CB08764613DB2F9551C2F3646FD34054E22D2F8E0AF42F6ADC57B26E7CC"
".venv\Lib\site-packages\sqlalchemy\ext\mypy\decl_class.py","17899","6C6025E4F962AB47607D39E7FBD4C4CD024F2C96E5B8BC6A5A93DAF7815DB228"
".venv\Lib\site-packages\sqlalchemy\ext\mypy\infer.py","19957","C2FBE398106F4F4A4D0F341993E0F0052CEC60C28ADDCC8F99A56D4A9D2C0B33"
".venv\Lib\site-packages\sqlalchemy\ext\mypy\names.py","10815","218820C055EC234F45F9DF66AD84AFA0A67BBF06478CCE059D1FB03D6ED421F6"
".venv\Lib\site-packages\sqlalchemy\ext\mypy\plugin.py","10053","2638A64D96CFE48EC46DF4941899B786D4D11608BC2590F6DF4E86AD4DDB3373"
".venv\Lib\site-packages\sqlalchemy\ext\mypy\util.py","10317","AA5BC41D41564087B1FA641C061BE37422B9FAD8110B068FD4F6EDF0436FDB59"
".venv\Lib\site-packages\sqlalchemy\ext\mypy\__pycache__\__init__.cpython-313.pyc","184","0EECD2E3F7FBD760DC91FFFE426B60E1880C32947746F288A6DFB6C4E8E54D38"
".venv\Lib\site-packages\sqlalchemy\ext\mypy\__pycache__\apply.cpython-313.pyc","10811","9B5EB0EDDACF85F3F96C397CF830A89AFA1B141C765F8D5AC0610AB1CD37EAFA"
".venv\Lib\site-packages\sqlalchemy\ext\mypy\__pycache__\decl_class.cpython-313.pyc","16213","5DC5E9E1DA3101C7B27A6B1712B8EC75165D8D3F6A9DB759C97699EE82DC346E"
".venv\Lib\site-packages\sqlalchemy\ext\mypy\__pycache__\infer.cpython-313.pyc","15993","F4525DE0ECC21BE39E159CAD9E0FE135B651512D8F098E3018B903B841A7E3B2"
".venv\Lib\site-packages\sqlalchemy\ext\mypy\__pycache__\names.cpython-313.pyc","11296","F809EE00B7436C2E1BF18FA446344DB2F03D7CD902E09BAEB902BA16B513902D"
".venv\Lib\site-packages\sqlalchemy\ext\mypy\__pycache__\plugin.cpython-313.pyc","12847","077D06B431C35DC47052B374A2DA7E27CDE8876A2C365BA37594CA881A12CB6F"
".venv\Lib\site-packages\sqlalchemy\ext\mypy\__pycache__\util.cpython-313.pyc","14421","E741B319BBC77DA9FE6175D1FB9361813A5EC48212810CFDE3CE4D82C5B1D128"
".venv\Lib\site-packages\sqlalchemy\ext\__pycache__\__init__.cpython-313.pyc","342","3C060457C13C392CF445A3BCCE556D69B109607491483BA4B235D19538E248B0"
".venv\Lib\site-packages\sqlalchemy\ext\__pycache__\associationproxy.cpython-313.pyc","87456","27CC5A5634A79848DD352381BA54292114521B10E4C6BBE56F9966ADD1EF75FF"
".venv\Lib\site-packages\sqlalchemy\ext\__pycache__\automap.cpython-313.pyc","56842","0A15F592747138C17FF1178FA6B06A543E82688FFD33F58182DC11CB1245998B"
".venv\Lib\site-packages\sqlalchemy\ext\__pycache__\baked.cpython-313.pyc","22952","C4438AC83212C1C2857BF01811B391DABE2A474213C4A139CE05FFF5F64591A2"
".venv\Lib\site-packages\sqlalchemy\ext\__pycache__\compiler.cpython-313.pyc","21380","E74CB26CA9582E4C3F7323E4429B7E13286E7EBE15AD8396F33A6D0A1979B91C"
".venv\Lib\site-packages\sqlalchemy\ext\__pycache__\horizontal_shard.cpython-313.pyc","17686","75E9643455E62093A61A031E71350B289A8EC3E021A50FD79F79DBECA36B67D6"
".venv\Lib\site-packages\sqlalchemy\ext\__pycache__\hybrid.cpython-313.pyc","59267","CD5D6E76563557121505153368E40F716E0106D88F98BF859B0DC25C36411412"
".venv\Lib\site-packages\sqlalchemy\ext\__pycache__\indexable.cpython-313.pyc","12962","BF300F9C261038E7B5BBAA53F74A92271A4F04CB454363E46D707DDB5CC4D662"
".venv\Lib\site-packages\sqlalchemy\ext\__pycache__\instrumentation.cpython-313.pyc","19863","AA075918468F87DB06D05A4B89C220027D051F10F486684CC06D70B9B123E55B"
".venv\Lib\site-packages\sqlalchemy\ext\__pycache__\mutable.cpython-313.pyc","45512","B0E499574CF0E2054F6BE308F076E7AAEBE94FD91FF44CAAA292F5EDC5D1AB01"
".venv\Lib\site-packages\sqlalchemy\ext\__pycache__\orderinglist.cpython-313.pyc","17794","23D0C761E343A250DF1A8D565DBD36AB96E4085057AC3D346493B4D974A65354"
".venv\Lib\site-packages\sqlalchemy\ext\__pycache__\serializer.cpython-313.pyc","8289","F6840FACB2B9A8F46A66E00185DF0AF983FC39422073F7D45D6CB8A423178A5D"
".venv\Lib\site-packages\sqlalchemy\future\__init__.py","528","6D1324E086F4E660B10C165F267853664DB8D6B44A8013B50B944430A9F20F83"
".venv\Lib\site-packages\sqlalchemy\future\engine.py","510","00139FE5331D18157536BF01C05B6DB20D79BA6226599E253149D22A7402737A"
".venv\Lib\site-packages\sqlalchemy\future\__pycache__\__init__.cpython-313.pyc","452","BE20BC5E537AC19D2421338E3C75F86AF77B67C1114E830FEA89DE3FFE504CB1"
".venv\Lib\site-packages\sqlalchemy\future\__pycache__\engine.cpython-313.pyc","385","3B19CB2CD8997FC983B4C151F1F9AFC13DDEDC82164BDE29785694160BE936C3"
".venv\Lib\site-packages\sqlalchemy\orm\__init__.py","8699","170F09F57977D53A00610141EBAE4C61EFB7322F60B687DE7D0514A01D597EF7"
".venv\Lib\site-packages\sqlalchemy\orm\_orm_constructors.py","108261","A0A1E6420CE498DC7CF0C6047E4022B3B744CB97D8E6A405F8002E65F3B47D4B"
".venv\Lib\site-packages\sqlalchemy\orm\_typing.py","5152","9BD08F2BB9A67FB5B9E358265F2028940F29EBD9A9A435A351A808F664184B4B"
".venv\Lib\site-packages\sqlalchemy\orm\attributes.py","95962","23D21A05362622AEF8630EDC119F9EE43F73BC621145987F1F2C5EE1DC70E9A0"
".venv\Lib\site-packages\sqlalchemy\orm\base.py","28472","D2F8DCF2EF16F0FB0045435F3457FB877603E9076A204A9A042CABF480CCEDE3"
".venv\Lib\site-packages\sqlalchemy\orm\bulk_persistence.py","75119","E4FFD33C27570204FE228D0DF5D50C091FDB5AF9953F50BBB15870E8B9057859"
".venv\Lib\site-packages\sqlalchemy\orm\clsregistry.py","18523","E061BB869A802C375259E5E4E8FB7E9C8A2E6A40118712A3EBAD17BBA95A21A1"
".venv\Lib\site-packages\sqlalchemy\orm\collections.py","53908","1C139355683617D53FA39C9D210AD723C35261404292E4761969978BCAEB702C"
".venv\Lib\site-packages\sqlalchemy\orm\context.py","118416","84F8F933759EBDB66553B4A87357FFFD591CE468D6BF29D10996D15EDE9CBA12"
".venv\Lib\site-packages\sqlalchemy\orm\decl_api.py","69846","75488BE85898F99A51F92ECB2D0A1FBD2DAE772119B9CC1E71E15CAE1D03BB98"
".venv\Lib\site-packages\sqlalchemy\orm\decl_base.py","85708","65BBC90E14182993D3F4F34ED425A98633E3D5710A2E7912BDD8D40AD5E48B01"
".venv\Lib\site-packages\sqlalchemy\orm\dependency.py","48921","22FE789D34C0D5462A0D87FB4DF22ED4CE4A7DAF402700F08A89DD2F3C32C835"
".venv\Lib\site-packages\sqlalchemy\orm\descriptor_props.py","38887","DC46DABDE560FFD038C3EF987BA11C317EDC173114808BDC866E018552C5C1CB"
".venv\Lib\site-packages\sqlalchemy\orm\dynamic.py","10116","6D8EA46B590A581F6CF3F3858023EB98F4792BE5133856A2E57040C5C470775F"
".venv\Lib\site-packages\sqlalchemy\orm\evaluator.py","12732","CCE3FEF2A6AA23D3D9EEFF770444AFE522BDD44C0383834E7B61BDCFEFB8968F"
".venv\Lib\site-packages\sqlalchemy\orm\events.py","130483","04080810A4203F3C6D361899FBC49B2C3BCC3E9B6CE1301DCC2DFE350E702122"
".venv\Lib\site-packages\sqlalchemy\orm\exc.py","7873","1A236DAE21FDB96662D2E436ECA9AE18CFFCDC05D9DDF02E86063B294C0BCAE1"
".venv\Lib\site-packages\sqlalchemy\orm\identity.py","9551","3DE3BDC2C77BA26111182D869A25207021E6A68B422546D9DCEDA0DB72469CC1"
".venv\Lib\site-packages\sqlalchemy\orm\instrumentation.py","25075","C1C4D79114EDCBF0E31747A6D83E43661AA0771642D5585C9C04A2675644DFAC"
".venv\Lib\site-packages\sqlalchemy\orm\interfaces.py","50568","964B2995122AB13B8E94F2DDAA4C4EC8A7BB6C7131849678C6D640CD3285D2C1"
".venv\Lib\site-packages\sqlalchemy\orm\loading.py","60174","B713E991673B14C0F8D08827725609F6593CFB322A8E1A9730C6AFA1BC87A31C"
".venv\Lib\site-packages\sqlalchemy\orm\mapped_collection.py","20291","3FFCD811EA1689799E31A9468CCAF3409E499DA006D3195DD026F112A2B4AF21"
".venv\Lib\site-packages\sqlalchemy\orm\mapper.py","176597","B84000E95737DB979AA2929EDE6043113ED6DE4BA09C84E9C74A7A9BBE7FE920"
".venv\Lib\site-packages\sqlalchemy\orm\path_registry.py","26723","65DA331D43921766DC6335EB5E0F976B42E64AB1507A85A76FA699E322DDB499"
".venv\Lib\site-packages\sqlalchemy\orm\persistence.py","63600","9E17383EE8924B3251DEAFC0D4C8DD619FAF8DCADE19E2CACDEA683C32073AEA"
".venv\Lib\site-packages\sqlalchemy\orm\properties.py","32168","1CFF6BEA706607A462FBD258847DE7E17D746F5B8B0887F713D366440A05A9FB"
".venv\Lib\site-packages\sqlalchemy\orm\query.py","122317","D21C3C47D6D12FB617FD9804920CD73ED3FC71DB5A55D30748EE0784F8071388"
".venv\Lib\site-packages\sqlalchemy\orm\relationships.py","132271","F8546447C8154686679367941AE7B2FFFB9A0006EBD371943FB6C9DC8D35CADA"
".venv\Lib\site-packages\sqlalchemy\orm\scoping.py","80272","991D50CC0361801616754F69062EA5BEA9F1483B018A98798FD6B7662E012380"
".venv\Lib\site-packages\sqlalchemy\orm\session.py","200681","8913D2A6399759D120766B0599E3E728CA9D7FE2AF47289A378995585190407A"
".venv\Lib\site-packages\sqlalchemy\orm\state_changes.py","7009","E094FD9D4695D20F77B8697A523E7272CAAC049DD88FBC803922F1E44F7A63F7"
".venv\Lib\site-packages\sqlalchemy\orm\state.py","39601","12E4288572DA1849B3E41FFFADCD8ED2DC373F8FB3C11832524E47E2D94A0035"
".venv\Lib\site-packages\sqlalchemy\orm\strategies.py","123273","BF93637362DD0FFCE7C2047EBFD9AEBB33A369CDCE5DCA8D8903AEE6CA87A129"
".venv\Lib\site-packages\sqlalchemy\orm\strategy_options.py","88195","C526787D5B5CC33678EB5A3BAD8507EE847E9F145ABF4C5A2519B933306299A4"
".venv\Lib\site-packages\sqlalchemy\orm\sync.py","5943","AC642C2863E8AF6B1A3020549EE759B19194D1329B190748A9889182CF058632"
".venv\Lib\site-packages\sqlalchemy\orm\unitofwork.py","27829","FF9AD1AA83DEAEAFCA70C71FEECAEC12577D5EE443F9F395A1D62CF35C3E7BD2"
".venv\Lib\site-packages\sqlalchemy\orm\util.py","83292","56E0838858F1F1BA3A8ECBD904D0983C54706F9C3D28375ACEB64CE2907E29F1"
".venv\Lib\site-packages\sqlalchemy\orm\writeonly.py","22971","934FA22AA78F406F78CE2778D19B0A70F10C6548D3D515820945A9AB91BBD7A7"
".venv\Lib\site-packages\sqlalchemy\orm\__pycache__\__init__.cpython-313.pyc","6378","ABC6C64CE2B7AC48DBB1E6E918E9A129A6184243FCA360C1AF6FF955495DAA5B"
".venv\Lib\site-packages\sqlalchemy\orm\__pycache__\_orm_constructors.cpython-313.pyc","101247","52413A1E4062BFEF124C126A8722E823DD3DBC0BDF33ED740F289709BDA1C9D9"
".venv\Lib\site-packages\sqlalchemy\orm\__pycache__\_typing.cpython-313.pyc","6959","B10846894193C39C121541EA81EC1EAFC752FA67B4DF45B41D241B3C60A01742"
".venv\Lib\site-packages\sqlalchemy\orm\__pycache__\attributes.cpython-313.pyc","100348","7334E5F4C399D884D4B1A0893B872555D294DC1ADA9A7E517B7F3DD0BDD3AC87"
".venv\Lib\site-packages\sqlalchemy\orm\__pycache__\base.cpython-313.pyc","30332","DE313CCE5AEF709052AE0639F6F430D6E0AB7049ED9BF7473C2BBD5882DFB7F6"
".venv\Lib\site-packages\sqlalchemy\orm\__pycache__\bulk_persistence.cpython-313.pyc","66234","58874CB07D1FD06C4056337443EC1061F199BAD31A36C62228A19F1EB7EC5114"
".venv\Lib\site-packages\sqlalchemy\orm\__pycache__\clsregistry.cpython-313.pyc","24385","8CE83465FD01D0BBF6F0A023239C798B8DE687A03284AD622B7CB017EA8F61F2"
".venv\Lib\site-packages\sqlalchemy\orm\__pycache__\collections.cpython-313.pyc","61245","64763394C0DC97E5B697A21AFD3156FA41D6509E9864745B563CCE8E869AF01D"
".venv\Lib\site-packages\sqlalchemy\orm\__pycache__\context.cpython-313.pyc","106403","993723E0B2513C9D3B9A181B84A9E4889933025BA39D89F4273DED18DC0C8B3A"
".venv\Lib\site-packages\sqlalchemy\orm\__pycache__\decl_api.cpython-313.pyc","67467","5EC18DE7114E4A8D9C8745AB0B4D7EE729EB5F6AE52598E4BBFB1183BCC3ACF3"
".venv\Lib\site-packages\sqlalchemy\orm\__pycache__\decl_base.cpython-313.pyc","71450","69E2C4C54D1891F392F327F066CB3B8C6B3C86BD9A26D3F9FFD49CCFDA58915D"
".venv\Lib\site-packages\sqlalchemy\orm\__pycache__\dependency.cpython-313.pyc","44431","D6138282595552AD6D6FC277C10B57CB9A4E3718A16419409DA4DF3C3F7B67B8"
".venv\Lib\site-packages\sqlalchemy\orm\__pycache__\descriptor_props.cpython-313.pyc","50506","8DECBBDFE8C4492C20FEC9E78E3310E8F5E6A3CE91DF23B7F142C73511843B05"
".venv\Lib\site-packages\sqlalchemy\orm\__pycache__\dynamic.cpython-313.pyc","13078","F85BD89C53A67D382F8AA5B7C16E7C06017E3583BED2AF4EF54982A89416D9F8"
".venv\Lib\site-packages\sqlalchemy\orm\__pycache__\evaluator.cpython-313.pyc","17060","811FCF69B647CE043425F87DC95D91DAECC3C16DFBA68ADBB7301CB9A1A0402E"
".venv\Lib\site-packages\sqlalchemy\orm\__pycache__\events.cpython-313.pyc","124956","BE212F1892F83E228E23FA8E55413D5C407EE7D2B42F10A6EA2FA55878310D77"
".venv\Lib\site-packages\sqlalchemy\orm\__pycache__\exc.cpython-313.pyc","10434","5DD0659DE8F0AF9B7E41A46B93B909BE9F3D318E0284A58EDAB630893F8576EC"
".venv\Lib\site-packages\sqlalchemy\orm\__pycache__\identity.cpython-313.pyc","12832","AED24F070C68CAC46978E449726E14F5A25F6EF136F0AE2B9C46DBD8215282F9"
".venv\Lib\site-packages\sqlalchemy\orm\__pycache__\instrumentation.cpython-313.pyc","31529","6E8460D8E5DBBBE88950633DFE85195B369E444B2782973780CC992933AB413E"
".venv\Lib\site-packages\sqlalchemy\orm\__pycache__\interfaces.cpython-313.pyc","53261","BB560A0318A26DB97952FB994504AB11F0B5D9AAC0C763FF7888F89BB80454B9"
".venv\Lib\site-packages\sqlalchemy\orm\__pycache__\loading.cpython-313.pyc","48723","3BAA983A639A797B71F8EFFB4EBF1730C42C70562B628F765ABFD0B66AC3C2F6"
".venv\Lib\site-packages\sqlalchemy\orm\__pycache__\mapped_collection.cpython-313.pyc","21655","59E3B8BE47779952B285B790B261BEDCE4B18CC034B6E5CBD1F7A84D69C6D048"
".venv\Lib\site-packages\sqlalchemy\orm\__pycache__\mapper.cpython-313.pyc","166889","AF86E31A13B2710F4764D8F303B45F4FE54E11CC56BD078A0DD5C586C660FD75"
".venv\Lib\site-packages\sqlalchemy\orm\__pycache__\path_registry.cpython-313.pyc","32275","11F68B3FAB307B9C6197453317C7B7551F5282B3BB254C6C8BFDACC61D3187FA"
".venv\Lib\site-packages\sqlalchemy\orm\__pycache__\persistence.cpython-313.pyc","50021","C33BE3B46DD142A22A8187F84528A04BA2DD79B62EF7E25D0B395DACE650ECF7"
".venv\Lib\site-packages\sqlalchemy\orm\__pycache__\properties.cpython-313.pyc","35096","F95A8C5488012CEAF79A4D5C39C6C01960D600448794863EE3AA3D66543AE1B2"
".venv\Lib\site-packages\sqlalchemy\orm\__pycache__\query.cpython-313.pyc","120844","F396DB30EB16FC6863D2F4E307D2C767276E5732F03A4FC5B4DF59596AFAD003"
".venv\Lib\site-packages\sqlalchemy\orm\__pycache__\relationships.cpython-313.pyc","130549","75E783686FB7358795566F9D481FEE8DDE4BD07467025759F996EE5E526DC240"
".venv\Lib\site-packages\sqlalchemy\orm\__pycache__\scoping.cpython-313.pyc","75555","D07F88B29BD972E827376BC5F8D724C82AE682CD066D7CA86E62DA72BF206D4D"
".venv\Lib\site-packages\sqlalchemy\orm\__pycache__\session.cpython-313.pyc","194880","9CF0C28674CD4A9EDF4C9B53D5053CFD6C4D328A0C14093CE6D831F54B420A46"
".venv\Lib\site-packages\sqlalchemy\orm\__pycache__\state_changes.cpython-313.pyc","7088","7151BA70A0351565FDD4C693C66E027F82C8F96C0236E135EF9CB9B92DAFF927"
".venv\Lib\site-packages\sqlalchemy\orm\__pycache__\state.cpython-313.pyc","45478","ECC0BC38659EB8C334E0B20076751D6928F04D278ADBBA2AA349CDB46E13D5B4"
".venv\Lib\site-packages\sqlalchemy\orm\__pycache__\strategies.cpython-313.pyc","108326","1CE073D0C69CB2C8673853C35A6092BEF050EE0B9D0D0E16289B2104A5855117"
".venv\Lib\site-packages\sqlalchemy\orm\__pycache__\strategy_options.cpython-313.pyc","85790","F94CBD938F8F78882F58B1080D0F8C581EC87C0E9C0EC6C69B2A6567B4B236BE"
".venv\Lib\site-packages\sqlalchemy\orm\__pycache__\sync.cpython-313.pyc","6559","D696DCF488CC04C7E74A6DCCF863E84A297F7F609621F747840DC7124BDF6851"
".venv\Lib\site-packages\sqlalchemy\orm\__pycache__\unitofwork.cpython-313.pyc","35024","DF234852BDAE74908C968C6B92E878E89E49FE8FB0BD62D0BF3732E5FEF8B718"
".venv\Lib\site-packages\sqlalchemy\orm\__pycache__\util.cpython-313.pyc","85890","C111DA417BF437817A8112073B21B145A9D519EAE2C4E55F505A10A63FAFE685"
".venv\Lib\site-packages\sqlalchemy\orm\__pycache__\writeonly.cpython-313.pyc","28936","7FAD4A9645E5FD70AD9E9FEBF91EE7C83714ACD689ED3E46114E6B4F69F7ED4E"
".venv\Lib\site-packages\sqlalchemy\pool\__init__.py","1848","56A968ADA41A3F6CADD8C31F7348493B9D6C33B2AE1C41F2029B83BE1D854442"
".venv\Lib\site-packages\sqlalchemy\pool\base.py","53899","07E2998FD0C73C85A89B150B7F4842A3BE25D3E26E8B3C7AF0CB9202B2EDBB48"
".venv\Lib\site-packages\sqlalchemy\pool\events.py","13521","C6598D6420842A6B4F477777713DE843E0EA6EEA6136BEDA84F939395D994D84"
".venv\Lib\site-packages\sqlalchemy\pool\impl.py","19894","BCFE5D7AAA1EEB90A17A7794A9B991AC01253888FA2A7FB5B63EBB7D2B853E90"
".venv\Lib\site-packages\sqlalchemy\pool\__pycache__\__init__.cpython-313.pyc","1503","673E53885D7142D5F7CB748FC9D1F271C78799137D5A4F918D37ABF42C014099"
".venv\Lib\site-packages\sqlalchemy\pool\__pycache__\base.cpython-313.pyc","56206","B53532B7E0EF8F0573C9B7092DBD1BD7971E7E07163E3E967254D701AE751B6C"
".venv\Lib\site-packages\sqlalchemy\pool\__pycache__\events.cpython-313.pyc","13308","17D783D66FEEDC94B25FE045D9E8C4AF470B0EFF91DFED2368A98F4C5E21174E"
".venv\Lib\site-packages\sqlalchemy\pool\__pycache__\impl.cpython-313.pyc","26280","0F38D829FDF5179CD366E703011D976AF798426918D08185B1F59C9B2325F6D5"
".venv\Lib\site-packages\sqlalchemy\sql\__init__.py","5965","F3EDA95B83ECB0570E339D1B5BCBB76E6B15123100EB349B388FEF89386E2E1B"
".venv\Lib\site-packages\sqlalchemy\sql\_dml_constructors.py","3927","D3215CFEB32F9D2BA3EDB2011F9E08C987D63364042A624180AAF250844ACBE3"
".venv\Lib\site-packages\sqlalchemy\sql\_elements_constructors.py","64968","BAC4FCD6B7C99C4E185B2437FA5EAF2F5DD34824F053B5A3596A5221C54EEAF4"
".venv\Lib\site-packages\sqlalchemy\sql\_orm_types.py","645","2D1420181881F8F7A3AA39EEE7B40A7A3E9B8CB05F16CBFC34929A203100AD67"
".venv\Lib\site-packages\sqlalchemy\sql\_py_util.py","2248","5944F9308A680FA5C1C8343D33F02B3F271651D64EE0F560DEA29339F4E448AB"
".venv\Lib\site-packages\sqlalchemy\sql\_selectable_constructors.py","22985","CA76D98414232BB1705997AD343B31CA8F8A43E2653422FD101F6C21FE161A9F"
".venv\Lib\site-packages\sqlalchemy\sql\_typing.py","13885","3E393421B383241E08BAE536E71E9C7E97D14C1A4E9FD5094F992EAE8FE90DF5"
".venv\Lib\site-packages\sqlalchemy\sql\annotation.py","18942","EB450CF53E0491A767123B66EB590B5EED1D931B871EE812704B75B58527C249"
".venv\Lib\site-packages\sqlalchemy\sql\base.py","78086","9044132D1C0926AA7D574690D13B6327B162495B9B5649FE149CAE96DEBBD397"
".venv\Lib\site-packages\sqlalchemy\sql\cache_key.py","34710","0F3326FE6F53D17677E1B04983D6252E07139B9682F600B9EE58B5FD5C4A1C38"
".venv\Lib\site-packages\sqlalchemy\sql\coercions.py","42186","997BB1FE02127DD35B74984365FFA49C45758DD98F042DC64EBE2007E5BFD769"
".venv\Lib\site-packages\sqlalchemy\sql\compiler.py","292191","930FB70ACD64345C9DCA1A11F1C4CFC85E09E54D8C43FD040AEF14411CD3133C"
".venv\Lib\site-packages\sqlalchemy\sql\crud.py","61210","3490401CEEF189EDFDB02EDA6CAC4C997B32C53EC73CE935E1E06010E56CA4E3"
".venv\Lib\site-packages\sqlalchemy\sql\ddl.py","49437","AAC546EBC5B7E3C3362170985F20A47EA0CD9BC8FFB4046E073DE2CED82CCF64"
".venv\Lib\site-packages\sqlalchemy\sql\default_comparator.py","17257","38D5A9712E1A3D6C1B205F4E27A14265380D248C6981968E1A5DA2F0403B7305"
".venv\Lib\site-packages\sqlalchemy\sql\dml.py","68423","E77BDE764AB5732EE31CB5FD6CEE58156D8664788973F976FC081735A8DC9D76"
".venv\Lib\site-packages\sqlalchemy\sql\elements.py","185234","5F047837910B8DDAE8EFA16F2CC0DB04AE24A46B4B329326FD597E13D947B756"
".venv\Lib\site-packages\sqlalchemy\sql\events.py","18770","57F3C562355194E09C4D976019A2A44114AD685EDA2DF88B5090FDE78AA31B42"
".venv\Lib\site-packages\sqlalchemy\sql\expression.py","7742","20EC84DEC8E6A648440D5FF52F31FC1398C0235696A100A31508DC495AEFD269"
".venv\Lib\site-packages\sqlalchemy\sql\functions.py","67874","EEC3FE8C42B5C3E37F5DCE512D273527EB8D0CDBD184A5B3ED694BF599C9AF0A"
".venv\Lib\site-packages\sqlalchemy\sql\lambdas.py","50843","972046324991AC6E31DE560F8D9D3E3754467879996B8793868805F67BF65E7D"
".venv\Lib\site-packages\sqlalchemy\sql\naming.py","7064","C4BAA443BF43A44236050F829C6542B63C4CAE574D97E7D99B850755A51311BC"
".venv\Lib\site-packages\sqlalchemy\sql\operators.py","79415","8650DD84A5D8D669163C18C4BA63C5E030E5E0F0BD7644A0F18AA07463D614F6"
".venv\Lib\site-packages\sqlalchemy\sql\roles.py","7985","1840C7E79C46F37FC4B848A85B95DC2B07DDCA5A17E7C72ED159EB0071ECAE89"
".venv\Lib\site-packages\sqlalchemy\sql\schema.py","236777","3E14A1172D59197B8E153744D1C55BB2F933C40B82BAEFF387B102FDCCB512FC"
".venv\Lib\site-packages\sqlalchemy\sql\selectable.py","251632","872434F74137A41D68112C6D9E3C4E0F845ED532E8169FD284C611A10E782D58"
".venv\Lib\site-packages\sqlalchemy\sql\sqltypes.py","136089","6F0CDD21D1BF445A58B3F4F6A16393A279EC7C38AC59ADAA734205C2302EA06F"
".venv\Lib\site-packages\sqlalchemy\sql\traversals.py","34688","D7906394BB315A6EFE4BF6423AD9C0C9BA36C7DDFC107ED38436CD504DE92DC1"
".venv\Lib\site-packages\sqlalchemy\sql\type_api.py","87793","ACB251896D63B8451229463CFB157CC81873391DC34F5B219789F84C3D14783C"
".venv\Lib\site-packages\sqlalchemy\sql\util.py","49595","13A20454C263DD763964CFC902B780EB49EB7F814A85381486F9C18C75AE32BC"
".venv\Lib\site-packages\sqlalchemy\sql\visitors.py","37480","BAC8C4EC8778445FA59E010B6C83354D12FF475C60E48F4991F817D3DED62BFA"
".venv\Lib\site-packages\sqlalchemy\sql\__pycache__\__init__.cpython-313.pyc","4662","F9B67E3C0235178DEF9C190727882360FF1B676C4586105564C58BCA3D38AC07"
".venv\Lib\site-packages\sqlalchemy\sql\__pycache__\_dml_constructors.cpython-313.pyc","3744","61B8A86E9A85ABB28CDC6FF708845E6098AF1A190662A7D509C3A87008BA889C"
".venv\Lib\site-packages\sqlalchemy\sql\__pycache__\_elements_constructors.cpython-313.pyc","61486","C43CFCE29D6AD787D482265EF1991BF90D74689B8BF051D80FB5A965736F1313"
".venv\Lib\site-packages\sqlalchemy\sql\__pycache__\_orm_types.cpython-313.pyc","616","4AF22DB9EEACD7FA8725D2D118F93A233975EB8E322B91E83FED9AFF22B85D0B"
".venv\Lib\site-packages\sqlalchemy\sql\__pycache__\_py_util.cpython-313.pyc","2991","1DA537D353038F876D0A9DAA482A0416415315B2A8F8621816623AD5BEF3F0B9"
".venv\Lib\site-packages\sqlalchemy\sql\__pycache__\_selectable_constructors.cpython-313.pyc","24147","CCC336B86CC561AD7AB05C3E2626244F376B16FD85BF4DC6B466C04ACFD7570F"
".venv\Lib\site-packages\sqlalchemy\sql\__pycache__\_typing.cpython-313.pyc","15204","A16162422B155D6DB4950FB7630BD23264BF21042F79A446B4E8EA1AAD49F4A5"
".venv\Lib\site-packages\sqlalchemy\sql\__pycache__\annotation.cpython-313.pyc","21481","6A96BA32E832523EC0CF0F7B01CF40A413DAF4109D2873CFA3B476275ADE2DD9"
".venv\Lib\site-packages\sqlalchemy\sql\__pycache__\base.cpython-313.pyc","99114","6A96ACC3A16EC218C4D9B0A412E5525A375EDFB22FC850701EBCF19F34782CF6"
".venv\Lib\site-packages\sqlalchemy\sql\__pycache__\cache_key.cpython-313.pyc","35900","45BDF6CC5CC750BF0E64AC24327AFF1A9542B31CD9EED2BDAA156C1A83A27B7F"
".venv\Lib\site-packages\sqlalchemy\sql\__pycache__\coercions.cpython-313.pyc","51281","E94A759024D743A03B854BB225ACE53FFD3B3D08057D8A1940122EA605BEA947"
".venv\Lib\site-packages\sqlalchemy\sql\__pycache__\compiler.cpython-313.pyc","285190","3D2313ADEDE86D8721940039C0D3F81763D467A40F368357DB14FD9B4C022349"
".venv\Lib\site-packages\sqlalchemy\sql\__pycache__\crud.cpython-313.pyc","50158","58B7FCBA48131422A396A6E5F77DF2E4C95187B913041D2E3B8B0BDBB46B91B9"
".venv\Lib\site-packages\sqlalchemy\sql\__pycache__\ddl.cpython-313.pyc","58156","55ED8972C05C83C815B3447EB4A65E7798964F100D34AA5A6729145A66640281"
".venv\Lib\site-packages\sqlalchemy\sql\__pycache__\default_comparator.cpython-313.pyc","19410","3E4F9903F8FAD39A459D00F9859D25AE3F38B948AE779BCBA0C714A05CDD5432"
".venv\Lib\site-packages\sqlalchemy\sql\__pycache__\dml.cpython-313.pyc","71467","43D745459B31ED1FC5E0147A2D68FA2753E751270C645D705FE7FF640ADDCB12"
".venv\Lib\site-packages\sqlalchemy\sql\__pycache__\elements.cpython-313.pyc","212633","F4FD4A88526A0F902AD4E288F9CDDD4FC70A29063DC733DA1759E46D7E224B2B"
".venv\Lib\site-packages\sqlalchemy\sql\__pycache__\events.cpython-313.pyc","17391","C314ED96EF2E86BB4AEF741E120A60A5654CCA84078669A12D6DF3BAA9BF9A46"
".venv\Lib\site-packages\sqlalchemy\sql\__pycache__\expression.cpython-313.pyc","5136","1C37EAA7C20133EF7D21ECEEBEB39F447B8BA6D3FCC4EBEBB9C88028B536276C"
".venv\Lib\site-packages\sqlalchemy\sql\__pycache__\functions.cpython-313.pyc","76290","4F2B08DBF4ADF9D0CF5435F96D50343E86DB54234CD0C8197E88E62D61254785"
".venv\Lib\site-packages\sqlalchemy\sql\__pycache__\lambdas.cpython-313.pyc","54975","EC6B039C63FE7DFC85025DD7C11EFB834353D0F59A8F2CBBB722880F364E5ED2"
".venv\Lib\site-packages\sqlalchemy\sql\__pycache__\naming.cpython-313.pyc","8690","8313234D2A86B02710617D508F9BE840652A0791121BF6B8C2764B6CB96C56AC"
".venv\Lib\site-packages\sqlalchemy\sql\__pycache__\operators.cpython-313.pyc","84014","2B250309ADD31E9A2A8476FBF5CACFDD4E5D241282821D21D37777C2BC7BD4E8"
".venv\Lib\site-packages\sqlalchemy\sql\__pycache__\roles.cpython-313.pyc","13003","46AC7DDD8072562FB77A43FE3F8E2E5CF6ADE85C1FAECDDC187BCC278E1AE39D"
".venv\Lib\site-packages\sqlalchemy\sql\__pycache__\schema.cpython-313.pyc","236894","75C3F991825A9FA846F8D0599A984C089B5B75087620207E034F6104179DC653"
".venv\Lib\site-packages\sqlalchemy\sql\__pycache__\selectable.cpython-313.pyc","254072","6DF0E63C6A0CF9BA750750B1BE55396E641B92C6728F9744E35F52278012E176"
".venv\Lib\site-packages\sqlalchemy\sql\__pycache__\sqltypes.cpython-313.pyc","152438","8978B6A1108AB58F26B9AF64ACECD26B250C31D8855DC2F2100E7AF30E2D283F"
".venv\Lib\site-packages\sqlalchemy\sql\__pycache__\traversals.cpython-313.pyc","42776","870DBF4349C208C1E3C8750F75B41D7815C35FF307D366AA060385399E37F6BD"
".venv\Lib\site-packages\sqlalchemy\sql\__pycache__\type_api.cpython-313.pyc","84010","30A8390B33B4C264582C05239E4A7798169ECBB4C40D92F63170D4C2C5AFA4F2"
".venv\Lib\site-packages\sqlalchemy\sql\__pycache__\util.cpython-313.pyc","55541","F4B9D128AB00677075123547F2DD645751F3E38C26203450A58B89B1D9F2E502"
".venv\Lib\site-packages\sqlalchemy\sql\__pycache__\visitors.cpython-313.pyc","35728","4A944CB8E8100BFC29EF457C2CAD63F5DC1EDD599C2E73678F1670F98BF1D071"
".venv\Lib\site-packages\sqlalchemy\testing\__init__.py","3256","534802C2F6A253BCCF45D13113D22AA13D09AD2D8C402036D7973711EC8DD780"
".venv\Lib\site-packages\sqlalchemy\testing\assertions.py","32698","B4115003AEA2ECD6EDEF2A7575FBD7EC62FE6BBD2A1E9F98A4B69329C19D85E3"
".venv\Lib\site-packages\sqlalchemy\testing\assertsql.py","17420","827CF035B8FBE6D769A2D0FC5952D1DFEC5DFB39702258CBE9FFC9B0E1AB34F5"
".venv\Lib\site-packages\sqlalchemy\testing\asyncio.py","3965","FE051D4B0D289D758E7BB94874D199DAFBE5B0AFB3BBF2B39D0DDEC6D06BF2FE"
".venv\Lib\site-packages\sqlalchemy\testing\config.py","12804","C2254FD8205F8DE4419CC3970CBFDB3CF95639704611A5F5A4408F8E3E94A04C"
".venv\Lib\site-packages\sqlalchemy\testing\engines.py","14121","6B12DF1BA4CB450CD83603AAC0A8BF866903BEE29883291C34B55630CBAEDAA0"
".venv\Lib\site-packages\sqlalchemy\testing\entities.py","3471","25FAE48ED012FC958A18BFB2C98B4E922C84AEEE32AC5053FF881899AF8296AA"
".venv\Lib\site-packages\sqlalchemy\testing\exclusions.py","14180","643E3C274322F5659BF11DC9F7A06A5C72E8C27FC00B164712BEC62CDD2AAA7D"
".venv\Lib\site-packages\sqlalchemy\testing\pickleable.py","2988","B04E5A6D71BAB2301B43AEED86485DE393E2B2E2706A5112496488E198EC9FAE"
".venv\Lib\site-packages\sqlalchemy\testing\profiling.py","10564","53E66543E5C717D1D4678B91352A8C0857C72F6DDA8445D28AAA110244C73686"
".venv\Lib\site-packages\sqlalchemy\testing\provision.py","18070","CD5F460C3762AB99B3CA6C3E35586B28E023B460BAC0CFFDB680EBFD34104E73"
".venv\Lib\site-packages\sqlalchemy\testing\requirements.py","58268","EC3E311B2134B0E57819ADD6F4874A47C1A7671CBA149B6B0882B277609D06C3"
".venv\Lib\site-packages\sqlalchemy\testing\schema.py","5558","902F47ACCB1C7B98028627B2D48618AFABA7C5D034C5E3F779FA7874F8493A56"
".venv\Lib\site-packages\sqlalchemy\testing\util.py","15061","80E51265AD61A58E4A9E4B89F97DD36AB436548CA211F3AF9F07E3CDDC30F521"
".venv\Lib\site-packages\sqlalchemy\testing\warnings.py","1598","982F222B4617BAE628E9FA667D8A2917A549A1AD76A3BFE0B206C42AE9CF610E"
".venv\Lib\site-packages\sqlalchemy\testing\fixtures\__init__.py","1226","00AB6DA2B05289A6308379BF711D9327344580DD5824C89372D87F19F1E7D4AF"
".venv\Lib\site-packages\sqlalchemy\testing\fixtures\base.py","12561","9AC62862456AD08E33932E8F3962E23BA41887661F40C6A05AAC8BEF3443D6FF"
".venv\Lib\site-packages\sqlalchemy\testing\fixtures\mypy.py","13087","D876AEC2420E22F15698EEA382AE3838927FD7B7F6D43256BC1CF3ADA33C6899"
".venv\Lib\site-packages\sqlalchemy\testing\fixtures\orm.py","6322","8185112FED6474D66C0CFDADAB8F176E6E4BB190384D2478AD2B59172E7D5146"
".venv\Lib\site-packages\sqlalchemy\testing\fixtures\sql.py","15556","BD7B8417F59DC888D695F10CAD2ACA13F1184720C22764C8F766125BE655BF68"
".venv\Lib\site-packages\sqlalchemy\testing\fixtures\__pycache__\__init__.cpython-313.pyc","901","8EAF2D405D2652C4CC4AFF523E1C98507002DC9744557A1DED33C95D7798C7BB"
".venv\Lib\site-packages\sqlalchemy\testing\fixtures\__pycache__\base.cpython-313.pyc","13936","3450B3C0BA77F3B95CCD7E259613DFF1ED4954635ECB8B24B3DCF07DA52E3842"
".venv\Lib\site-packages\sqlalchemy\testing\fixtures\__pycache__\mypy.cpython-313.pyc","13840","D48043D71222FC72CBC4BA43FDEE48C264F040E55C72B0297F492CC8944775D8"
".venv\Lib\site-packages\sqlalchemy\testing\fixtures\__pycache__\orm.cpython-313.pyc","11693","E628463E583B047D1355B5107D52FD45D1D629F393B948691374AA48AAD34640"
".venv\Lib\site-packages\sqlalchemy\testing\fixtures\__pycache__\sql.cpython-313.pyc","21587","1E93DB8DCC7B285766A9FAEF7AEB35C1095B05376FBC46BB1CCC395D9E7D53F1"
".venv\Lib\site-packages\sqlalchemy\testing\plugin\__init__.py","253","706D9CE318B25BA08BF61C1D05744A0B5BF4FD211C91C6595B9ADF6A53CF5826"
".venv\Lib\site-packages\sqlalchemy\testing\plugin\bootstrap.py","1736","93366F36A800112F10D98D12710D4260A0594F62466A84E96D750BD2A9FF5C98"
".venv\Lib\site-packages\sqlalchemy\testing\plugin\plugin_base.py","23929","86DBADFB838FD9AE270E9F4EE89617C48E6A77FE195F64523F4E09645222C2D7"
".venv\Lib\site-packages\sqlalchemy\testing\plugin\pytestplugin.py","29420","7BE2B8C49C3C5AF95B9005966D0EA7389C65A4744A3C1F648040C286563D26CB"
".venv\Lib\site-packages\sqlalchemy\testing\plugin\__pycache__\__init__.cpython-313.pyc","190","4D07917E92827466AB6A47C567350D6D38966A371CF88B09A36A39F23999147B"
".venv\Lib\site-packages\sqlalchemy\testing\plugin\__pycache__\bootstrap.cpython-313.pyc","2143","C909BAA9BE0ECFCB2669C6EC7E6F85AD3A6384EE7AD282D951CC2B5D7EE66493"
".venv\Lib\site-packages\sqlalchemy\testing\plugin\__pycache__\plugin_base.cpython-313.pyc","29631","135480BE1D8D4038506B71DC2463BE63F6CB899C24A909DCDA6F19185C24A531"
".venv\Lib\site-packages\sqlalchemy\testing\plugin\__pycache__\pytestplugin.cpython-313.pyc","34521","9B935FBA42746CE57F7429E1DA5246FDC7F87F5FC694A20A9AD5ED5268561594"
".venv\Lib\site-packages\sqlalchemy\testing\suite\__init__.py","741","C3E9B5D2315BAB9A4483D6B553144EE3A98FB5F7B94817AEC8657EC8721BBA5B"
".venv\Lib\site-packages\sqlalchemy\testing\suite\test_cte.py","7513","6D170F22992E55D9445BA705A65DBA37D09D6FA2D47C14D7F742E4926F737BED"
".venv\Lib\site-packages\sqlalchemy\testing\suite\test_ddl.py","12448","6B937962FAFD27B34F74E6C6D31BC62B5394DEBF29DAF96340F30F06750AE42B"
".venv\Lib\site-packages\sqlalchemy\testing\suite\test_deprecations.py","5490","0E1CF078D9F8CBC33A6479D012C3B5EF3D27B591E90103FD54F933FCA297F094"
".venv\Lib\site-packages\sqlalchemy\testing\suite\test_dialect.py","24991","1EE2C427922AFAD052C56C05F622C647B7AA6D48D300956159EBD454C898921C"
".venv\Lib\site-packages\sqlalchemy\testing\suite\test_insert.py","19454","F6B805A25E85DEF47E81B2C347F07B76C3CCE8E26F07A6CEFFABDEA224767230"
".venv\Lib\site-packages\sqlalchemy\testing\suite\test_reflection.py","123619","3D4DB8F41452D23F880A1F27BEECAF8F56C1906E34FA89A4B636E51B54B6D36E"
".venv\Lib\site-packages\sqlalchemy\testing\suite\test_results.py","17546","F57D968504E4B259B4950B0C68FCE23E4362F9D581A3E3A1B392BB42B8502A9F"
".venv\Lib\site-packages\sqlalchemy\testing\suite\test_rowcount.py","8158","D1C8D6352E02B1F666049BA49FCF0AB488BA0BE29523277AE2C870C2483D39CE"
".venv\Lib\site-packages\sqlalchemy\testing\suite\test_select.py","64264","890903E232A18FF12D81120F5C33C67006D415F8D754D2E64950E1D8D4E6A593"
".venv\Lib\site-packages\sqlalchemy\testing\suite\test_sequence.py","10296","E13939C64A1321F77E0CF35A0712B3D81C7D123D73B70D642C5C8C0C24ED1B66"
".venv\Lib\site-packages\sqlalchemy\testing\suite\test_types.py","70206","6805D38D62623F3C82F677C2CD833C23D42F75A0BE5A539B992168920077C6CE"
".venv\Lib\site-packages\sqlalchemy\testing\suite\test_unicode_ddl.py","6330","665BEEE25E7BE1C4537CC617A0479CF802E0210B9C62918B417BE08ADCA8E117"
".venv\Lib\site-packages\sqlalchemy\testing\suite\test_update_delete.py","4147","65999422FBAAE7D4430C0D8C0034237DAB3C9185E91D61A75CBC706C3A38ED4F"
".venv\Lib\site-packages\sqlalchemy\testing\suite\__pycache__\__init__.cpython-313.pyc","557","44D3480ECAE5A04092ED8143C15658E557B9AD425399BA41D5B93AA65A0F3A6D"
".venv\Lib\site-packages\sqlalchemy\testing\suite\__pycache__\test_cte.cpython-313.pyc","11114","E1F72D4FF5B9CC62905B77493496692F5CAE379DCD083CD19D86183C3BA8CA89"
".venv\Lib\site-packages\sqlalchemy\testing\suite\__pycache__\test_ddl.cpython-313.pyc","18770","BA4E0E423A5C786C6C0BB442FF290F7CD5F02C2D4F0E1294322FB2C7810FE5E0"
".venv\Lib\site-packages\sqlalchemy\testing\suite\__pycache__\test_deprecations.cpython-313.pyc","9072","C86CA4577BC617F30ED1254AB6F70D7DA886990EB48AF24C8590A6466BF57148"
".venv\Lib\site-packages\sqlalchemy\testing\suite\__pycache__\test_dialect.cpython-313.pyc","36685","BF16B82727ED48EADE28AC7E54841CDF5718B228EA1D2E229EAFDE57779AC4D6"
".venv\Lib\site-packages\sqlalchemy\testing\suite\__pycache__\test_insert.cpython-313.pyc","25245","5D90999E2A4309BCC92A630DC2D55845CB46C38945316427FE93654CAE08030B"
".venv\Lib\site-packages\sqlalchemy\testing\suite\__pycache__\test_reflection.cpython-313.pyc","155889","96091E6F611A42D5FF9EB9C7EA8BB2D4061D5BA9724310E5ADC195F51E6AC9F8"
".venv\Lib\site-packages\sqlalchemy\testing\suite\__pycache__\test_results.cpython-313.pyc","25534","5BE81FD14B2BC22C5568625F9FEC063C6C063DBD89A37CB9727394761DCA6051"
".venv\Lib\site-packages\sqlalchemy\testing\suite\__pycache__\test_rowcount.cpython-313.pyc","10409","AF8E9D6930B59699DED0629C49D59291DC0B8719DFFFCB498711A1E65C9DB3EE"
".venv\Lib\site-packages\sqlalchemy\testing\suite\__pycache__\test_select.cpython-313.pyc","114900","A6F0261E5D8423E2E8DFB280E3AB8564A5155C9EAAF33625E5588CA0F6B06B65"
".venv\Lib\site-packages\sqlalchemy\testing\suite\__pycache__\test_sequence.cpython-313.pyc","14947","2002730FB688475F2333E3907AF9E1ECD3AC54506B049921042969B40FFD257F"
".venv\Lib\site-packages\sqlalchemy\testing\suite\__pycache__\test_types.cpython-313.pyc","99768","CB05C8CB9A616D6B11E15D2C572D7AB4741ADCAED241894553B6663F0B668D4E"
".venv\Lib\site-packages\sqlalchemy\testing\suite\__pycache__\test_unicode_ddl.cpython-313.pyc","7600","4CE85AECB52AD407421F61F1322EE733A15442EC4681B192A9C7538A86D8EE79"
".venv\Lib\site-packages\sqlalchemy\testing\suite\__pycache__\test_update_delete.cpython-313.pyc","7610","DDDAC9FCBCA9F76E78E9825003B6E329A97FD5852A313F330F73637B2FC30539"
".venv\Lib\site-packages\sqlalchemy\testing\__pycache__\__init__.cpython-313.pyc","3320","9F852DB37F3D28FB6DA0AC1853B39CEBFA4CF61D02424A333B54141A2216D361"
".venv\Lib\site-packages\sqlalchemy\testing\__pycache__\assertions.cpython-313.pyc","43378","16586D6E312254A812CB9A377ECA397AD996FAEAE3DA57373C4510FEE47607D9"
".venv\Lib\site-packages\sqlalchemy\testing\__pycache__\assertsql.cpython-313.pyc","21175","05D0B8DED246379595CE41306A154F08319D25D8BBCDFF2E829ED5C53C581B9E"
".venv\Lib\site-packages\sqlalchemy\testing\__pycache__\asyncio.cpython-313.pyc","4112","C6F7C52EAA9B49402B2C71BA48ACFCC5537F88D7F78A04EB73092C2EBD6529E2"
".venv\Lib\site-packages\sqlalchemy\testing\__pycache__\config.cpython-313.pyc","18205","E189650A785BA48389D194F235F026383DB3654C0AEF6284B290398D8DB00A83"
".venv\Lib\site-packages\sqlalchemy\testing\__pycache__\engines.cpython-313.pyc","21793","F826B930C4C042167FE62F32C64E1ED78355C9C8C96615CFA959424DE63BE557"
".venv\Lib\site-packages\sqlalchemy\testing\__pycache__\entities.cpython-313.pyc","5210","C1FD723F321737BDAB27A6558287011E323BB3AF51D2A21DF0F857CDF1853E9C"
".venv\Lib\site-packages\sqlalchemy\testing\__pycache__\exclusions.cpython-313.pyc","24236","100609C6532FA8293C085004024577D1BD7680B5AF836C65D615028146DD9F7F"
".venv\Lib\site-packages\sqlalchemy\testing\__pycache__\pickleable.cpython-313.pyc","7147","BAC21F166E94541C58A3F82EFB8BDA3B1F6678C67443E12C172EA90A94153726"
".venv\Lib\site-packages\sqlalchemy\testing\__pycache__\profiling.cpython-313.pyc","13388","3A5BE3526D7940A1A3F627BC114C4BE630E80E703959EFA9E908B8D31544BC2E"
".venv\Lib\site-packages\sqlalchemy\testing\__pycache__\provision.cpython-313.pyc","24966","2D58F2FE1D042F542C20884B45F63D6315C86EACB3B595D4AA15CA85B14EF0A5"
".venv\Lib\site-packages\sqlalchemy\testing\__pycache__\requirements.cpython-313.pyc","90516","5C17F81894F915F03AD03846E30711A5CCA474F10C135E67E79A36D3BC5CF715"
".venv\Lib\site-packages\sqlalchemy\testing\__pycache__\schema.cpython-313.pyc","8459","4F2006226FF133E91E6DF19BE8B7043ED4EC8D1FE02C8606CA605CB34949CD37"
".venv\Lib\site-packages\sqlalchemy\testing\__pycache__\util.cpython-313.pyc","21869","277923D27D4079D6D203F1A1B5AF5A0794D3C761DECB7924BE2DDEA5E53BB519"
".venv\Lib\site-packages\sqlalchemy\testing\__pycache__\warnings.cpython-313.pyc","1940","5616D8D768B4DD33F784EC3F587C825507D71D8C196335E060F0177BC70CFA60"
".venv\Lib\site-packages\sqlalchemy\util\__init__.py","8568","1AA8253DF091FAA8AC9E71D10EE51E5CA3AC9A2C1ACFB0D82740CAE7BECAD003"
".venv\Lib\site-packages\sqlalchemy\util\_collections.py","20868","3137AD364764DF6F7D8E444EC42E9E10835A46EE201FA75CBC6DE65C6F21AE2B"
".venv\Lib\site-packages\sqlalchemy\util\_concurrency_py3k.py","9458","3597CAEED5E771389C785278266D9D895D73DD96AE0C1594665A9FDAA7D799C0"
".venv\Lib\site-packages\sqlalchemy\util\_has_cy.py","1287","F9ACDC8570C3A0D08F18B14A4024DAD7A0FACC2DC43B3B6F3737F68E742DC03F"
".venv\Lib\site-packages\sqlalchemy\util\_py_collections.py","17191","6DD215F3C1044B527AD5E5E1638BB2AEBAECE1417FF64E827A818BC5AEB6C950"
".venv\Lib\site-packages\sqlalchemy\util\compat.py","9489","B113FAA62A8B97002A09C0B10FE54E758E42A7F85AB712391A5BE7F05E42BF95"
".venv\Lib\site-packages\sqlalchemy\util\concurrency.py","3460","A609294BAFB8B572ECBA18908C317C77467EA348726997BE43E261E400673FBE"
".venv\Lib\site-packages\sqlalchemy\util\deprecations.py","12413","7EC6EDED15A14CE1A680AA36CD9A0561269A8379BD1CDF6BD47E2F10B15F72FE"
".venv\Lib\site-packages\sqlalchemy\util\langhelpers.py","70844","7FCD239E84BB0A06764644BA13717D54D795731DCBAAB39117BA4DC37B236881"
".venv\Lib\site-packages\sqlalchemy\util\preloaded.py","6054","BF4DDABED01646F8821D4560F7432EFE62C90A6797C9D368B4E44FA499235AC7"
".venv\Lib\site-packages\sqlalchemy\util\queue.py","10507","35EF151654B56F802B662D6C88107C1DEA940C7BBBBEABDA71B84C553E15788F"
".venv\Lib\site-packages\sqlalchemy\util\tool_support.py","6336","F08F254D8390F8410F60E770D2086FBA249F29785AA960D4AC2EFDE4D050382C"
".venv\Lib\site-packages\sqlalchemy\util\topological.py","3571","9591F7CEFC332100096254028A35FBB066DBBE8290B2C6818DB74E6BEDF6D2FE"
".venv\Lib\site-packages\sqlalchemy\util\typing.py","23227","EBFB58EC7C39CE9217EDD8AA5FFA9DADF6C1D0CE57AABE28A21089EAE9673236"
".venv\Lib\site-packages\sqlalchemy\util\__pycache__\__init__.cpython-313.pyc","5729","C1A69C089877A2F9BFB27A300E3A334507E26E703101E64BDA603AB25AFDB47A"
".venv\Lib\site-packages\sqlalchemy\util\__pycache__\_collections.cpython-313.pyc","32230","A44D4DF8ACDA9A6D1EF671F4C89234A260F65F4A93419D858EDE516FED1946C2"
".venv\Lib\site-packages\sqlalchemy\util\__pycache__\_concurrency_py3k.cpython-313.pyc","11156","D3EA11D848F69F3A43271DE471D7026E1AD40EB9D631AF8B9D592F199734D70C"
".venv\Lib\site-packages\sqlalchemy\util\__pycache__\_has_cy.cpython-313.pyc","1099","2601B579ACAD3629AE35941C3332F22D565DBDAFF26E1198F84781D11A71F52C"
".venv\Lib\site-packages\sqlalchemy\util\__pycache__\_py_collections.cpython-313.pyc","30091","D7D8D3F5F7BC7DB0B270594A0661C097D46B0B61ECCE13E8C497FF7DCFA21457"
".venv\Lib\site-packages\sqlalchemy\util\__pycache__\compat.cpython-313.pyc","13271","471AE8227CADC4145BCDF3A2944A9F850251DEA7C6CF396C5BC8D408D8190518"
".venv\Lib\site-packages\sqlalchemy\util\__pycache__\concurrency.cpython-313.pyc","4256","CC357A6DF6C4DA9B3045792E07D96A17CE0F341DE5ECFD9B0E7DE82A5EADA881"
".venv\Lib\site-packages\sqlalchemy\util\__pycache__\deprecations.cpython-313.pyc","13741","7A2308F72C0F62D1A09C19ED1FCE76B5FD12C91240E24F8C07E8B749CD06A821"
".venv\Lib\site-packages\sqlalchemy\util\__pycache__\langhelpers.cpython-313.pyc","88621","561996F5A9E1AAE30A59CCE4D738807E5E81BA71214F52589427D383B908EA48"
".venv\Lib\site-packages\sqlalchemy\util\__pycache__\preloaded.cpython-313.pyc","5889","93EE77DF23CBE6E5F0F4D557556D25FE5C81C8BC6CBCEF31EA6B30BCEE0C69D9"
".venv\Lib\site-packages\sqlalchemy\util\__pycache__\queue.cpython-313.pyc","14950","AC604BEBAF0A8D3627E802666E087561E5082598E7E4D7A1F5D7B3C2D241994B"
".venv\Lib\site-packages\sqlalchemy\util\__pycache__\tool_support.cpython-313.pyc","8893","CBA9CB63055C9387D3512F161B639751026B729EEF592568EAD0F34DE1DB1580"
".venv\Lib\site-packages\sqlalchemy\util\__pycache__\topological.cpython-313.pyc","3960","AC12CA6FE7269A895DB98497271EB571D4B5B6A3AC3138571B6637A117EC8EDC"
".venv\Lib\site-packages\sqlalchemy\util\__pycache__\typing.cpython-313.pyc","27047","ABE800F6C5E9A0A51AA4C2C5B10D1305C01CFD8B3CB74B8007AED25ACF51D19E"
".venv\Lib\site-packages\sqlalchemy\__pycache__\__init__.cpython-313.pyc","9413","BDEC4B0BA10CBBCA9973937993D4A4C7F2A30D02092624C8EADC67AC05585222"
".venv\Lib\site-packages\sqlalchemy\__pycache__\events.cpython-313.pyc","548","2758F5EBFC046AB38F1D1D5295E722EEC53C4000530516522330064886AB4896"
".venv\Lib\site-packages\sqlalchemy\__pycache__\exc.cpython-313.pyc","32074","EB3940980256714380175F743A14FC3FAB1AD80D50A3523D36CFB037BD064EE4"
".venv\Lib\site-packages\sqlalchemy\__pycache__\inspection.cpython-313.pyc","6708","156797635BECB4B90AE8EE7B722AF2443A30ABA2F3C6EA15FA88B00D95D93599"
".venv\Lib\site-packages\sqlalchemy\__pycache__\log.cpython-313.pyc","11609","0078416975DB9C882A6894E9FA694B6C3DD006B2734D5912BFD37B8582506AD6"
".venv\Lib\site-packages\sqlalchemy\__pycache__\schema.cpython-313.pyc","2363","CE3D61DACFD44C59E3DB939EFE3742DAFF252E127EB51DAC3087925A87AB16DD"
".venv\Lib\site-packages\sqlalchemy\__pycache__\types.cpython-313.pyc","2273","B95584CB10DAC8125D1F2BE029F62ED12DB6A3799A572F9CB5FB31D842C5EA27"
".venv\Lib\site-packages\sqlalchemy-2.0.45.dist-info\INSTALLER","4","CEEBAE7B8927A3227E5303CF5E0F1F7B34BB542AD7250AC03FBCDE36EC2F1508"
".venv\Lib\site-packages\sqlalchemy-2.0.45.dist-info\METADATA","9790","60EFFA8E4B2FDCCC8B8D02F031A176835AF200E666506534992CF20E25FC49A5"
".venv\Lib\site-packages\sqlalchemy-2.0.45.dist-info\RECORD","40396","44B9082066B1177D9E78E6063212B1A417F36254B69D068A9AAF4B10D386AE20"
".venv\Lib\site-packages\sqlalchemy-2.0.45.dist-info\top_level.txt","11","AE9F99801EC3F06D758AF5CE3795463E3BA94F5BE86265AA91C883B7951AC3F4"
".venv\Lib\site-packages\sqlalchemy-2.0.45.dist-info\WHEEL","101","A95D0420F9638F55C2FEFB926AD4568E7D369D9233DCDD6DF23B19CFB1C1AF65"
".venv\Lib\site-packages\sqlalchemy-2.0.45.dist-info\licenses\LICENSE","1119","11A0C411CE0A8FCF5480C786252D7F856F2FFFE3B3A3B67556C734017F3DD8AA"
".venv\Lib\site-packages\sqlmodel\__init__.py","6767","45E03C17817F57F9B758ACE1794C1397BCFEDA1D36A377FEDAEAC1057FA1B54A"
".venv\Lib\site-packages\sqlmodel\_compat.py","22886","079745C9B5579CBB444AE832EA8E1B90C2CBE0C661A561C7F783AC0E5373A965"
".venv\Lib\site-packages\sqlmodel\default.py","850","DA7DFE0DD02A6D16FDBBDCB093789C1C6EA4FF7674B55A007655B56AE20E01E7"
".venv\Lib\site-packages\sqlmodel\main.py","37761","57EC9EE6ABE3337776E347FAC857E37034DA8F9C5E7489997F9EAAD0A2665E1B"
".venv\Lib\site-packages\sqlmodel\py.typed","0","E3B0C44298FC1C149AFBF4C8996FB92427AE41E4649B934CA495991B7852B855"
".venv\Lib\site-packages\sqlmodel\ext\__init__.py","0","E3B0C44298FC1C149AFBF4C8996FB92427AE41E4649B934CA495991B7852B855"
".venv\Lib\site-packages\sqlmodel\ext\asyncio\__init__.py","0","E3B0C44298FC1C149AFBF4C8996FB92427AE41E4649B934CA495991B7852B855"
".venv\Lib\site-packages\sqlmodel\ext\asyncio\session.py","5530","F9A15E30F0D7AE5BA678D8D8DC3B9ACAAAAE7A514C7623ABBC93AA2173D19871"
".venv\Lib\site-packages\sqlmodel\ext\asyncio\__pycache__\__init__.cpython-313.pyc","185","C9DC69836E624409D399AD56627B6B1863094012EE8408C836B0A853FD2BF99D"
".venv\Lib\site-packages\sqlmodel\ext\asyncio\__pycache__\session.cpython-313.pyc","6231","3C648733D955BC80A9159140E673160FDA2555EC62D04E9CC6B8138D266ACBDE"
".venv\Lib\site-packages\sqlmodel\ext\__pycache__\__init__.cpython-313.pyc","177","A7B08D7D08032A6D70F17BA8DAC0AEBAD6CA1DA037A310F8BD3304A28F54E59A"
".venv\Lib\site-packages\sqlmodel\orm\__init__.py","0","E3B0C44298FC1C149AFBF4C8996FB92427AE41E4649B934CA495991B7852B855"
".venv\Lib\site-packages\sqlmodel\orm\session.py","5791","E414C055BF6D28AFC3CEE414077A23FE747A3DA5769DC03462827E2F83E359FD"
".venv\Lib\site-packages\sqlmodel\orm\__pycache__\__init__.cpython-313.pyc","177","0FAB3F975BB3D964DCCCB97E2CD12DF1758A8FF60B0C88A395FBD4496FE1238C"
".venv\Lib\site-packages\sqlmodel\orm\__pycache__\session.cpython-313.pyc","6347","ECE88E71034D179D12E5643BAC49EC37C8CCD30AFC411C64CF0AF550975D189A"
".venv\Lib\site-packages\sqlmodel\pool\__init__.py","67","C6F53D93F096D3D6CB40BE84B9B602D609E3D5591EB7828D1EDF914ECEE91E27"
".venv\Lib\site-packages\sqlmodel\pool\__pycache__\__init__.cpython-313.pyc","231","8A3D3FEE47B8F1C99DEA954BD184E10C44227A19D45EEA4574C8E382750E5D9B"
".venv\Lib\site-packages\sqlmodel\sql\__init__.py","0","E3B0C44298FC1C149AFBF4C8996FB92427AE41E4649B934CA495991B7852B855"
".venv\Lib\site-packages\sqlmodel\sql\_expression_select_cls.py","1546","0B002CD539DC7022B9DD674213CAA265027B1754C5C94D4E49C82BCFDF5F9CA0"
".venv\Lib\site-packages\sqlmodel\sql\_expression_select_gen.py","7004","4F7B1F9FAD9FDD32B866729C718338399D6499FA7E4627DC4E2DB7D9ECBBF10C"
".venv\Lib\site-packages\sqlmodel\sql\_expression_select_gen.py.jinja2","1556","96650D0F4E0DC25E348611F76E45E23FC1C27122BC41D9238BD68A5619E6010C"
".venv\Lib\site-packages\sqlmodel\sql\base.py","170","5597AE14B4D686E0D2AFF85E98B6D60BC7C9F267C651E795D86643E6898B4D93"
".venv\Lib\site-packages\sqlmodel\sql\expression.py","6373","E7D01A877334C3E55E6273C7AA59BF536CE441069BED818B22AE829A6E46BC5A"
".venv\Lib\site-packages\sqlmodel\sql\sqltypes.py","558","3B8C2AEE66174656DFACE64C094B85B2C9099088FA909BB90C5BCDD8972A9722"
".venv\Lib\site-packages\sqlmodel\sql\__pycache__\__init__.cpython-313.pyc","177","AE9D1FF6B0D69C583F247F3908CFBDAEE462E838A83065F4D4A6A0862519A7AC"
".venv\Lib\site-packages\sqlmodel\sql\__pycache__\_expression_select_cls.cpython-313.pyc","1994","F81B17B1A1D0010112DC53F19AE971F67E3A3228CAA3512CE170EB9FA2D0BF9D"
".venv\Lib\site-packages\sqlmodel\sql\__pycache__\_expression_select_gen.cpython-313.pyc","9141","80FD54B8A395857304BE0CEE872D313CEDC71C52C642BD62660F2E72C135D29D"
".venv\Lib\site-packages\sqlmodel\sql\__pycache__\base.cpython-313.pyc","573","BE2002634BB4E176D48894AE3AD25DF930FC989B1FB00005473033645C462457"
".venv\Lib\site-packages\sqlmodel\sql\__pycache__\expression.cpython-313.pyc","8695","E2C75733DDDA1DEB49770AC5CD460C84344BE1DEA9EB0ABDEA2E35A5B774F7E9"
".venv\Lib\site-packages\sqlmodel\sql\__pycache__\sqltypes.cpython-313.pyc","1402","7E6D8850A61C9BF528C3534A9AE3E1641125DC2E89B82943B604A7E985FF0F38"
".venv\Lib\site-packages\sqlmodel\__pycache__\__init__.cpython-313.pyc","4688","83EA28397664209B49D5D77C997F15BDE90D5EFC16B5E29DE910BD9F9F1BAC52"
".venv\Lib\site-packages\sqlmodel\__pycache__\_compat.cpython-313.pyc","23712","60C3A0049FA8610B95E652B1477F9D910F737C88AF9C82D81E0034C903C71EC5"
".venv\Lib\site-packages\sqlmodel\__pycache__\default.cpython-313.pyc","1764","DB57D0C5704B73984A9944CB44656B83E4B6B367953FE099B46DD3E7F5C306D7"
".venv\Lib\site-packages\sqlmodel\__pycache__\main.cpython-313.pyc","35903","DBB9E1187E3B9D917A621753972715CA170CE973ADDA37EBAC000AE69E008A20"
".venv\Lib\site-packages\sqlmodel-0.0.27.dist-info\entry_points.txt","34","E8E62005C2F21425207AA2E09EF332389C4F096CE0CBBB1EE2B2CF2AD3689CCB"
".venv\Lib\site-packages\sqlmodel-0.0.27.dist-info\INSTALLER","4","CEEBAE7B8927A3227E5303CF5E0F1F7B34BB542AD7250AC03FBCDE36EC2F1508"
".venv\Lib\site-packages\sqlmodel-0.0.27.dist-info\METADATA","10116","73D0701D038F5E18144B454B1B5191A0ED0DF84C6EBEDB86F2028D5410D38297"
".venv\Lib\site-packages\sqlmodel-0.0.27.dist-info\RECORD","2862","06F5D27D70680BC2E098A4033FFE080519F7F748231A24B312C9CF44EE909F85"
".venv\Lib\site-packages\sqlmodel-0.0.27.dist-info\WHEEL","90","F4FDB2811C43AD3273DE0B1A81CD19F7ABA4AF18EBF8B14118E82FDC0B8A9420"
".venv\Lib\site-packages\sqlmodel-0.0.27.dist-info\licenses\LICENSE","1086","ACC1688E23A6C281E707DCB60118F45765C9FC4330B5FA775FE25A982B9F7DF5"
".venv\Lib\site-packages\starlette\__init__.py","23","64619BFE3E673DB7A96C7C98125725F38E70C5384EF66AD3A8C7EFFD6737DC4E"
".venv\Lib\site-packages\starlette\_exception_handler.py","2205","8B370C88FD95B956C8BF04D442384C95C85C680E7BF79F916B54829F92963D33"
".venv\Lib\site-packages\starlette\_utils.py","2806","8B8E456F1D07946BFC7378CFCD997A04DBC62D217890B2996B0563AB1EAB5EBD"
".venv\Lib\site-packages\starlette\applications.py","10347","C4ADBC2C83F6519E59E1A418205A77DE495689BB6401D0CE9CB370840485A2B3"
".venv\Lib\site-packages\starlette\authentication.py","4750","BA9BCE2483F1E7F1D7A2155AA580CF9277CF02AF8FAD7CE4EE0C579085998168"
".venv\Lib\site-packages\starlette\background.py","1122","0FE5E952915181406765E035B4783330E82E6DEE8809564594E03830BD2AD53F"
".venv\Lib\site-packages\starlette\concurrency.py","1630","0FDA37F055EA66DAADF67588CDEB473CEA56F78AEEA8B4BC84DB6710811F1EFD"
".venv\Lib\site-packages\starlette\config.py","4426","195C24A34A464AEB31B901CEDF9B4BFCDB7F0292F47E65582F72221C76292D6E"
".venv\Lib\site-packages\starlette\convertors.py","2304","175AEC7B701A70DF6BB1F2674DEB839E36CDE75AFFA2E1DCDD62F26248E45FFA"
".venv\Lib\site-packages\starlette\datastructures.py","22448","DDE752330006431C7EBC1CCB948A95825BE5BD6B8C03839133CDEE59899C3030"
".venv\Lib\site-packages\starlette\endpoints.py","5099","5CE0C82B53FD9619A2FCF1F79AD08F041E0C730EF28E3509713CDB93B6015E10"
".venv\Lib\site-packages\starlette\exceptions.py","1066","B48A619596BC12C41F2B0DFEC70E49DD93751A3691E147317C92BAF40776846F"
".venv\Lib\site-packages\starlette\formparsers.py","11086","35D9797465D9B68A732548CCD38339CD8852F2C4F7DDEFF92702B64FB31DE330"
".venv\Lib\site-packages\starlette\py.typed","0","E3B0C44298FC1C149AFBF4C8996FB92427AE41E4649B934CA495991B7852B855"
".venv\Lib\site-packages\starlette\requests.py","11700","666520505C3345A05FBD1B8544621C1078A1C4DF238F7DE9C58D89DB594CADF3"
".venv\Lib\site-packages\starlette\responses.py","21431","08D72DC83A57A63EFFEF942A54FF6C7294442FFEA8FEB179DABF8F302D704B02"
".venv\Lib\site-packages\starlette\routing.py","34201","F4F940F20C780DBCEE78D9A99703F114E0546FBBB9C2B7F0F99BF361FABF281C"
".venv\Lib\site-packages\starlette\schemas.py","5168","7C10E5235603285FEB91021A96A0554343D0F7EDE034687B4FFDFD3B213BAD5D"
".venv\Lib\site-packages\starlette\staticfiles.py","8485","08351E5D168AB2AA23280AD24E28EFB0FB113D6667999744CB612A7EB193770D"
".venv\Lib\site-packages\starlette\status.py","6359","3F94B138DDDA296DEBC14A49EDCC710F7BEF1142CCA4EF9A233CC94662F0C15B"
".venv\Lib\site-packages\starlette\templating.py","8293","0FD318FA651D1B9F7D61DDD02AF16CD8AB4284DEADA37B29899DFA20CE2D2747"
".venv\Lib\site-packages\starlette\testclient.py","27850","D27B988796908B11386EE40266D08D67056A6DE1CB9B57A736687CDDB843E174"
".venv\Lib\site-packages\starlette\types.py","1041","F3BC13BB0175D37E90C51B1EDE62F9A8EB92F62E1AF7168864CA938D8FA5BEFA"
".venv\Lib\site-packages\starlette\websockets.py","8336","A61B168295DC958ADE56183EC00C945A98015894E26CD1793E2FAD3716E64056"
".venv\Lib\site-packages\starlette\middleware\__init__.py","1349","04E4673A3D27D262F5396514B353CB4EED520129AF4FC90410303A71BBA1B8FA"
".venv\Lib\site-packages\starlette\middleware\authentication.py","1800","F914B0C09D29224ACCD2FFB6229F075D5076E31B52A7B39BCD1DCE7D30BCC120"
".venv\Lib\site-packages\starlette\middleware\base.py","10333","605A9ED6B1B880878AD86A55DDB7026251AD9D6FF34CBC08A2DC2F28CB06C2FB"
".venv\Lib\site-packages\starlette\middleware\cors.py","7046","1E9D4E0450753906D81916BA85F4F306A9242473A15298EBB11AF2AC722D1C54"
".venv\Lib\site-packages\starlette\middleware\errors.py","8037","87BE937D50EB7584AFA410045A067DD55BCF6507B7BD1A4097A0A1A225C6F939"
".venv\Lib\site-packages\starlette\middleware\exceptions.py","2784","ECE812522060C074B854C9A9696970DB5B8328D0E638CCCB559AD60CB0D4A96A"
".venv\Lib\site-packages\starlette\middleware\gzip.py","5899","FED86909172D82EC34B4C33A2768839408F9BD996897D4FAEF7207B5FBDFC501"
".venv\Lib\site-packages\starlette\middleware\httpsredirect.py","848","48D4E579A6002C6A084D5EF1C1B89CE2007A55874CF1895E6BFCA4722533DF58"
".venv\Lib\site-packages\starlette\middleware\sessions.py","3572","2206644E481B3A153DB5071E415D0A8CB022369F9D2A19E0707A6EE1561A0D74"
".venv\Lib\site-packages\starlette\middleware\trustedhost.py","2219","6F22825323E07B9E19E0CCE7CAE9C3FF60EC31F25CD94B1F5786F60EEF966137"
".venv\Lib\site-packages\starlette\middleware\wsgi.py","5350","19036C64B90200235569E635A2D314B831881756192DAE68A82FFEE59DDE821D"
".venv\Lib\site-packages\starlette\middleware\__pycache__\__init__.cpython-313.pyc","2627","E08CB4A985068E6A1F5E1DAE289B4A768BFA64E17E59612FC18D1C3FAD8C3BA7"
".venv\Lib\site-packages\starlette\middleware\__pycache__\authentication.cpython-313.pyc","2943","384CECDFCA6143ABC90807BAD1982380B80F17377B0A423FCB90C5B051108CD0"
".venv\Lib\site-packages\starlette\middleware\__pycache__\base.cpython-313.pyc","12170","7805C85AB2B8B1FD3B48A1A33F11B6906F8BEA3B0689D3EE88E96A96E5B98A68"
".venv\Lib\site-packages\starlette\middleware\__pycache__\cors.cpython-313.pyc","7655","2D00F07FBD781D8A6B3CA14C7D94E9F7C9C7D82AEC9E481AFE362DF59C07003A"
".venv\Lib\site-packages\starlette\middleware\__pycache__\errors.cpython-313.pyc","10008","1ACF96EA2C4B41AD01DE959933A2C50C5427E91C3E4077FCC3EA1082F8AD3AC1"
".venv\Lib\site-packages\starlette\middleware\__pycache__\exceptions.cpython-313.pyc","4182","5EFA4C3341BE8108A53EBB19A3FF851B8981EF9E3539038F227158F399C55153"
".venv\Lib\site-packages\starlette\middleware\__pycache__\gzip.cpython-313.pyc","8933","3234F7A085A27DEEFE46E24A9341C7E97B9A419277CEC427794AA8B8140C5E86"
".venv\Lib\site-packages\starlette\middleware\__pycache__\httpsredirect.cpython-313.pyc","1798","B9293AC33529AA00BEEBC5F764849BAB1E22EB2E4B30142C078BA4B6696E3159"
".venv\Lib\site-packages\starlette\middleware\__pycache__\sessions.cpython-313.pyc","4756","DDCC10980CA6A26F7E823349FC85589C83632896B790E7783C41C92EFF98E40B"
".venv\Lib\site-packages\starlette\middleware\__pycache__\trustedhost.cpython-313.pyc","3274","DDC01FDCC4F8E543FD2573920AF7999D9DBDFD6723D53FEF1A98AF21D1275907"
".venv\Lib\site-packages\starlette\middleware\__pycache__\wsgi.cpython-313.pyc","8724","F24728614A27A9DC7A8E92AD53F87026C18D6453A53DDD556B6D7EC5B08ED036"
".venv\Lib\site-packages\starlette\__pycache__\__init__.cpython-313.pyc","201","93CF50A1F6A58119983ED8BDEF7DAECA2BD199BEAB6F62CEB5A7849C16F4DD34"
".venv\Lib\site-packages\starlette\__pycache__\_exception_handler.cpython-313.pyc","3115","AD10906F1D4B6CD38DC1967D07E871D491E654921852209F4D4E5DBB177B7D41"
".venv\Lib\site-packages\starlette\__pycache__\_utils.cpython-313.pyc","5343","36BEBC8159BA8D4B594AD6A5E36E338034A0F8A7BE11F643839C296127BAA153"
".venv\Lib\site-packages\starlette\__pycache__\applications.cpython-313.pyc","12612","60E8076FBFD4726EFC95C3BF2A5789897BC1B4327A1F0D1783B287E7241E7C3C"
".venv\Lib\site-packages\starlette\__pycache__\authentication.cpython-313.pyc","8067","3887D4A70C0D236C57E4FEA7F3381FAC1EFB73D1AEEA0318561D8D38A59526C9"
".venv\Lib\site-packages\starlette\__pycache__\background.cpython-313.pyc","2644","4A66865E26BF61CDAD09EEAB450EE493F6EBA5DC0CFFAF9C10C8D34E0971747F"
".venv\Lib\site-packages\starlette\__pycache__\concurrency.cpython-313.pyc","3248","0FF093CC2F12AD3090AA0C44815A155341619B45E2619B52303155127A9AD6BD"
".venv\Lib\site-packages\starlette\__pycache__\config.cpython-313.pyc","7665","DB9D5C3A78D1C59FE28019259D8171454779198F5DAF1C892DF708F304444F58"
".venv\Lib\site-packages\starlette\__pycache__\convertors.cpython-313.pyc","4987","861F2AC2CDC30411EF1AF43C2BBAB7F8D8336311BA5D409972996B9B5E7E1FDD"
".venv\Lib\site-packages\starlette\__pycache__\datastructures.cpython-313.pyc","40288","C4E4CD869799DA997C6476719E198547C0394161CEFC955F2B56809E484EEFE5"
".venv\Lib\site-packages\starlette\__pycache__\endpoints.cpython-313.pyc","8078","2025F17CA4CB7F676316151A8ED5918469D744A528416F7102E4D0732C89902F"
".venv\Lib\site-packages\starlette\__pycache__\exceptions.cpython-313.pyc","2495","933B8067EE92629892E7CCBDCE28F85899CB6594324545CF958B690FC37A910D"
".venv\Lib\site-packages\starlette\__pycache__\formparsers.cpython-313.pyc","14550","1180BD94088BE8DA247F5F3E99EC09DDCE5332B19BE7138202591FB2BAAB0C10"
".venv\Lib\site-packages\starlette\__pycache__\requests.cpython-313.pyc","16769","C552E9DD42C9AFD94163FBD8F87973AF8C70288D98FDCFC4C491121924F38881"
".venv\Lib\site-packages\starlette\__pycache__\responses.cpython-313.pyc","30655","ED66B1C388E0BD6F0D3AC622E26E514648B6D90DA590211BBDD5ADAE9D2AFC35"
".venv\Lib\site-packages\starlette\__pycache__\routing.cpython-313.pyc","44732","255710B623404390D0A564D53D75717687F61E06856683ECEF4DB9B760583B2E"
".venv\Lib\site-packages\starlette\__pycache__\schemas.cpython-313.pyc","7255","B68E410266CA7E8193579C67BD58F5C9530966ED64FDA8F2A31165DD6AEADBEF"
".venv\Lib\site-packages\starlette\__pycache__\staticfiles.cpython-313.pyc","11709","3933A69EF64FC299B7F00F7F17D8DC84B3BBFBFC998C0FB9E8F1D99D530F99FC"
".venv\Lib\site-packages\starlette\__pycache__\status.cpython-313.pyc","5177","D39C3F3BF4905795EE9E21905DCC58A3F02549C3830AA95C783789919C9972A8"
".venv\Lib\site-packages\starlette\__pycache__\templating.cpython-313.pyc","10095","A280A67F24D50A4BF49554CD8C1F959DF8752C4CE4C31ABA3842B38C95A7ABBF"
".venv\Lib\site-packages\starlette\__pycache__\testclient.cpython-313.pyc","33821","B8C37E950F5C49FC3238DCF029402458B7970976624B014FF96BC7DD7DA72F7F"
".venv\Lib\site-packages\starlette\__pycache__\types.cpython-313.pyc","1316","EE654A9B3D007CAB6A20E89AB7AA4D418FE84B690EB677D567E03E60463C1A8D"
".venv\Lib\site-packages\starlette\__pycache__\websockets.cpython-313.pyc","12092","1E83634FEAB898EC2659D9A68E44049D4B8FEC2F9B4BA745C580404105B266DB"
".venv\Lib\site-packages\starlette-0.50.0.dist-info\INSTALLER","4","CEEBAE7B8927A3227E5303CF5E0F1F7B34BB542AD7250AC03FBCDE36EC2F1508"
".venv\Lib\site-packages\starlette-0.50.0.dist-info\METADATA","6318","EEC127CCC200EE42F40CB04A8196F5DAB6EDA9B51FA43EE699513ADFF7F3ED48"
".venv\Lib\site-packages\starlette-0.50.0.dist-info\RECORD","5191","843140DDDF6914B19772F0E777AE015A9A2B5411DEB9D02203E0AE95B915629B"
".venv\Lib\site-packages\starlette-0.50.0.dist-info\WHEEL","87","AAD0B0A12256807936D52D4A6F88A1773236AE527564A688BAB4E3FE780E8724"
".venv\Lib\site-packages\starlette-0.50.0.dist-info\licenses\LICENSE.md","1518","DCB95677A02240243187E964F941847D19B17821CF99E5AFAE684FAB328C19BF"
".venv\Lib\site-packages\typer\__init__.py","1596","8D69957D43C903784FC28CA55A1D50EFF41B305BC701CDA01709C92B8EA137F0"
".venv\Lib\site-packages\typer\__main__.py","30","6D8B7D7846A845059D7A3107143F11131F63C5511D669B44085B15EC5E3D2279"
".venv\Lib\site-packages\typer\_completion_classes.py","7385","3F1F5B579E98E09FC5F52FEC508DA23E9521FE2FBE0A1A1CC6B9381C0BADD871"
".venv\Lib\site-packages\typer\_completion_shared.py","8758","E2514E5215D2AF2D9B21947D6A5ED4AB7DE2B69812CE0E9E6A0AAE032B0D98E1"
".venv\Lib\site-packages\typer\_types.py","1031","9122F184A997DFB6338B3423A985005A6AFF2457025B9BE111CE18B210D30BD4"
".venv\Lib\site-packages\typer\_typing.py","2605","B8FF95F168EF02E17E14B59411F566BA1540F526A7E6D81E379089A909088DE2"
".venv\Lib\site-packages\typer\cli.py","9670","61CF80E70D82032A84F8B5A0A52FB7299549BE5730E9F95FC8843A0A611A5E5C"
".venv\Lib\site-packages\typer\colors.py","430","7B8DA3F2E079DB484BA57E42FF47E247738EA0814C6E13B700366FBFA865015F"
".venv\Lib\site-packages\typer\completion.py","4810","775022A6DAEC13051E48F41A200E688AFE13DD7CB7303AB9A375488CADFD41E8"
".venv\Lib\site-packages\typer\core.py","28151","0FBE7E1D802C87D518BCFF8817381E93F4A0BB4DBD70978C7E097D039A97CC6A"
".venv\Lib\site-packages\typer\main.py","42360","D0889CA4413B20D4170A87C2395A74A57CB0EF6D238817B7C5421603B33572CD"
".venv\Lib\site-packages\typer\models.py","17188","43ABFD05062EB4D947E388BB7E7D186D9F8E7915EC8226F5A3FB51E204E6AA8C"
".venv\Lib\site-packages\typer\params.py","14929","311542C113F334C90E75853A54D54691AC17FE00286336E209F2FFB58711EB1F"
".venv\Lib\site-packages\typer\py.typed","0","E3B0C44298FC1C149AFBF4C8996FB92427AE41E4649B934CA495991B7852B855"
".venv\Lib\site-packages\typer\rich_utils.py","26260","38D4D02C283C583EA780C4B986416AFA08C255F515398F4DAEFC9D62D5B3BA52"
".venv\Lib\site-packages\typer\testing.py","884","50053CB32C21BA795D03DC86E502D5044302B94FFC078382D1BBABCB3E7C3D1E"
".venv\Lib\site-packages\typer\utils.py","7368","1B4A9D7435F4E98B47B8C24D0A68FE7EB2C96246317D46BB8B03BA28E4D7D852"
".venv\Lib\site-packages\typer\__pycache__\__init__.cpython-313.pyc","1449","9011EAB62AAA86BE52A1B377EA65ECEED636DC95EAB4393CBDA6D75F55E37EDE"
".venv\Lib\site-packages\typer\__pycache__\__main__.cpython-313.pyc","224","CA796B3D435E13EC1D9A60D32075C2EEA50080F2C7CFECC460C8D221B22E281B"
".venv\Lib\site-packages\typer\__pycache__\_completion_classes.cpython-313.pyc","10901","0B9CC3364228F1DABD39C6631D561030686222A065D45EBC029CA4A60127E62B"
".venv\Lib\site-packages\typer\__pycache__\_completion_shared.cpython-313.pyc","9913","488963B61DF422601A47F384E56D77B7533A42BECB6E5B4CC6F532DCF763D946"
".venv\Lib\site-packages\typer\__pycache__\_types.cpython-313.pyc","1335","C3F03145A15B978F8D9B48910E68125700687CEA3119A9531DA0EACB7603C290"
".venv\Lib\site-packages\typer\__pycache__\_typing.cpython-313.pyc","3319","FA2382EFFAB65438501F4C54F934C64802CC7E93BFA81EC8334EE9FCBF297816"
".venv\Lib\site-packages\typer\__pycache__\cli.cpython-313.pyc","14717","5A3CEE649833D93DCBD06516EF81CA681964A3C778CFE8C87ED12B7427FAF9A3"
".venv\Lib\site-packages\typer\__pycache__\colors.cpython-313.pyc","664","660F7AA0998BD2DF011C94089B7A8C4DD98E8ABD0F661CC9AA7847F3C83B7EAE"
".venv\Lib\site-packages\typer\__pycache__\completion.cpython-313.pyc","5458","D4859B56937D16BC67E885E001BE4A567EC25C91A1688A97E6993DF046DE2BEA"
".venv\Lib\site-packages\typer\__pycache__\core.cpython-313.pyc","31752","96DDA9D61E8F3A211EDFA9657F484119DE0CB47226D2C4496EAA1B541492DF13"
".venv\Lib\site-packages\typer\__pycache__\main.cpython-313.pyc","45056","F9EF848CCA11EDD9AA51094F2F88C62EDF63A7DA1D16DD5C3836D4E3668355A5"
".venv\Lib\site-packages\typer\__pycache__\models.cpython-313.pyc","19459","89F4D24373C0DCFE5719DEB78EDAE51E89D2170AC0DDE1AB736A9214BF616C1F"
".venv\Lib\site-packages\typer\__pycache__\params.cpython-313.pyc","14503","5E5F5F726EA2A8A391A682C949858ACF4CE2A1366B4A60205F71E402EEC32D18"
".venv\Lib\site-packages\typer\__pycache__\rich_utils.cpython-313.pyc","27585","62C5422D600CEF2C5ADBA9F015D0EB1082299DDAEE5A1BCC8399EACD9F64F016"
".venv\Lib\site-packages\typer\__pycache__\testing.cpython-313.pyc","1488","63A25841BBAD3FFABB4F4F3BB741F8730874006C42E25287027B32D8B99E789F"
".venv\Lib\site-packages\typer\__pycache__\utils.cpython-313.pyc","7588","38B4A6364BD6AA4EFDBEFFD608FF4D6CFA3671605F5013777D20FB12CDA6BC01"
".venv\Lib\site-packages\typer-0.20.0.dist-info\entry_points.txt","57","60ED770728AA59EB9AB3D5742400CB5004591547BF73053FEF099336FC41610F"
".venv\Lib\site-packages\typer-0.20.0.dist-info\INSTALLER","4","CEEBAE7B8927A3227E5303CF5E0F1F7B34BB542AD7250AC03FBCDE36EC2F1508"
".venv\Lib\site-packages\typer-0.20.0.dist-info\METADATA","16081","338BBEA20E04077E1D7EF2C3C8817D82EDA95BAA49177C69D6CF1D8B6A7B333E"
".venv\Lib\site-packages\typer-0.20.0.dist-info\RECORD","2573","B608F43552C7E14887613EC18B1BCCB4FDBAC6B260D2B34A472CD3C912D95C77"
".venv\Lib\site-packages\typer-0.20.0.dist-info\WHEEL","90","F4FDB2811C43AD3273DE0B1A81CD19F7ABA4AF18EBF8B14118E82FDC0B8A9420"
".venv\Lib\site-packages\typer-0.20.0.dist-info\licenses\LICENSE","1086","58992CEBCF8DFB6E40C4E2112ED12126C243666DCA3912A3D78B7ECAC4859D49"
".venv\Lib\site-packages\typing_extensions-4.15.0.dist-info\INSTALLER","4","CEEBAE7B8927A3227E5303CF5E0F1F7B34BB542AD7250AC03FBCDE36EC2F1508"
".venv\Lib\site-packages\typing_extensions-4.15.0.dist-info\METADATA","3259","C138378FE8F18934AC99DE060535C53EC6C13AEED65E94C32641DA7EE3192A72"
".venv\Lib\site-packages\typing_extensions-4.15.0.dist-info\RECORD","580","BC33F38D8815A517C92B52D412A5A06E1957F4E57FBB4A6FFF89295BAC427629"
".venv\Lib\site-packages\typing_extensions-4.15.0.dist-info\WHEEL","82","1B68144734C4B66791F27ADD5D425F3620775585718A03D0F9B110BA3A4D88DB"
".venv\Lib\site-packages\typing_extensions-4.15.0.dist-info\licenses\LICENSE","13936","3B2F81FE21D181C499C59A256C8E1968455D6689D269AA85373BFB6AF41DA3BF"
".venv\Lib\site-packages\typing_inspection\__init__.py","0","E3B0C44298FC1C149AFBF4C8996FB92427AE41E4649B934CA495991B7852B855"
".venv\Lib\site-packages\typing_inspection\introspection.py","22534","743E4077827A8407C5E9407304EE2CA92B35876C9B4154E1910A1F2D659504FD"
".venv\Lib\site-packages\typing_inspection\py.typed","0","E3B0C44298FC1C149AFBF4C8996FB92427AE41E4649B934CA495991B7852B855"
".venv\Lib\site-packages\typing_inspection\typing_objects.py","17166","91A8D5821F09ED467BC1389D571CC53298F04A71460680E84EA7D5000BCE1D9F"
".venv\Lib\site-packages\typing_inspection\typing_objects.pyi","9401","BB5343A65FD12459C050C00CC7E5817744812B0546EE5B8B11CF2E912BD19D9B"
".venv\Lib\site-packages\typing_inspection\__pycache__\__init__.cpython-313.pyc","182","7B54E1C9FEFE15C448B03A55B2D2E807698E37C03DBE5960753CE3E605A5F065"
".venv\Lib\site-packages\typing_inspection\__pycache__\introspection.cpython-313.pyc","17675","6E9CA53C3402FCD67BBBCFB81C99B385E438B14E659347F270714805F94F820F"
".venv\Lib\site-packages\typing_inspection\__pycache__\typing_objects.cpython-313.pyc","17406","DCD2B3B568E841974E81BD86504838361B521B8F43595BF5620006BB7395C59F"
".venv\Lib\site-packages\typing_inspection-0.4.2.dist-info\INSTALLER","4","CEEBAE7B8927A3227E5303CF5E0F1F7B34BB542AD7250AC03FBCDE36EC2F1508"
".venv\Lib\site-packages\typing_inspection-0.4.2.dist-info\METADATA","2552","61096CD0BFE3C7040B6F98C22B02D190FE01936D0FF7616C5134FED02891953A"
".venv\Lib\site-packages\typing_inspection-0.4.2.dist-info\RECORD","1076","0F03CE122A0EE9BBADAF2877040B7B14CA553BDEAD97797BE3333171F7AB153C"
".venv\Lib\site-packages\typing_inspection-0.4.2.dist-info\WHEEL","87","AAD0B0A12256807936D52D4A6F88A1773236AE527564A688BAB4E3FE780E8724"
".venv\Lib\site-packages\typing_inspection-0.4.2.dist-info\licenses\LICENSE","1090","804B59B25F2C31BD278F9202A19AE49A3945AA2664387E2D0A128C7CACC61EC3"
".venv\Lib\site-packages\uvicorn\__init__.py","147","E98F296A80312CEC8A2153BB412B8BC5279029165686F03D30D03F3F7243D726"
".venv\Lib\site-packages\uvicorn\__main__.py","62","0D08B3CBA9CA3F4CB084FA6708782644360831F72A64A544CCD2164198EAB554"
".venv\Lib\site-packages\uvicorn\_compat.py","2916","E97E3D73DA2FCE63078ABD92DECCA29CE40CCD23C1729F0C36E23D650ADB6225"
".venv\Lib\site-packages\uvicorn\_subprocess.py","2766","1DB7D19EC0A45F283BC425950165B35D04DE5A5BCB29F4E5205E707AF141911E"
".venv\Lib\site-packages\uvicorn\_types.py","7775","E4570FBEF21F78AB090E31A14EB71E0EFF139B0CD823CC8F17B997B174D63943"
".venv\Lib\site-packages\uvicorn\config.py","21984","30E50FE71B5AE98AB5072435FD6EDAF4277A597D16416FA272926B2106C16F65"
".venv\Lib\site-packages\uvicorn\importer.py","1128","9D1B74410DEAA62DBAE3E9FF991D25E790B675D33C9E8C133734F58EC59A6A6F"
".venv\Lib\site-packages\uvicorn\logging.py","4235","F9E084E273899856ED07DA9F349B8454D174635DCB1941EABC5CDE9984F43DA4"
".venv\Lib\site-packages\uvicorn\main.py","17717","45B965E90B96C7480D75E2CBDC31994AEFCBF84268E2BB902AC403DD900257FC"
".venv\Lib\site-packages\uvicorn\py.typed","1","01BA4719C80B6FE911B091A7C05124B64EEECE964E09C058EF8F9805DACA546B"
".venv\Lib\site-packages\uvicorn\server.py","13044","A3BDFC6D064D11CB9A1AC7BD10E4781183B1CCF9B590E6802AEA512E3B1FB88D"
".venv\Lib\site-packages\uvicorn\workers.py","3873","94C0AE6E7D568BEE21DA3C6B5CD32684E259CBB64FF10C5B65B3F7FF63B58871"
".venv\Lib\site-packages\uvicorn\lifespan\__init__.py","0","E3B0C44298FC1C149AFBF4C8996FB92427AE41E4649B934CA495991B7852B855"
".venv\Lib\site-packages\uvicorn\lifespan\off.py","332","9DF23AA87014A3FF3E0445CC04AA0743DC146EC5EB3DA5CB09B0D24B4BCA4ABF"
".venv\Lib\site-packages\uvicorn\lifespan\on.py","5184","59E493A86B0AAE75842606CEFA5F80F3DEBA39BA16711F77BF376BF3E0972AFE"
".venv\Lib\site-packages\uvicorn\lifespan\__pycache__\__init__.cpython-313.pyc","181","FA08BDB41C39B26331888B43733DC902B534204DC6DC4274D99DB64222D24CAB"
".venv\Lib\site-packages\uvicorn\lifespan\__pycache__\off.cpython-313.pyc","1033","DE668A9D73C431D9EB362F01DC622FEC95CE7E0A93E68371EA6301DFF283D61D"
".venv\Lib\site-packages\uvicorn\lifespan\__pycache__\on.cpython-313.pyc","8305","A3F384AFB5AC331E4F4E96E9241347E204C68483979EC6EAACC60B8412835505"
".venv\Lib\site-packages\uvicorn\loops\__init__.py","0","E3B0C44298FC1C149AFBF4C8996FB92427AE41E4649B934CA495991B7852B855"
".venv\Lib\site-packages\uvicorn\loops\asyncio.py","333","6BCC0EE1F078A4293E44B202ABB0A71ABFDCC5023B3012C98FE1A8E14425743F"
".venv\Lib\site-packages\uvicorn\loops\auto.py","566","A5D4EC31CAA46C4F1FBDD3602ECD72E1CEA1B2E379F7C9993923A50B46B6DD2E"
".venv\Lib\site-packages\uvicorn\loops\uvloop.py","236","09AF932FE5BCB5B7445B9BAF2FF1AB32287B1BC7BFB7FBE135EBE2D8D2988C45"
".venv\Lib\site-packages\uvicorn\loops\__pycache__\__init__.cpython-313.pyc","178","BFE2ABA739761A139CBA2CE2FDB56AECCA2DB78BDFCC7DE4D86F8CB45D6824A0"
".venv\Lib\site-packages\uvicorn\loops\__pycache__\asyncio.cpython-313.pyc","726","072998F9C1A6B6131C6E0E557FEE546B3356F149C0A5730483A976044A4B858B"
".venv\Lib\site-packages\uvicorn\loops\__pycache__\auto.cpython-313.pyc","804","086F952A30AA61DF26E44F24360B5B36C34D8DA446D020F1266FF3C7B83C73CC"
".venv\Lib\site-packages\uvicorn\loops\__pycache__\uvloop.cpython-313.pyc","571","82D525EA400D0A58DE32EE3390E302F03E36B261EB0D85B05A7CFF173B1C5764"
".venv\Lib\site-packages\uvicorn\middleware\__init__.py","0","E3B0C44298FC1C149AFBF4C8996FB92427AE41E4649B934CA495991B7852B855"
".venv\Lib\site-packages\uvicorn\middleware\asgi2.py","394","610AD0366DD17A116DB379B3937938CB0F1A0FC120B63D2D452DCDE3962441AD"
".venv\Lib\site-packages\uvicorn\middleware\message_logger.py","2859","2071195129C535A305505770B593B702E1404E761C4A8AFE815B4E8DB0B3B7C3"
".venv\Lib\site-packages\uvicorn\middleware\proxy_headers.py","5790","C901B74E199985187D8E9F8021DEC34216F959597AB68D210F51B40CFAED2E8C"
".venv\Lib\site-packages\uvicorn\middleware\wsgi.py","7105","37A7D6C8E9C7A1E1DB51EBD7D260D814D988E25B0CBFB634AA777B6377C954BE"
".venv\Lib\site-packages\uvicorn\middleware\__pycache__\__init__.cpython-313.pyc","183","9B616B597071E6A2B95D9F9400D1394C6E9E5B703D89FEB2A24265D5377DB049"
".venv\Lib\site-packages\uvicorn\middleware\__pycache__\asgi2.cpython-313.pyc","1046","863D0436FA58B9A3AD1CBFC30087B258BA5C1A019DC106A5277A9579327F9989"
".venv\Lib\site-packages\uvicorn\middleware\__pycache__\message_logger.cpython-313.pyc","4459","B9CF8D395F597A74429AE3C498E73BFD8BE455F18F975229AE50A8A626456F5D"
".venv\Lib\site-packages\uvicorn\middleware\__pycache__\proxy_headers.cpython-313.pyc","5988","434243CB34A4362E8178222DFD7CDEA3BC9A3B2FCBDBCE55EE48A488B0CE0402"
".venv\Lib\site-packages\uvicorn\middleware\__pycache__\wsgi.cpython-313.pyc","10135","1B6AD84A7B51D436F021970B07DB050B0C92CBEC334719FC66281789F3843FBE"
".venv\Lib\site-packages\uvicorn\protocols\__init__.py","0","E3B0C44298FC1C149AFBF4C8996FB92427AE41E4649B934CA495991B7852B855"
".venv\Lib\site-packages\uvicorn\protocols\utils.py","1849","AC28D82DDE3FBB03DE6646D15D0E9B7827F1C88FE8629BC90B0CF78C418D3A21"
".venv\Lib\site-packages\uvicorn\protocols\http\__init__.py","0","E3B0C44298FC1C149AFBF4C8996FB92427AE41E4649B934CA495991B7852B855"
".venv\Lib\site-packages\uvicorn\protocols\http\auto.py","403","61F5C6CB359369A136A7F8E44CF5AB2425ECC446909C2DCD2B4F86ED68269E5B"
".venv\Lib\site-packages\uvicorn\protocols\http\flow_control.py","1701","D39D16560DF512F3CE907C329C2A0C3F5CD7165FEF3B753876EAE5739BF2A785"
".venv\Lib\site-packages\uvicorn\protocols\http\h11_impl.py","20694","E1BF8AB302B9EC505A44F7875E52BFA32F2928CEAF1B585A00B0887911FED5B0"
".venv\Lib\site-packages\uvicorn\protocols\http\httptools_impl.py","21805","B6E4010A20FAADFE4341EC90C0755CE39AF11FDA2EA233299178BD286E8D4419"
".venv\Lib\site-packages\uvicorn\protocols\http\__pycache__\__init__.cpython-313.pyc","187","C3580C0D3E6BDB27EFE6462E67C645F96C4622EC777A9E1C4C1FB63681FD0A09"
".venv\Lib\site-packages\uvicorn\protocols\http\__pycache__\auto.cpython-313.pyc","600","9C05E9D53FE180FFE933BDEF22CB6BB9C9F5642DF48FE64C3C3F69497FBDA27C"
".venv\Lib\site-packages\uvicorn\protocols\http\__pycache__\flow_control.cpython-313.pyc","3152","B3CD804602E1C111DA2DB1D693E92EA3A2A6B135473CA108814ADC393D718702"
".venv\Lib\site-packages\uvicorn\protocols\http\__pycache__\h11_impl.cpython-313.pyc","27650","D89058B83ADDBC4A0B1CC61960E1F1A341AF2FC99ED18B89C2A40E5845002B60"
".venv\Lib\site-packages\uvicorn\protocols\http\__pycache__\httptools_impl.cpython-313.pyc","29844","386A3399085E2201FC1D0BD16ADB7E97E6CF8A4D065C168816417A78BCE26C2C"
".venv\Lib\site-packages\uvicorn\protocols\websockets\__init__.py","0","E3B0C44298FC1C149AFBF4C8996FB92427AE41E4649B934CA495991B7852B855"
".venv\Lib\site-packages\uvicorn\protocols\websockets\auto.py","581","487FCA57FDEFC11F3FA0675AD86AC716DDFC546F88C18D2E7E3BC73AEE15034A"
".venv\Lib\site-packages\uvicorn\protocols\websockets\websockets_impl.py","15546","029977B2BD016295A06D5893019885200D86D15602C5835FF02924F7606A5EA8"
".venv\Lib\site-packages\uvicorn\protocols\websockets\websockets_sansio_impl.py","17145","4F1A6391BBA169377451761CD5531EE14801AFA927FC9C0957E86A7A01C79B1B"
".venv\Lib\site-packages\uvicorn\protocols\websockets\wsproto_impl.py","15366","BB64CACB34540A64294B57B813F5FA528BBD408BA829934D3661D4D48CE458F5"
".venv\Lib\site-packages\uvicorn\protocols\websockets\__pycache__\__init__.cpython-313.pyc","193","3F1B9186C4B7A12047FE32469C205E48E76047AC50490874180AB11C24E420FF"
".venv\Lib\site-packages\uvicorn\protocols\websockets\__pycache__\auto.cpython-313.pyc","797","6EB340188F7F85E344B014BC1ACDA5ED78617363857AF93BF6295D0F6B4EAEC3"
".venv\Lib\site-packages\uvicorn\protocols\websockets\__pycache__\websockets_impl.cpython-313.pyc","20914","34454FD44C7B3DB4EAC695CE5ED7E05A49899BB82B8A650497846D0B767F7A8D"
".venv\Lib\site-packages\uvicorn\protocols\websockets\__pycache__\websockets_sansio_impl.cpython-313.pyc","25164","38407F221E5A010A50AB141A042C2F774BA38F22A5DD78326A711EEA83A356D5"
".venv\Lib\site-packages\uvicorn\protocols\websockets\__pycache__\wsproto_impl.cpython-313.pyc","21562","BD436500FEFB893316794E0B8811DF787FEEC3849F56263B950697A45DF667C9"
".venv\Lib\site-packages\uvicorn\protocols\__pycache__\__init__.cpython-313.pyc","182","C6A1F73D6094619D685A4D7DD8541D5D58C4CF9DA74FD0C7F93009E0F9E2E3B2"
".venv\Lib\site-packages\uvicorn\protocols\__pycache__\utils.cpython-313.pyc","3102","CD857619C59683240A3AA637B08D0F094DF91123FB0193334208391075699D1D"
".venv\Lib\site-packages\uvicorn\supervisors\__init__.py","507","C13F1E38422A4F5C96420CAD66DBF9B5A58CBA5EF1A13218D319B59B8A323D3C"
".venv\Lib\site-packages\uvicorn\supervisors\basereload.py","4036","3005D243772464FC2ACC9F149FDC83864DD6D32C8002B42D64BB8E1343889D27"
".venv\Lib\site-packages\uvicorn\supervisors\multiprocess.py","7553","9E6908AC3DD8B0BA11209AC121D6D71DD7EADA46D894D5BAC2380432ECA3A099"
".venv\Lib\site-packages\uvicorn\supervisors\statreload.py","1566","B986E59A8C4CDC86CF6EF303CEBE406F0DBE5B291097C3714D3CDE2DF572BE75"
".venv\Lib\site-packages\uvicorn\supervisors\watchfilesreload.py","2859","5BCE986DBD04E5274C618B961C9DDBA40157770E59BABBCB45D15CBCB9D81080"
".venv\Lib\site-packages\uvicorn\supervisors\__pycache__\__init__.cpython-313.pyc","762","1EA6E15FAC73515AC9E10DC22DC44B1E3DFF458C813786F37A90963FD7FB6A28"
".venv\Lib\site-packages\uvicorn\supervisors\__pycache__\basereload.cpython-313.pyc","7156","489AA62B56EFE40B13B58D4D997D0E99A824D5722F68FE1394E8AB4F862B0661"
".venv\Lib\site-packages\uvicorn\supervisors\__pycache__\multiprocess.cpython-313.pyc","13731","65CFF299A9EABB1231293B9E3C1457F5CBD4299AD99AC7DE924B81E8CD2A1EC0"
".venv\Lib\site-packages\uvicorn\supervisors\__pycache__\statreload.cpython-313.pyc","2943","C58C76FC38454B53A6C92E99810DF25FB94DDC37EFD32D31C332E2F882CE83C0"
".venv\Lib\site-packages\uvicorn\supervisors\__pycache__\watchfilesreload.cpython-313.pyc","4469","584F728A87C121654D24E2694C42AE54444254F6AA825749CCD792A6E429DA51"
".venv\Lib\site-packages\uvicorn\__pycache__\__init__.cpython-313.pyc","370","DF0B65CD127B562CC5D1D30F35F33D6171143C3BC68D36DE919A280D90A10055"
".venv\Lib\site-packages\uvicorn\__pycache__\__main__.cpython-313.pyc","290","0DF28D03CA28E1789946D1E4A2F7BA4E8C2DBA542FBA14B3632F4772F29013C5"
".venv\Lib\site-packages\uvicorn\__pycache__\_compat.cpython-313.pyc","4094","86A5F3E28D582DCB736523E65CAE0E3EDDAA91E96A24714C47C69C01DE0F99ED"
".venv\Lib\site-packages\uvicorn\__pycache__\_subprocess.cpython-313.pyc","2850","EF7E57B6896A8DCC1AE141C590E58A5ACB3273E4E93F57CC60D4617F37A2B854"
".venv\Lib\site-packages\uvicorn\__pycache__\_types.cpython-313.pyc","11899","7E44A8B622A347BFD3081CBD71AFD39A0AD94D40845A937C3E68C767519C18CE"
".venv\Lib\site-packages\uvicorn\__pycache__\config.cpython-313.pyc","26787","D861342D5FBDC99EC0F8CE311932DC6922CA98DAB260B083FA3FAB768ED50D1D"
".venv\Lib\site-packages\uvicorn\__pycache__\importer.cpython-313.pyc","1835","8EB1B38D504204772C9B003A525DEA13C137BD9FB4CE2A0194EE3FAD967780D6"
".venv\Lib\site-packages\uvicorn\__pycache__\logging.cpython-313.pyc","7665","CED30DC9F218D55532FCD4255E52DC4B3F09070496D8991AB2D6F777DD0B984E"
".venv\Lib\site-packages\uvicorn\__pycache__\main.cpython-313.pyc","20734","0B031D37ED9980D2D66ADB8C5D6CAD3BB76C184D0AF2AC463667CC201214845E"
".venv\Lib\site-packages\uvicorn\__pycache__\server.cpython-313.pyc","17032","31B68B7B563FF5CA757ABC4D2FE0654156E86C0B29A9C88C4A44BB3E63CFB2AC"
".venv\Lib\site-packages\uvicorn\__pycache__\workers.cpython-313.pyc","6650","879D52BF51872F5BF452E4748D7E0A7FF1A70FDB58095FA776A3D4012582B3A6"
".venv\Lib\site-packages\uvicorn-0.38.0.dist-info\entry_points.txt","46","156D70FA191CF50830686A28BCCBE6D1963BDF0FCD7327167460147C3B0D1B1C"
".venv\Lib\site-packages\uvicorn-0.38.0.dist-info\INSTALLER","4","CEEBAE7B8927A3227E5303CF5E0F1F7B34BB542AD7250AC03FBCDE36EC2F1508"
".venv\Lib\site-packages\uvicorn-0.38.0.dist-info\METADATA","6787","1A630C962C86A27EAB8541CCE9062DC33398B61A5A392C40521073C9191250B4"
".venv\Lib\site-packages\uvicorn-0.38.0.dist-info\RECORD","6399","73C8B4894B1BEE85D37201F0847570BB1861F79259E069FCA56B191450850070"
".venv\Lib\site-packages\uvicorn-0.38.0.dist-info\WHEEL","87","AAD0B0A12256807936D52D4A6F88A1773236AE527564A688BAB4E3FE780E8724"
".venv\Lib\site-packages\uvicorn-0.38.0.dist-info\licenses\LICENSE.md","1526","EFE1ACF3E62FB99C288B0EC73E5A773B7268EF4320FE757EA994214E4B63C371"
".venv\Lib\site-packages\yaml\__init__.py","12311","B19DFCC333D6A75DFD73073901164507252F271B41D3B5F7D85510033A0547A7"
".venv\Lib\site-packages\yaml\_yaml.cp313-win_amd64.pyd","253952","8A747BB4BB166B3CAF53C5EE91931EB1317CC3AD617F18DCD12DD8C181CED226"
".venv\Lib\site-packages\yaml\composer.py","4883","FCAA37D16AFA783594794A5AB94193DCB720F503C19CE3D59539C8311189F453"
".venv\Lib\site-packages\yaml\constructor.py","28639","90D8247DA78B524C10618FD0E857F54F3D97570FE91B5C5513D024EF3FAF88B0"
".venv\Lib\site-packages\yaml\cyaml.py","3851","E99AC01BD7C062F7557B614AFF0D21997A06ED962CA185306A91BC0A20BBD87D"
".venv\Lib\site-packages\yaml\dumper.py","2837","3CB72D66563064BA7B5E679477046EBF89D8399D940670C8532F3E94A7CB17EA"
".venv\Lib\site-packages\yaml\emitter.py","43006","8E086D694EDE170837D5B1B407B45979AFF6F40762F422A65EAFD08E04290A44"
".venv\Lib\site-packages\yaml\error.py","2533","021F73FADA072546C4F63F8CF18A7181244CE4280B09CC15CC980B2D1176171A"
".venv\Lib\site-packages\yaml\events.py","2445","E74FD392C810884E2EA7E94AA3F57E9C1CBEB402319083D0C58E6A0E1282787C"
".venv\Lib\site-packages\yaml\loader.py","2061","5156BECC8AA6905482218ABF3E04869B835226DB4763645FFF3438FDBD5F1CDD"
".venv\Lib\site-packages\yaml\nodes.py","1440","80F28D8FCA4A09D87677882BDE021820D9CF39A3B11A12405226211919CF13CE"
".venv\Lib\site-packages\yaml\parser.py","25495","8A55A9E6FBE0A07146CEF3990C8B45A068C3E83E369E1959AD9CA30306B4A09A"
".venv\Lib\site-packages\yaml\reader.py","6794","D1D9B38AB3A20C6E17A38D519EE412ECAF6B918DF18C78956AC7C330D4EA08DC"
".venv\Lib\site-packages\yaml\representer.py","14190","22E58FF9C016F6C1CA1274B4802A926BCF78935060E1C813C5A0F021C6D143E6"
".venv\Lib\site-packages\yaml\resolver.py","9004","F4BF9561F9B89961F1503D558385FBAE30D12BFED565DE9BF76C33ABB63620A6"
".venv\Lib\site-packages\yaml\scanner.py","51279","60433788B652690C17710460DA5D91E0C753D3318FD85F5E1E42862A71F25906"
".venv\Lib\site-packages\yaml\serializer.py","4165","0A1B85826854D35863E31808F0668ABFABDF33606E8F06BD8BB7761401E3EDC0"
".venv\Lib\site-packages\yaml\tokens.py","2573","953408CD2570F0C83DC2FE39F7E4E388E41EEB05738AA69196A5F6FFCF6BA79E"
".venv\Lib\site-packages\yaml\__pycache__\__init__.cpython-313.pyc","15263","67D649B8F9CFFD53AC56D85107624FEB2F6556650DEAF2E8B54A9F00619A4118"
".venv\Lib\site-packages\yaml\__pycache__\composer.cpython-313.pyc","6739","013C2C6349F56F57EC963AC89B78F8095D5DA8CE27C6072E82C1E1EA9550EBCE"
".venv\Lib\site-packages\yaml\__pycache__\constructor.cpython-313.pyc","35680","7C86C39241AAA1513D6757020577E596440EFF34CE2A8A8B8EE3490A27C0F48F"
".venv\Lib\site-packages\yaml\__pycache__\cyaml.cpython-313.pyc","4698","8F2040F96356A56D548BFD864B0A6036892CE0AC686FDC00F130E9CB0233CFDB"
".venv\Lib\site-packages\yaml\__pycache__\dumper.cpython-313.pyc","2418","331D5E8C77271C00E201438BC81329A756C001BA77D22315D0EC863AE34AC6BA"
".venv\Lib\site-packages\yaml\__pycache__\emitter.cpython-313.pyc","52555","F8747627BA394D4A324A23F96108AA3053E5DD91C7D630E0911F84E7792CBA9C"
".venv\Lib\site-packages\yaml\__pycache__\error.cpython-313.pyc","4425","8FF10E6CA9B68A4CB9BF1B0DC51BA01D76FF01D386AD2C48C163F53D5A575C01"
".venv\Lib\site-packages\yaml\__pycache__\events.cpython-313.pyc","5071","AD2793215CDA2510EFE9932E2589BAB61390FFB00EB0AFA31E177A0989DC8D8C"
".venv\Lib\site-packages\yaml\__pycache__\loader.cpython-313.pyc","3628","456A9868E562A3A6168985BB0F266B1B4FCD112C8A75208F310F4EEA095CBF2D"
".venv\Lib\site-packages\yaml\__pycache__\nodes.cpython-313.pyc","2374","21F0776AA5F17BDCAFC7C30E05358AB269950E88AA4B7A38D0940F8FD0CC1C2A"
".venv\Lib\site-packages\yaml\__pycache__\parser.cpython-313.pyc","25402","04E4E9DA5DCEB189AE1FA6EE73AD5612E6CC1B77DE6D9DD5CE1CD6C7F5F4599B"
".venv\Lib\site-packages\yaml\__pycache__\reader.cpython-313.pyc","9175","F0F5E6E8B033EAE0DCC86D7DEE6EF4DE12DDEFDB3C00CE256D51EC13DB54D780"
".venv\Lib\site-packages\yaml\__pycache__\representer.cpython-313.pyc","17369","9A086EE8418BBA29B99D9A486E4DFF5B026A90D7B036B34E5CBD08F9FF2A401F"
".venv\Lib\site-packages\yaml\__pycache__\resolver.cpython-313.pyc","9337","5E7C20BBF416EAA0AC1B0F08D37A8C4087801B05CEC257E3143A0318F5A4CDF6"
".venv\Lib\site-packages\yaml\__pycache__\scanner.cpython-313.pyc","51294","A5F3A46E2D25A09DB60CC2BE2B08602274508D978D457785D6C43C7E71C75324"
".venv\Lib\site-packages\yaml\__pycache__\serializer.cpython-313.pyc","6322","55442A39DABFD89F2F250199802790C3B6B67BB44BC580E4C99BC9AC8DDEDAE1"
".venv\Lib\site-packages\yaml\__pycache__\tokens.cpython-313.pyc","6240","7582A4326C735ADAA5C8820CA08DB6D27177AE0E773917519F77F2864BEEFE78"
".venv\Lib\site-packages\_pytest\__init__.py","391","E087512619D6E571B62A568990EC67E7F4C2F56790E6D5C3485EED6DBE2F12CA"
".venv\Lib\site-packages\_pytest\_argcomplete.py","3776","821D299DAEBAA782D56F60FC493E39EBC586C6F7489C64F8DE6EAC95886A36A5"
".venv\Lib\site-packages\_pytest\_version.py","704","499638ABA0077BC9D815DAB227563ABC2C76BE9F1C70F363CB4C8812BDFC1922"
".venv\Lib\site-packages\_pytest\cacheprovider.py","23149","40229D89EA544A4B8F344C790E58484076C0E35DCCC0D5257782C8A55D7A156F"
".venv\Lib\site-packages\_pytest\capture.py","36829","92E96E989751747BBBCE8A2C3ABE257C747471EE8BB0EB616AEF41CABC3CC55E"
".venv\Lib\site-packages\_pytest\compat.py","10254","A9C1DC647432100E933B70B4A861203B46FF63136EDB7A24D264D9D2C6A1EA49"
".venv\Lib\site-packages\_pytest\debugging.py","13947","26457B39BEF0439DD3146910D136BDEA300C606B9B81D5E212CDFD4FB14FCC74"
".venv\Lib\site-packages\_pytest\deprecated.py","3611","122928623A9D94B4D981B04D4E615D3EA88FE43759A730322B045B3B6840D151"
".venv\Lib\site-packages\_pytest\doctest.py","25478","1A08DD58EC47F9F57D790A1643BA6E29E8DC15D0351CFB46F98EEA6E9FB92FC7"
".venv\Lib\site-packages\_pytest\faulthandler.py","4250","D5CEC3A51B4FD3F0B7CE91544B0D41391A401BC1AC883B49F730AE59D1222DCD"
".venv\Lib\site-packages\_pytest\fixtures.py","78681","EFF80AA15502A5FA38B022F2DD3D3BA760EFFF16B9C761E7283299BBCF380DE6"
".venv\Lib\site-packages\_pytest\freeze_support.py","1300","5FDE08C62A6A79B780FC7833261F1D6E3A869EBB44405B8C202E612BB486597C"
".venv\Lib\site-packages\_pytest\helpconfig.py","10019","EA2CB6D6850351119E759A41DDE992CDA142C5E353FC44529122192C8C4C26F5"
".venv\Lib\site-packages\_pytest\hookspec.py","43019","BB1C4432B56A49FE4FE327308FB4C454E7DF55666D1708548CDD392C5102FFC1"
".venv\Lib\site-packages\_pytest\junitxml.py","25522","D71198950CF33BD1C7DC782167986EE130427FC57E221046E6455DC7A5B63D5A"
".venv\Lib\site-packages\_pytest\legacypath.py","16588","FE5EAFF1A90D31F4DCE53023BDB73A33EFEDD79EE9F5013AFB5D7C58CD0346DF"
".venv\Lib\site-packages\_pytest\logging.py","35234","4D9EBB2503FFDD896DD29D750F627AF0BFE8B3D825B2E82032F79CD07963B5BF"
".venv\Lib\site-packages\_pytest\main.py","42435","7CA2B20CC41FBFC2761BCB231EECB26967D553651035C40000F44D70E174B693"
".venv\Lib\site-packages\_pytest\monkeypatch.py","15500","597DFFE9CCD42E1BDCDF0485FB437C55EB1BBFDC0637777096261C0EF4FC11FB"
".venv\Lib\site-packages\_pytest\nodes.py","26540","693B0385B2C45646767200BC517416E776C10C3E58EE5ED937007491BE4D868E"
".venv\Lib\site-packages\_pytest\outcomes.py","10108","A9B8074421110D12BC5BC6407DA9D07F80E9E3F5BBBCDA1CDAFBF7A66DC7B4AA"
".venv\Lib\site-packages\_pytest\pastebin.py","4155","A7DDB326D48DCFDFB10C4173A90DF37A662081745A0E7C43E97E08CA2B5EBDB0"
".venv\Lib\site-packages\_pytest\pathlib.py","37879","C483986BC125CB2A43D814EE4B6FFC6E1E8EC83E038CF7C13AE9641714396F54"
".venv\Lib\site-packages\_pytest\py.typed","0","E3B0C44298FC1C149AFBF4C8996FB92427AE41E4649B934CA495991B7852B855"
".venv\Lib\site-packages\_pytest\pytester_assertions.py","2253","C57FC76C53C1F91CFF34D0EDB53637F5FB7BFF064BBCF81040155EBD209E5660"
".venv\Lib\site-packages\_pytest\pytester.py","62389","C746A6F5B5C7CF740F0533D73F295C6267CFF2C1A1562E510BF28F8FA8371E7E"
".venv\Lib\site-packages\_pytest\python_api.py","31744","A78D14CF1AB2676A66E88A32D5D06627B52268EED59B1EF38726736BF1795490"
".venv\Lib\site-packages\_pytest\python.py","68754","FD28318A23E7AFB8CF81794AB3CB028DDB0148DF80A14666CC8BC9320324561E"
".venv\Lib\site-packages\_pytest\raises.py","60082","F3A57E8686398586DAEBD9E9CAB1FBAF891035BF108E8B986FC4B27462E68D57"
".venv\Lib\site-packages\_pytest\recwarn.py","13386","E1AEACF165AA9FEC82087CAA82707F7DF73FCE4C170463C2BAF0BED372FAE5CE"
".venv\Lib\site-packages\_pytest\reports.py","23230","2E9272A67CDE38B925EBA24A288B2EF77F741C0DAA22DA6FBCE53EE6E58FA41D"
".venv\Lib\site-packages\_pytest\runner.py","19785","8D784B2B3E23B05F4C4EDD3F5263EB11964E86B6E16D2C814C5FCB2125DC4EA4"
".venv\Lib\site-packages\_pytest\scope.py","2738","A41EE3B228ACB61D7A3C115A715D58C5DDCF8F7600C767669529866C6E26C3A0"
".venv\Lib\site-packages\_pytest\setuponly.py","3167","06C46B0B81110D5AF8DBED86FCBD00C61354E175706CCB32E52D253AF2ABF300"
".venv\Lib\site-packages\_pytest\setupplan.py","1184","97EC9C14DC4364FC98E76C21E1FEF26AA87367B496D628D22A740B9AACC36560"
".venv\Lib\site-packages\_pytest\skipping.py","10810","5824731D5A311780F418EAC9A094E7CF1FD63A82D3B0CD5E9E5498CC6ECD127C"
".venv\Lib\site-packages\_pytest\stash.py","3090","E69137903C78ABCE794D6F5A56F61376B9242A530353AFB1897E25B8AA491202"
".venv\Lib\site-packages\_pytest\stepwise.py","7689","903F350EB9E19DC94A06631F6AEC1099B78C6D852FBB0D3BC395A73649887444"
".venv\Lib\site-packages\_pytest\subtests.py","13241","F8ECCEA44D23F7CBC358C02C23EC4C27415C61BEA29CBABA60F1FFD2D132538E"
".venv\Lib\site-packages\_pytest\terminal.py","64444","E2FE406F930E795D09026746E8209A9A7142AC704FC0A0200AF9E4F74D2104D0"
".venv\Lib\site-packages\_pytest\terminalprogress.py","1153","FC83B7BD1195013CF746491A72A200682502E3E46ADA94C400D50063AE9D1304"
".venv\Lib\site-packages\_pytest\threadexception.py","4953","85371CA73654AEB4240D1395140A87817C00538F3571AE0CAB8080E1807B9B2E"
".venv\Lib\site-packages\_pytest\timing.py","3108","94F70A1DA33578A1EFD7FD9981468F2BD877161B6A1AF64062E731FCB49D670D"
".venv\Lib\site-packages\_pytest\tmpdir.py","11387","D9F10512BC4BFDC0E94BD78ADFDBB32FD534903D9CA50B4F6AD474FFED031E55"
".venv\Lib\site-packages\_pytest\tracemalloc.py","778","942501FD85006FA475BEAABF6FE2D26125F2F9389D6E7DA6EED7F3996014AE39"
".venv\Lib\site-packages\_pytest\unittest.py","24155","869A3C76E2C19BA64FF9EF6FA63860B80A69E22916DB770F5A1E7E57DFCEEA29"
".venv\Lib\site-packages\_pytest\unraisableexception.py","5179","74D681A411E4381E293884A868C75ABB6A23AC6A1CFE2E2EC7BE835572CB4FEC"
".venv\Lib\site-packages\_pytest\warning_types.py","4398","566EA71B4B0F502C82DCC06A1C7AE86570E5914F95BE2D104C941A68CAF21890"
".venv\Lib\site-packages\_pytest\warnings.py","5194","C89303AFBBD27A28FE9F24EE95D13BC0BDB964BFCBBA640663A3C96695E243E2"
".venv\Lib\site-packages\_pytest\assertion\__init__.py","7120","3A39C99B88FA5478306232AF5BC77E28579F8C474E48E345178CF5D28F6BEDE8"
".venv\Lib\site-packages\_pytest\assertion\rewrite.py","48206","376ADAB93672026552858FFACA009CBEF553F082F2E4DEE87ACE75E7966D4B10"
".venv\Lib\site-packages\_pytest\assertion\truncate.py","5438","DAF394DE44B88546610C32F45DACF5A4CEE85BFD74C0C7342776FF9446D2CD02"
".venv\Lib\site-packages\_pytest\assertion\util.py","20561","6102F243B9D81D0BB4BA2E52781EB6281D0A8EEB9E1721F0821193FE9D5D7E63"
".venv\Lib\site-packages\_pytest\assertion\__pycache__\__init__.cpython-313.pyc","10169","3772914EE3923C250C28D0D25E37C0D2235B30A5DF434AEAFCA2691976967B79"
".venv\Lib\site-packages\_pytest\assertion\__pycache__\rewrite.cpython-313.pyc","62050","AEC8C6B0C9179C52D807CD5EC7EF077561E1D41D8250DD2094EE1949A2B62021"
".venv\Lib\site-packages\_pytest\assertion\__pycache__\truncate.cpython-313.pyc","4235","AA365C0EA7D2510AE78CE454E3E522626153537206EFA60768B8CE9FCC9E51DB"
".venv\Lib\site-packages\_pytest\assertion\__pycache__\util.cpython-313.pyc","24583","5D06F1455F6C3A4AC52FA94CD7F283B46E7D8B8DBA01C2605C8AD57A28E4BBB6"
".venv\Lib\site-packages\_pytest\config\__init__.py","79024","FF967DC8CBD4BAEAA10B2E370F638EAD045306B13926B06D06EB778C3F81E1EA"
".venv\Lib\site-packages\_pytest\config\argparsing.py","20439","7438F0B58F6785343D435E196DD53E106C2840A645B95641D4FB34C1C960E7FA"
".venv\Lib\site-packages\_pytest\config\compat.py","2947","7630EDFD74CFC170C88279E8A6D8B6655AEAB70CCEE6115688C86053976020CE"
".venv\Lib\site-packages\_pytest\config\exceptions.py","315","E959BDCB3C143B12469B5ED93066F0EBDBFF8B4EE64F52A607010D336B1C2A19"
".venv\Lib\site-packages\_pytest\config\findpaths.py","12878","D22ABDDAC47A73A81504569CC0C356FA0145CE57EF58D3B8E9D5FDC77F609C88"
".venv\Lib\site-packages\_pytest\config\__pycache__\__init__.cpython-313.pyc","92386","8ECB8C7B5BD3960331EFF7D17B34289C0E8D3BB16E75DD5AD6387E13D265F5C0"
".venv\Lib\site-packages\_pytest\config\__pycache__\argparsing.cpython-313.pyc","26317","3CAF7B8F53F2745396EFDB798AC5A2BA633CD11BAA83D76010CF6848124D51B3"
".venv\Lib\site-packages\_pytest\config\__pycache__\compat.cpython-313.pyc","3617","D67B7F85C38320E1DC745EE883EBEA00D942E7AF3658669DF32F299425D6915E"
".venv\Lib\site-packages\_pytest\config\__pycache__\exceptions.cpython-313.pyc","876","A26C6AA444EC172C712EEC5B15A5C62BAD4D90EED98D2E1A15A7F7973E9EF7B1"
".venv\Lib\site-packages\_pytest\config\__pycache__\findpaths.cpython-313.pyc","13446","7FF0B5C113D11B1AAB44918F9C488378716B900BE04A99D7E0D6C5204342BE08"
".venv\Lib\site-packages\_pytest\mark\__init__.py","9870","DFC1FBC21DA4DD264C64D6700213DB1C1C693F161B9FEC33995B465188A0BF37"
".venv\Lib\site-packages\_pytest\mark\expression.py","11244","DF4AD2EB9C8C09D7E7D545A208FFF88A67F349E584B4FFEACF8FF6255DD8D7E5"
".venv\Lib\site-packages\_pytest\mark\structures.py","23074","918F3CB7D117ACA993D949C8873B50A02119294493C037E3D93227402B59C392"
".venv\Lib\site-packages\_pytest\mark\__pycache__\__init__.cpython-313.pyc","13179","544C3D82FB04A15E6EED75F368E84F0B6B69480C34EDD339AD1596402F0C89AB"
".venv\Lib\site-packages\_pytest\mark\__pycache__\expression.cpython-313.pyc","17596","4F2D09374DDE38A6837219B51AF222596ECEDEA5641754EFA525BAA254E3963C"
".venv\Lib\site-packages\_pytest\mark\__pycache__\structures.cpython-313.pyc","27698","146C53ED57EAC0B08FF1B2D4CEF7EFB3897487CC16748FD13396755113802ADA"
".venv\Lib\site-packages\_pytest\_code\__init__.py","521","04A6E8C286100032A300999359D43C49240B6C106C874F9D663DD31A3B67EB23"
".venv\Lib\site-packages\_pytest\_code\code.py","55836","1EC7A6DC4EE711DB1A3E7631AB6EA0D2A5D73FD3C649FE3E47ED69659993576C"
".venv\Lib\site-packages\_pytest\_code\source.py","7772","56F37358761F4FDE923B5DBC9BBB5F21D6A0677E72BA0E3A6D67E05C7FF9569F"
".venv\Lib\site-packages\_pytest\_code\__pycache__\__init__.cpython-313.pyc","677","59AD6B2B0BDE68A06D0D7A23407E4DCECE70B8E727BCF0997B76F7106AF445F5"
".venv\Lib\site-packages\_pytest\_code\__pycache__\code.cpython-313.pyc","68164","6CAEFBEBF10160362EA2E02775B3A2BF83780E45BE9DE4509807F1198205A2B2"
".venv\Lib\site-packages\_pytest\_code\__pycache__\source.cpython-313.pyc","12153","9B7B7402611E8D000A8973A2B7B95A134B48583016B8942E6142092AB449E87D"
".venv\Lib\site-packages\_pytest\_io\__init__.py","190","A642C5DBD54416BE8396BDDE3AD24BF2C7F8ED12C5B7525FE17D436413E56267"
".venv\Lib\site-packages\_pytest\_io\pprint.py","19622","18B04A2FA7669D1AFDD869D53243733242AAC74F0EA7BB5D2527A1DC07B0A276"
".venv\Lib\site-packages\_pytest\_io\saferepr.py","4082","1E1C7917EEF98B3D3785D93E58EF3A066CBD441B911ECB898FE614CE8CDFAE0A"
".venv\Lib\site-packages\_pytest\_io\terminalwriter.py","8994","2B4A41D697C0BEB281585011292A1B438C168B4A5D9A205A19BDDAFEFFC00234"
".venv\Lib\site-packages\_pytest\_io\wcwidth.py","1289","714109EF8521C1E202C1B2AF536ABA9E865C3600F442504407D09F6A41986AA0"
".venv\Lib\site-packages\_pytest\_io\__pycache__\__init__.cpython-313.pyc","368","51B1E5DA604F3D52BDB25106675D683219C823F2A6F0CEE445D3C09A92EB18C8"
".venv\Lib\site-packages\_pytest\_io\__pycache__\pprint.cpython-313.pyc","24614","3024CFB0B5D82D328553492572412CB3250A726F4277EDC1001FECD47D305D47"
".venv\Lib\site-packages\_pytest\_io\__pycache__\saferepr.cpython-313.pyc","5828","554F48D2C89248A4407D0283403D7FD970DC72C6DAEF00757A82BC8D3A93FD8A"
".venv\Lib\site-packages\_pytest\_io\__pycache__\terminalwriter.cpython-313.pyc","11471","5EEC8DAE89F6EEA8DF98EE1843615CFADFFC2233F1755E98707B4DFF3CB81CFB"
".venv\Lib\site-packages\_pytest\_io\__pycache__\wcwidth.cpython-313.pyc","1698","7D0CADB46914C78A2A0EB236E11DADBB646D6E0CFA8DBD5DF626C64330D67BB6"
".venv\Lib\site-packages\_pytest\_py\__init__.py","0","E3B0C44298FC1C149AFBF4C8996FB92427AE41E4649B934CA495991B7852B855"
".venv\Lib\site-packages\_pytest\_py\error.py","3475","90643B17CFDF67A615061031FAEF669134014F1D2A231C6754C0B40A088E77BD"
".venv\Lib\site-packages\_pytest\_py\path.py","49220","F8A781AFA1618876530F32387B489B479566C1E88E6281FC5BF4E40FB5AF18ED"
".venv\Lib\site-packages\_pytest\_py\__pycache__\__init__.cpython-313.pyc","176","738F38B3E3454E0CA7703B2C6AD5A30B6A61EAB26E0C36DA9AD1D96A470A2EEA"
".venv\Lib\site-packages\_pytest\_py\__pycache__\error.cpython-313.pyc","5064","CAF4D0EF7ACEB8927C468635059D35AF4BD54A05F552CF95D04155DF49C334CE"
".venv\Lib\site-packages\_pytest\_py\__pycache__\path.cpython-313.pyc","69402","B4B6FEA0AAA00E6D257990609B1E72B38CF9281FFF0EF35749A2A2E011F8B55C"
".venv\Lib\site-packages\_pytest\__pycache__\__init__.cpython-313.pyc","473","E214D518250886FAA2E8BE456D5D3446B50203FED11B412720E93B4302B1AFF6"
".venv\Lib\site-packages\_pytest\__pycache__\_argcomplete.cpython-313.pyc","4926","188FB474CEE8B8F5F5D4DF20DD5278E7A02954611B9E01E5F26C5547D8C947CC"
".venv\Lib\site-packages\_pytest\__pycache__\_version.cpython-313.pyc","790","8C8CC28A42A0324FF00DEC49551567D7567032ECE2E11AD037139973E6C0EE5E"
".venv\Lib\site-packages\_pytest\__pycache__\cacheprovider.cpython-313.pyc","31960","B2D7ABE40F554EF221719DA8215F9A384D4A48371081D22152DC2DAE25CC6106"
".venv\Lib\site-packages\_pytest\__pycache__\capture.cpython-313.pyc","56451","6F603CECD27AC891DDAE0C7200F18C42C8F03B4F5022108053434E9E6C4E8F38"
".venv\Lib\site-packages\_pytest\__pycache__\compat.cpython-313.pyc","13207","54F63571FD8E38F7A8B71C9D05F06C47AA2E59E51EEFC65C9CE623173A0672CD"
".venv\Lib\site-packages\_pytest\__pycache__\debugging.cpython-313.pyc","18679","CF648529E4642A3AE7DB9AC9D72DDA8A22EF2A91B410C62BA08ED6A63A5773D7"
".venv\Lib\site-packages\_pytest\__pycache__\deprecated.cpython-313.pyc","3026","6639FADB8E694270229EA50344E4000B004927982C3C6F1159D31BAE58FFF82D"
".venv\Lib\site-packages\_pytest\__pycache__\doctest.cpython-313.pyc","32972","A1591B1E64E8115E7638148382D24E335E8A5C99D5B3D2EFAB118FBC794D7DAB"
".venv\Lib\site-packages\_pytest\__pycache__\faulthandler.cpython-313.pyc","5080","743A70A2906688F835D890EF6406F3B88532D312D371141B842C1B06F6F901CA"
".venv\Lib\site-packages\_pytest\__pycache__\fixtures.cpython-313.pyc","83065","E815365438B5AE129A90D0BED55657986EE731F27CDB9D79EB67B3BC9F8ABDFD"
".venv\Lib\site-packages\_pytest\__pycache__\freeze_support.cpython-313.pyc","1803","9CF642E67A554CA216D8DFDA5B338274D5BF1F1871368742678F5EB5A15ED03D"
".venv\Lib\site-packages\_pytest\__pycache__\helpconfig.cpython-313.pyc","13221","F472EBB5204D46F8A7D8503279B77BD0A4F4B942AFD230375ACC2BE93EB3D48F"
".venv\Lib\site-packages\_pytest\__pycache__\hookspec.cpython-313.pyc","43108","EBBFA577B3D5A5A7D7DAC44671AF7211BECA54443460B3E04ABA1CD797301C7D"
".venv\Lib\site-packages\_pytest\__pycache__\junitxml.cpython-313.pyc","33489","BA3A629F0756303E4992F56A489BD8078351C2D23002DD7540E0D3D57E0842D7"
".venv\Lib\site-packages\_pytest\__pycache__\legacypath.cpython-313.pyc","24128","7751382262FFE3E4658376C1EF65578C36E1244CD8042FD3F5AAE5B50D6F065F"
".venv\Lib\site-packages\_pytest\__pycache__\logging.cpython-313.pyc","45863","123DD08523643A02C97EFBAFE08814B0F3E263559CC05757ADB06315E44DFC14"
".venv\Lib\site-packages\_pytest\__pycache__\main.cpython-313.pyc","47679","3F6F2026A70996AAD26D4D69738C7A326F445F3DACB1CD3FFD0B5900D1B51836"
".venv\Lib\site-packages\_pytest\__pycache__\monkeypatch.cpython-313.pyc","16839","AC5424E4AA902CFF3B2B7EE203B44C1BECF1C3705884237FE0EAC9801106FD82"
".venv\Lib\site-packages\_pytest\__pycache__\nodes.cpython-313.pyc","30709","D9D3276781ED0C2CC3139743A063F9BFC50BF922C1BDC3BE84207542EC0C26F3"
".venv\Lib\site-packages\_pytest\__pycache__\outcomes.cpython-313.pyc","11751","1C19D2023CFD458DBF569787717652E64E87AA2F1CE020434D5512ACD09B9693"
".venv\Lib\site-packages\_pytest\__pycache__\pastebin.cpython-313.pyc","5906","F6244BEE7F1BD54B8A95122CFCB158E5114307DDE46BDF0DF5197601E6612239"
".venv\Lib\site-packages\_pytest\__pycache__\pathlib.cpython-313.pyc","41973","C8B3847BDA2BBB54AD7BC69CCA71E483B3B8F7BFDC8CFC82B137280C2A4A3D94"
".venv\Lib\site-packages\_pytest\__pycache__\pytester_assertions.cpython-313.pyc","2468","330376AD72BA9F0549CDD34D64336D8610D40D029352FB193324BFC890BD5823"
".venv\Lib\site-packages\_pytest\__pycache__\pytester.cpython-313.pyc","83781","67312122877B6CC7DCC648E830B8E27C408E7C4EE7E5C05CD77082EDDF458A7C"
".venv\Lib\site-packages\_pytest\__pycache__\python_api.cpython-313.pyc","35455","60D6B5C80218A4863DF6839ACE02B67F99577A769961480EBAB89502A9C0ECD1"
".venv\Lib\site-packages\_pytest\__pycache__\python.cpython-313.pyc","75382","1BFAA37750996D8A99F7F7D1AFA0984324FC249B481808968249F0D7F0ACCBD9"
".venv\Lib\site-packages\_pytest\__pycache__\raises.cpython-313.pyc","60192","FE9CEBEF7AD88F33F8C0F364E3E2488AE17BAFB4C64263A0AE0C4B10E9AAC1A2"
".venv\Lib\site-packages\_pytest\__pycache__\recwarn.cpython-313.pyc","16287","964C5BA3131067812A72746E24E2CAD24579364ED0DF0B6C099CA9ADEDBEC407"
".venv\Lib\site-packages\_pytest\__pycache__\reports.cpython-313.pyc","27298","A10130C7ECAF76131013C18F6750DA4F272A0A68B1BB1B2B2456AF7D8C94D3D2"
".venv\Lib\site-packages\_pytest\__pycache__\runner.cpython-313.pyc","24450","18DB6BACFF44C5CEBE1348301762FB170FE25A4675E91078E5D0A5D0D3D77964"
".venv\Lib\site-packages\_pytest\__pycache__\scope.cpython-313.pyc","3589","A4565377098FEAEE6C37772D792FBED96BD18EAF33399CCB36ECAFAF6F39D8AC"
".venv\Lib\site-packages\_pytest\__pycache__\setuponly.cpython-313.pyc","5488","40E757DDD8B0145B0D7C0F0C9643420B5BFF5E71EB35A1B10F13D4F90AB587E3"
".venv\Lib\site-packages\_pytest\__pycache__\setupplan.cpython-313.pyc","1900","7B5FD86998EFDBFA618F83BF9B40E0DE36C50C196042F37631B86F19074C186B"
".venv\Lib\site-packages\_pytest\__pycache__\skipping.cpython-313.pyc","14391","5D3E1FD5FE6A658EDA8115E2D684057AE9C31AE224AED3E2C60671B295913A8E"
".venv\Lib\site-packages\_pytest\__pycache__\stash.cpython-313.pyc","4273","B01A064F3E79F5B55847EABF15895D3E8CE6E8EB1091AB782C35B59B12D018B9"
".venv\Lib\site-packages\_pytest\__pycache__\stepwise.cpython-313.pyc","9892","D437485AAF58CDE8ED29C99C046D1F9B6FDD1E3A3C8116399BC22B4541C9F8F6"
".venv\Lib\site-packages\_pytest\__pycache__\subtests.cpython-313.pyc","18006","851E6840627C3C687EB6E405A4E83834A49B7D63BD95015B05A95A85AFB7C4E8"
".venv\Lib\site-packages\_pytest\__pycache__\terminal.cpython-313.pyc","85479","3AD56176AEDE5FC78A53FED6D4C257F0F13AD4ECDFAB428E58E2EC59D4FAEB2A"
".venv\Lib\site-packages\_pytest\__pycache__\terminalprogress.cpython-313-pytest-9.0.2.pyc","1252","D92F091F0D37A76624D0A5F16C28DCCB64E01C8EEAF31E341F4E62A1BDC58078"
".venv\Lib\site-packages\_pytest\__pycache__\terminalprogress.cpython-313.pyc","1139","533EC5C9898FE6831DF4202F458ADBAD943DE6BBD14B80B9675E8141A48541D7"
".venv\Lib\site-packages\_pytest\__pycache__\threadexception.cpython-313.pyc","5816","9C72D21530DDE8546ECCE51EB2A76586D2403AB72FEF4719C1A72067127F0DBC"
".venv\Lib\site-packages\_pytest\__pycache__\timing.cpython-313.pyc","4821","AC8498312E35950B015E4FB4DCD37C211103564B344B7D809A81F5247C2EA587"
".venv\Lib\site-packages\_pytest\__pycache__\tmpdir.cpython-313.pyc","12681","CDB1B90F876B0B9A4B16DFF4FC2D5BD3177F017C5E7753A96C10C9F576DF3D26"
".venv\Lib\site-packages\_pytest\__pycache__\tracemalloc.cpython-313.pyc","985","B7593F60D67AD0FBD6D4B34D65F9D4D2FE93EDC3B2DA5D6DD6C3253DCF53242B"
".venv\Lib\site-packages\_pytest\__pycache__\unittest.cpython-313.pyc","26943","EDC829D5715AB351D4F0CF07F7C6AF771160622ADB658F0AF670AC22EA894DFE"
".venv\Lib\site-packages\_pytest\__pycache__\unraisableexception.cpython-313.pyc","6320","B74834922A377C28D0F9EEE290E1FEAF25C5C77A023970B1373B38C56009D5B1"
".venv\Lib\site-packages\_pytest\__pycache__\warning_types.cpython-313.pyc","7173","34A5AF74B893624A69B10708024756CD1D786DE423BDF74178D779F0DDC4B52F"
".venv\Lib\site-packages\_pytest\__pycache__\warnings.cpython-313.pyc","6763","7F8756E38265476075DCADB8774E3937ADC2E32C39F946A3D4B51349EBFC2AF0"
".venv\Lib\site-packages\_yaml\__init__.py","1402","D3801EFF9A2CC5A8692476B75C165401FE308BA5D7DF6811F03E97EA9EB81840"
".venv\Lib\site-packages\_yaml\__pycache__\__init__.cpython-313.pyc","865","7C76DD3D54FEB448C3EDDC95C28CEFAF32EFEAB37F7708B1DAC79463AD4FC174"
".venv\Lib\site-packages\__pycache__\_black_version.cpython-313.pyc","194","11B719D29D80F8CB9CDCD3A7A9D6710165B2E630F4F58F3009FEA2C8DA884D6E"
".venv\Lib\site-packages\__pycache__\mypy_extensions.cpython-313.pyc","10542","95C0A4461DCD76F322EDF8F54DACE57470CD94AA7DBC6808D751F824740B9586"
".venv\Lib\site-packages\__pycache__\py.cpython-313.pyc","483","13E7F9ED9337975EB9465806A0B5C5B4E57296FAFB73C104FB32604FF56A310F"
".venv\Lib\site-packages\__pycache__\typing_extensions.cpython-313.pyc","162857","D8E69E86C49EFF73ABC55E2912F86251154BDE3FA87C27448AFADB9FD7799305"
".venv\Scripts\activate","2194","BF8732A0A1526824C7A48A3B898CFD9E10F0680058CCE3B4D57447F94C87B1D1"
".venv\Scripts\activate.bat","1015","ABA5AECC9B911884487ED0AA23D72AA3628CAAB486C400779E8ACA8E825B4BAE"
".venv\Scripts\activate.fish","2274","C2F45674F8445A3354A8C24FDABD39DF5559F98CE13B0B16481CF48CD13D3455"
".venv\Scripts\Activate.ps1","27969","EE93BBEF8E6E06A18AF3EA9DBC4FAB43B897BF34141BF9827103B23D4D15034B"
".venv\Scripts\arq.exe","108369","A45A30F500D9F428E8415675F6BC55B170D7529DA9D8F92CF78790B9AD0BB813"
".venv\Scripts\black.exe","108385","F430B79FDC89884CC4DB3ED2D5C02CF572670E16386EDFFC2FE3BB8E2B337BD4"
".venv\Scripts\blackd.exe","108386","C8560D0894D02F2079369888385F62FA4FF9680180CAA7EBE4A4D2546E131647"
".venv\Scripts\deactivate.bat","393","FB53ED45866FEE40F01C907C1F67555A399F98361722D89120D05A2580E9E563"
".venv\Scripts\fastapi.exe","108375","7FC1A457C69CB396224F48D4C3B9509C177B8306A469D6912466323FA00883BF"
".venv\Scripts\httpx.exe","108369","DE8D8E331170F00005CA38E60FC400C38707028E2F6CE42B6CDB836328A7B6FB"
".venv\Scripts\markdown-it.exe","108385","25E5CDFFBFBA9D63958BDF830EF232D270B3097BA50F256A9C86CC091E149D9B"
".venv\Scripts\pip.exe","108386","06D887E08016FDC48E2BB3A78C799C45677188299F4004F301D481C62BBD9CC8"
".venv\Scripts\pip3.13.exe","108386","06D887E08016FDC48E2BB3A78C799C45677188299F4004F301D481C62BBD9CC8"
".venv\Scripts\pip3.exe","108386","06D887E08016FDC48E2BB3A78C799C45677188299F4004F301D481C62BBD9CC8"
".venv\Scripts\py.test.exe","108386","F51BA8D44FEA3365A4EF465AF0233420E7005BA5FFC8DE95D7C3F4863879AFE1"
".venv\Scripts\pygmentize.exe","108380","88B9F26EF165A14203D76262C29B5EE57AC6C9DC7C64A374330FF9C46E488B67"
".venv\Scripts\pytest.exe","108386","F51BA8D44FEA3365A4EF465AF0233420E7005BA5FFC8DE95D7C3F4863879AFE1"
".venv\Scripts\python.exe","254696","4FEBF6A25B0C0FDFAD27707E8B89AAFC0FB76485E9FE7E0E2B523EB3374E4E4F"
".venv\Scripts\pythonw.exe","250360","2DB7354EF8FCEC63A2BABB63F14D82983AE702C15C04817A5A880C9137765209"
".venv\Scripts\ruff.exe","40636928","94BF36B2BBB313B98BF3BE8E4B5B14D6B2E843C67F3475313600F89952C779CD"
".venv\Scripts\semantiq.exe","108374","902EBCA66293023D1CC2A409F471197C60AE39C1DB47C78680C97424A2D76B33"
".venv\Scripts\typer.exe","108373","AD95E0AA38A9BB3724FD30FFA24B7F443EEDABD495BA318974326E326E6D9643"
".venv\Scripts\uvicorn.exe","108376","8FEC7388EB12FAA9C41E1FAFACB3C8BFFD56CA88ACA3CB62C4BE959A7540AC35"
"backend\Dockerfile.prod","762","3A442C72200A52367A526E4E0C881330614ED8D3C736436B616C4AE9BF0059C7"
"benchmarks\smf_example.yaml","369","4F0B07F364F6B48A6BEF3D902462CF59ABB3FF69FBC33EC9A2DEF59387597893"
"config\config.yaml","350","2512F35DEBB2ACACDE4D3C598A7CB15F913756A03C9719776C615F7FCE4A0D07"
"datasets\semantiq-open-v0.1\ai_evaluations.jsonl","0","E3B0C44298FC1C149AFBF4C8996FB92427AE41E4649B934CA495991B7852B855"
"datasets\semantiq-open-v0.1\ai_evaluations.parquet","1012","A450A2D09275B264AD0DAF7B47AC6DBDACDBD32884CEBD16E57BB9B35DAE7EB4"
"datasets\semantiq-open-v0.1\benchmarks.jsonl","406","C4FDCFF642ED48E19CCA76C59471576854039AEDD47739416B3FCDEF52B4AA26"
"datasets\semantiq-open-v0.1\metadata.json","563","4E18278E94EE6805549F8928B64E314791B6D9E871EF30843A4B894A63B5AD73"
"datasets\semantiq-open-v0.1\model_answers.jsonl","749","4C6BC42E5503C40742521A7F4216E57BB126B54BFC3045DF64C292B8B5B8FE78"
"datasets\semantiq-open-v0.1\model_answers.parquet","7349","B81AB4B459E5B25126AC39475BA12A460FB02FBB66E8826A1C9E51F638A32D5D"
"datasets\semantiq-open-v0.1\README.md","2163","1D220A62DF6F1F45F7BBCAEACE77329B6E88770D1C3615C84A7FCC88FA4EFF7D"
"datasets\semantiq-open-v0.1\config\models_used.yaml","59","E5B0BE3AF2E01ACC8261BCDE07EBA0FF16CC57DF11B7D049BB26D1009F7438EA"
"datasets\semantiq-open-v0.1\config\semantiq_version.txt","5","6AD9613A455798D6D92E5F5F390AB4BAA70596BC869ED6B17F5CDD2B28635F06"
"docs\advanced_usage.md","1004","97574032DA8EB8AB5127C6B3AD5F0CD171CEF6EC9F97A4D97BAB980833A1737E"
"docs\architecture.md","1829","4948B60B19AAB33C7680CCBCA471D0785188B673285511FCAB9B8F3B1FB006F9"
"docs\benchmarks.md","1809","002ECE816681A3688CED32629E505A53652DB27787068DC61A69705918F66E82"
"docs\file_formats.md","1838","23FC694463A1E3552187516980D34A0B35A166839AF36B936F79FA0B9CB42992"
"docs\logging_design.md","382","F87973A534EA43A4EC8D6AF7DAE48C0D40DF30161E34C82A0A4FD28DFF673B1A"
"docs\modules.md","600","C606A421615C34F9CC7A362A586689A796BFE13E0C21F4AA70A223DC3C96B5F3"
"docs\privacy_overview.md","261","7C2D4683C56BC317DA0CAC179E5ED3D15F45B75A9486D512AF389E6F7D16C0DB"
"docs\release_guide.md","591","ACA2C0AB8BA87D928AA9A4E73B4854809E74C7D9778A9E893A032C13355DE470"
"docs\responsible_release.md","301","8AC2C69F82E400427F4090956D504D16B20C7A9C945EA4B17BE3B238B0B9B8C1"
"docs\security_overview.md","330","FB5CCFA8FC5AEF79093AF83A1F783E79F5515C416FFDBF5FE4BE30F0AA953559"
"examples\config.toml","362","9F3D5716727648423436A16EB825FB9A193FA2D9220CBFFECD283D40D3C3F7BD"
"examples\config.yaml","101","D7C9DDECFB822A98358827484C333238597BEA0688DC58FDABC806ACC44D9FDB"
"examples\benchmarks\example_benchmarks.json","460","38A28B76AEB88EC25DC9F6FE745AC6175BC09847489DF5565DFEE08A4E11A5A3"
"frontend\.eslintrc.json","69","9DAC0775FC496CF33031C76020063291E280153F0A8E90FEC6F56F58E3C9E18B"
"frontend\Dockerfile.prod","664","E7AAE3A4CE297A745410779847B67B084AD907B03361BCB3A28679AE2F339470"
"frontend\next-env.d.ts","206","8964D295A9047C3A222AF813B7D37DEB57B835FD0942D89222E7DEF0AED136CC"
"frontend\next.config.js","151","BDE87C3C37553E424053C3637A42CACA2AC101D89A60A4B6C3FC70D60A95596F"
"frontend\package-lock.json","232881","6051C947874A12528EFF9F0B95A6F1DC1C6949497EEB0A690481D42476C3D1C3"
"frontend\package.json","773","29BF073A8D1E69DDBE55B0B82175DE3155EBE66A461A37762738B3EB46850682"
"frontend\postcss.config.js","89","B78F5D0A0A449ECF58B6B6252E26CD2216C7AA41235E2D6D01A26B9A065CD439"
"frontend\tailwind.config.ts","430","EEE8BA24036FF698B7D1AE96727950540AEF57FFCEE04AC9CA4C4CF5AC56AFAA"
"frontend\tsconfig.json","777","7D99E8163E25D0D155BD0D6AFF78A4B923A3F18A7A10CE22E83150614275421B"
"frontend\src\app\globals.css","330","C15FF1BEE8257EC27D8E2116582B46BAC5755C65041DBA927E8877A8E6A2C212"
"frontend\src\app\layout.tsx","596","0E21A8A0F19E0D1F8A826DBC77C9DA159112E17BC14F2B27D92CEE58015D38B0"
"frontend\src\app\page.tsx","7168","5048B853A59C9B363F3478B58E9C5B91C7D1183AAE2D7FAF18360E1D66D6F5D3"
"frontend\src\app\providers.tsx","383","F58D32510FC49FEDE6E7C81F65439BBEB68341642F23B42F8350E235048C51EC"
"frontend\src\app\analysis\page.tsx","18130","078A288878FE30730EE4A1BFFE7FEB8CA96CA73438C617A9A7630410AFBCAFB9"
"frontend\src\app\api\proxy\[...path]\route.ts","1446",
"frontend\src\app\batch\page.tsx","18126","0BF670400A24ADD2DFF336CE3C76C70BA9A279FFF3DD082F2078775F69371B69"
"frontend\src\app\benchmarks\page.tsx","1318","53FBCF25F73A4EA0A9AD9B709C35928099FBFA678F5BF88B64D07FB3F3AE8A9E"
"frontend\src\app\dashboard\page.tsx","1982","85ABCF154F532BBE570D5A51A7D93D274A81EDAB64D204E27590342C2F28D822"
"frontend\src\app\library\page.tsx","9347","D06C8149489E27F4230C28F6A2C55DBD08399B23D9BBE2CC95EC6F2182ACAC12"
"frontend\src\app\profile\page.tsx","352","8BCC4ECD54D496C288836FDDCC1F14A24CAA4DE89C52F45480F51CFD87309B2A"
"frontend\src\app\research\page.tsx","523","4E1BA484B954E6D64323068B24CCAFF4AC0B3B2F61DE9FDA6E3C5074594CB1FB"
"frontend\src\app\run\page.tsx","13315","8210CF953135D0FF80D9777FDEB6D240BE06FEFF2891AA2E2FF1591CE858F581"
"frontend\src\app\runs\page.tsx","2714","7C3C9F0013E8CACCE43EEBEE811FE8108594C005666E18B16B04D1F5E941F191"
"frontend\src\app\runs\[id]\page.tsx","1471",
"frontend\src\app\settings\page.tsx","788","99B0AFE30E81A836C5CB2770FA00981A7B23955909D856F9396BE428BFF81F90"
"frontend\src\components\header.tsx","2545","13C80FB3A51C89F92558F6F4593348F74CAC40E82901033283827FE1F5F59468"
"frontend\src\components\sidebar.tsx","2014","CB477942A5778FAEAA54358B4C8260EFD84A6768EB4EE35A7EBDF8F636F8BFA1"
"frontend\src\components\charts\line.tsx","745","204C976B8A5B4DB17E1022866B7BFBF740CB5951432F3FCD8A94D147A2C673C7"
"frontend\src\components\charts\radar.tsx","624","1EB0709C50268DA827A1654463ADE7262FED2F8866A3D752A387EDB0946F8CDF"
"frontend\src\components\ui\badge.tsx","323","EE623A040E63CB0643852979E0A489039623DE617F25A467F4A78813937D86DC"
"frontend\src\components\ui\button.tsx","1077","2BB449D252B510DFFFCF6B7310C543C1C407748550C45F3F8624D6223C7D008B"
"frontend\src\components\ui\card.tsx","585","4545FE9C0D928A3178703EAE6914779803809146BA7D08696F16DE7709AA2B03"
"frontend\src\lib\api.ts","2489","6F52062E9A2D1966E9EDC1FC5C9D790C29B3C571099D346B255B64F71AF3923E"
"frontend\src\lib\queryClient.ts","103","540CDB8E64FD0396DBF9851C0D4F8A517CCC8555FE58A9D2B7D877236CFE66E3"
"frontend\src\lib\utils.ts","195","4BE79ACCA1D9C2CB241C1209E3049F7350C505363566E9BA8DDB30D78EA15FEB"
"infra\nginx\nginx.conf","923","E24362E2F0C39CC51A089B1C4D48018B09F22940E684CD9D5F69F3969278C681"
"infra\terraform\cache.tf","994","FE449DC19CAD5E2D1A41CA3B4C050D1F71BC0BFFC5D5BFAE725DBCBE0FEDECC2"
"infra\terraform\db.tf","1175","B92F357619CE19C87281C3D8FE1148417C4D8A6C57460449C29887B7E35BEF3E"
"infra\terraform\main.tf","322","69DC20EC9946A848E144C3AFF61B9E8E1381CF63E47A242180C1B0F9873AC73D"
"infra\terraform\storage.tf","336","F230EE9304A3949D69DDAEE8839F98354F5BCE897939F4E295656068E513741B"
"outputs\run_gemini.jsonl","725","E4EED351FF1716DC85B04EBD66C7875A5746DE3B5D3A50149076F63EFA01FDCF"
"outputs\scores_gemini.jsonl","215","CF4D429BD7F82A14D237969387C0D3577F9E15E75D3EEB8233F83815E41AB76A"
"scripts\generate_env.py","1238","A58CB7C926362AEF15036E0CF3876F30718A99EEAD8E2E45E2444082D8CEE153"
"scripts\migrate_jsonl_to_db.py","2082","4167163C73F39F332976F30823E202A2CC9733969BE7636E116A3F503686DF2B"
"scripts\validate_benchmarks.py","2305","4FC9DAE0122E1E67287C47B70FFACE16783C37BB4AB39394820440BC0959206F"
"src\semantiq\__init__.py","22","91447944015CEC709E8AA7655F7E9D64E1E4508E7023A57FE3746911C0FC6FED"
"src\semantiq\cli.py","6511","A1F144F8F1169A66D69AB2AB289590823D2146AE2D1F287ECCE29CC62A2F5C74"
"src\semantiq\worker.py","3446","2DE0FB7B1FE9E8A7B167DB64A489EC9EE980495D1DDF7CE69218057144187796"
"src\semantiq\agents\analyst.py","1943","4CF88AA4DE87C5B3C16B7FA019B17341DBCCAEC1F3CF7145EF435A81B4660214"
"src\semantiq\api\main.py","8376","0F1F89A8C4B146BFBFFF771F1D642C18B3C3B68CD51DF53D20C2529895521975"
"src\semantiq\benchmarks\loader.py","2106","2EF49A062CF7DA9FE460A7B1A31B3D0FCAECCBE16BCC1721075072F58CF1612A"
"src\semantiq\benchmarks\safety.py","1059","73CDD92CF453A131B6D4AA45E52B0CFD63D77963130C1298A22922080BADD850"
"src\semantiq\benchmarks\__pycache__\loader.cpython-311.pyc","4269","782547D91660D86343D512507B9F2B5B24DD346337B742C374BE43872274B0BE"
"src\semantiq\benchmarks\__pycache__\loader.cpython-313.pyc","3662","7F4A87559D98E54067E3C350D8C5C819443A6F204C77EE7936ED1C9732796B07"
"src\semantiq\benchmarks\__pycache__\safety.cpython-311.pyc","2071","ABBD01A987874D82CF14D7367050D4026F8C6B382012B9E9C1367EC02A7809EC"
"src\semantiq\benchmarks\__pycache__\safety.cpython-313.pyc","1939","A4E07651CCE5003247C6287AB4E9650CFFB62CD4072E525F7C34EE8D45B48E8D"
"src\semantiq\config\loader.py","2671","0B5E3E10186C4BE369A2D93EF1F8D39E64F025F98CE5263AE58BED532DDDB49E"
"src\semantiq\config\schemas.py","427","95FC712E2BD56C13D74EF6F8647E08A346FDDD0383B72048227363C880CA7C43"
"src\semantiq\config\__pycache__\loader.cpython-311.pyc","5819","914E59D24F50759AAA7FAEAA1580BB502C8AB31D89769EFCC5B5FADEA23E76D2"
"src\semantiq\config\__pycache__\loader.cpython-313.pyc","4816","E7680E28F642DA9946566B8EC4CBBC54A96D69A5DDDEB36AD14AAD09EC31B2A6"
"src\semantiq\config\__pycache__\schemas.cpython-311.pyc","1214","831939E25FFDDEABFB4CDFC1B671E2389CCC46D5CE3575E7BF2ADFE0AEABBAEE"
"src\semantiq\config\__pycache__\schemas.cpython-313.pyc","1110","61EE90D819054CADA38B40A4A12F5D4C4DD841B34E2885B9A92DC07196EF12D6"
"src\semantiq\dashboard\__init__.py","26","E44283D5EA19DC43AA79A626D75A131983C6A49C83A6CD31C3D8F7FF10427DD8"
"src\semantiq\dashboard\app.py","283","E4FC35B45B0BB32CA80F1E8694B33DBCB129AB1F34E7D891F6A65F16736D9974"
"src\semantiq\dashboard\views.py","4263","8CC4C605B922442AA46FEB36081DE3B415AA73A93EA6773948D833BC0FB15425"
"src\semantiq\dashboard\templates\base.html","763","FB0F11B26543A55C464E49739926A26E73C83A311730F0E91A578719F72B4C90"
"src\semantiq\dashboard\templates\benchmark_detail.html","449","A4BE53921EC0F645155FD8FE1006B86508F1CF438546FC5CC89475EC4AA8987F"
"src\semantiq\dashboard\templates\index.html","482","ACE46071A407F958D5F1A924076EC2BDD396917666805653B110AA22BFF70FF6"
"src\semantiq\dashboard\templates\model_detail.html","509","843834F706689C16E7DD94DAD7F1B23F3640020B3EB2097C8C29D8BC16AE55D0"
"src\semantiq\dashboard\templates\runs.html","482","ACE46071A407F958D5F1A924076EC2BDD396917666805653B110AA22BFF70FF6"
"src\semantiq\dashboard\__pycache__\__init__.cpython-311.pyc","168","913C0D77AED0A32B5306C0C355D306F9C217F8A4ACAF1C551B434892E8F25D5C"
"src\semantiq\dashboard\__pycache__\app.cpython-311.pyc","736","A489CB26EB04F1412045A0AE11888B93AF3EC6583B18E617AE324AE9E651C2F2"
"src\semantiq\dashboard\__pycache__\views.cpython-311.pyc","7335","EF0605B7DBB50741A8677A48B67E7E7D9A1B20B3FC4D0CC7BCE742BF4DC0FD06"
"src\semantiq\data\benchmarks\01_smf_core.yaml","26874","BD1A19F7DF8D92A99A459A99739ADF041099A74CE54F6E133501DD64C85343E8"
"src\semantiq\data\benchmarks\02_extended_metrics.yaml","10751","E7DF099E3E9D7C83000EBBE08D68009D6EC22FEAAC002A40EED1C156C5C52C5F"
"src\semantiq\data\benchmarks\03_wif_illusion.yaml","15037","EB0DAAB2B5BC74392BD71F449D001D47034BAF3926E25C6FD07C4F477BD193E5"
"src\semantiq\data\benchmarks\04_cbf_bias.yaml","16284","116600604DBCCA6C5F40E2F08095EBD07A5E52D7A182E2782B00588652384227"
"src\semantiq\data\benchmarks\05_human_hib.yaml","6363","0FA9B56FFC6AC54B19DC61AB83303201683C1B3816339050EB45CD77D31337B9"
"src\semantiq\data\benchmarks\05_human_specific.yaml","1600","ECF9B018A3C4E95E64F81700B5100B28A3B71D362FE8558833313C6CA7E2ABE0"
"src\semantiq\data\examples\golden_responses.yaml","1394","353A848AEF1D187C7DB17113351809F9B4E97400D6AFF0071C6BB39DC19F7218"
"src\semantiq\db\engine.py","762","287DF696BF5EBB2A53020CC7E24CAB8329DDEAA9C34685026F58C123842B103E"
"src\semantiq\db\models.py","3020","081E3C905A22CB2DF3DB5DC0BBB0613CF14EA48DD99C5CB9848CB189DF3CC448"
"src\semantiq\db\seed.py","1731","846E6369DAA4C9C722C2678B3BD64065B319CC5010E6ECD007D37C08CECBDCB0"
"src\semantiq\db\__pycache__\engine.cpython-311.pyc","2099","AF7A1F43030328B9587496346400F73709C9BE77D75AC73B4004C7D66C92563E"
"src\semantiq\db\__pycache__\engine.cpython-313.pyc","1726","6E3AA8A72B1855CDF575B7389A0C7D040FDDA5B87089A8B8C83B067A811DFEA4"
"src\semantiq\db\__pycache__\models.cpython-311.pyc","6537","7F615E493A4DA78A3552C79678EC8E767D743890DB9E10B02A8035DC0D465A90"
"src\semantiq\db\__pycache__\models.cpython-313.pyc","4568","0E540C6B751E493272020E76EAB4DEE9D910BE2C8D2057D00AC57D119A386E44"
"src\semantiq\db\__pycache__\seed.cpython-311.pyc","3770","D7701371D696BEF7F51F63613182C37C524DB636D5237B73ADF001512AFACFB3"
"src\semantiq\db\__pycache__\seed.cpython-313.pyc","3291","A10B6BF3A69DEDFAB5D5EB8B8D0378027DFD7B8712A4771CA7BA0A47639C7159"
"src\semantiq\evaluation\base.py","377","55C2C76F7B6AE78CDC1BA5313D629A246C90A03A67CCFD685FD8CE1AAC555BCC"
"src\semantiq\evaluation\llm_evaluator.py","3777","F5C8516C229E1B18A9EA60261768CE263D4FAFFC8C3A053A7C6A28667F970622"
"src\semantiq\evaluation\pipeline.py","763","9B8B9426304648D86362570B7C9164CC80437579ABC05B7041A76916697271BA"
"src\semantiq\evaluation\__pycache__\base.cpython-311.pyc","1006","F25A71E7F3E544B9530B288750432F1E11D494F1DB35B5116D17881826781522"
"src\semantiq\evaluation\__pycache__\base.cpython-313.pyc","915","850E31A75D7371BA668A0B914D92A9F3513404D88CBF173966F1861778D8D178"
"src\semantiq\evaluation\__pycache__\llm_evaluator.cpython-311.pyc","5178","E09826FA15FF4268081216CCFEEBDBFE5CDC713E31FFB28CC887AFC7B9CC6D36"
"src\semantiq\evaluation\__pycache__\llm_evaluator.cpython-313.pyc","4940","78CF291EDD31AB2699570A3F94605E4F52615571EE500E2821893205A423CB7F"
"src\semantiq\evaluation\__pycache__\pipeline.cpython-311.pyc","1601","07A3AA2615543965D0ABAEE76AE0267A124E4424ED5980B484D6A365D90185F8"
"src\semantiq\evaluation\__pycache__\pipeline.cpython-313.pyc","1534","A52BF780DE099A0FA34616CD6E9900C5639A2C02BD9BFC4885157AEDA4B1FE6D"
"src\semantiq\export\__init__.py","31","2648929E9A16294A51467525D74C457F2F897B0E0D500D17E40910BF3473A9A5"
"src\semantiq\export\dataset_exporter.py","8855","807677A9FC3D60703C02E15B9C8923D1F0A7A873404B44D09E7078D681821539"
"src\semantiq\export\__pycache__\__init__.cpython-311.pyc","171","757B400697536DA311D73FE682812FE1ACE176152DE3FAF9AF526A088B8F336A"
"src\semantiq\export\__pycache__\__init__.cpython-313.pyc","197","986A5A4F42D4885F4AEFCFEECBD44722394CFB7034E687E78F7312D0CB320E73"
"src\semantiq\export\__pycache__\dataset_exporter.cpython-311.pyc","16119","B9C56D236766D14FF0C06C29991BBC7C77B65456D1762FDBC26AC4BCF9B34BA2"
"src\semantiq\export\__pycache__\dataset_exporter.cpython-313.pyc","13959","BA7447BEE1885B241CA7997EDABF55BEDA88A3D23D759A48854B6A4B16C5665C"
"src\semantiq\human_rater\__init__.py","26","E44283D5EA19DC43AA79A626D75A131983C6A49C83A6CD31C3D8F7FF10427DD8"
"src\semantiq\human_rater\app.py","346","B7B008A564176AE3D37EE76E5D1B9E3CA72DA29FDDC939B48B1F7AA0CF126D8D"
"src\semantiq\human_rater\views.py","3439","1CF047CEF0FA4FBB63D9C058813ACA7372A80A4BA0EEBE220D7A2C6C1A38F864"
"src\semantiq\human_rater\templates\base.html","55","11911A05128E65FAD3948DE2D6B2BC178CA5CACDB829A4B3BC6754EB892B7402"
"src\semantiq\human_rater\templates\rate_answer.html","1872","DE70346E131C5D86303DDEB0772AB2E7FD6262ADE91791EE9007D87EDD7E25F8"
"src\semantiq\human_rater\templates\thanks.html","157","AC322DC051854A01C6C638D9CE92F2DCBA2FE8241F3D5AE762E6E8BA5A8565CD"
"src\semantiq\human_rater\__pycache__\__init__.cpython-311.pyc","170","A1317D0F455735F8C346728E0E8E194ED5FA240F6238A6EC015B1FAEEE14FBFD"
"src\semantiq\human_rater\__pycache__\app.cpython-311.pyc","803","F666EEA34837B99DB26314CD8631D54185BD4219F211A32130D97B71CAD6E708"
"src\semantiq\human_rater\__pycache__\views.cpython-311.pyc","6047","88F985CA03B334D7F912C2FDEDBAE239374DE13BAC4BFE63ABBC1864B7F8B592"
"src\semantiq\models\base.py","356","589816D85172854EC7F6CC09655E7CFD768EBC5BF5CFE5A5EA49E4184020F65D"
"src\semantiq\models\providers\base.py","320","699A25DE0FE973874078422F09AE89AE0D7D6ED93BC5E4A468FC2A8A80DC14E0"
"src\semantiq\models\providers\grok_provider.py","4634","B6A16B7BF4EBA67D6CC4A5C9485C318BEF69A47F715026289914BADF7AD0D87A"
"src\semantiq\models\providers\mock_providers.py","2133","2073B6007F42F5E5C557879B9581EEA7E3A20E6098C1FD6B3C6ABA64C1D7FAD1"
"src\semantiq\models\providers\openai_provider.py","3830","F909155F5B61D610214DC8F0A0A35CC6A213F4D613EB0AE71ED2CFD0D6326258"
"src\semantiq\models\providers\openrouter_provider.py","3529","B89FB52675A2589DEB8B8772097FBFBCC0529445D156EB3600697246368ED16D"
"src\semantiq\models\providers\__pycache__\base.cpython-311.pyc","971","4FF0162C9A814FB5534F504D74145D53F0B3CC80DBC773B347E1D3BB8CE735B8"
"src\semantiq\models\providers\__pycache__\base.cpython-313.pyc","894","7C698BA2904DA2E9CA429DDB7B1ABB9D4985BF05834A3E86C0B5D9CBDDAC1B10"
"src\semantiq\models\providers\__pycache__\grok_provider.cpython-311.pyc","7582","DA648F858465E87F6766CBF1EC201096F50256A0B41F7F54993F2E9638FD9BB7"
"src\semantiq\models\providers\__pycache__\grok_provider.cpython-313.pyc","7090","BAF3D45207CDFF1EFAF02F95A172F778589E0483701634DE81E1FB256E76A55B"
"src\semantiq\models\providers\__pycache__\mock_providers.cpython-311.pyc","3122","5223FE57F19E1906943901D5EFEE920552C463166CCA0FC0618CEB5B350D99C2"
"src\semantiq\models\providers\__pycache__\mock_providers.cpython-313.pyc","2855","5278C701549007ABD74DFAE977661E16E4E7E0EB973BE6642451369C6FE69BBB"
"src\semantiq\models\providers\__pycache__\openai_provider.cpython-311.pyc","5976","2255FD71FFBA166E1EFA0C50F2305EA09F9296578BD4CC10E95B6B850A026023"
"src\semantiq\models\providers\__pycache__\openai_provider.cpython-313.pyc","5513","71224E0EA9D96163D94EA88658D21E852E18755717DFF90F1214C7170AD79440"
"src\semantiq\models\__pycache__\base.cpython-311.pyc","1016","5E250766AD0805D5819AAAEDB951FD60C28F1E1A3CFAF64552A5C2F9DC52335B"
"src\semantiq\orchestrator\manager.py","1861","CF73026B5ABC5B297A38B2C47177CE224EB810BA6C421624C9AD57336F262358"
"src\semantiq\reporting\generator.py","857","9C8704C56EB24477BA47F55072A726BF0B00A3BA37E71E7AAEE5951711F6DA46"
"src\semantiq\runner\run.py","939","4A78C09080CA4E95B98DD545DBA71BC6861B9D33DF8D5612C87BAA1660A80A29"
"src\semantiq\runner\runner.py","1180","22FD5B3F58FD42285C8D64165B043DB9840EA05378B35D8A886B5B09EC138D2D"
"src\semantiq\runner\__pycache__\run.cpython-311.pyc","1497","7718906267193A17AC3DB6817330C06DFDE9AE2941A280818CD1D2D0F1393B0F"
"src\semantiq\runner\__pycache__\runner.cpython-311.pyc","2061","DA10EE03BFD7DEEA7D54CF72539251EAE2B522B848E568264C4D4B21561DF0D5"
"src\semantiq\runner\__pycache__\runner.cpython-313.pyc","1565","71CFE1E90F64722F431A512E0E6E3E78E32829EFF4A67E8BE6B683E173947489"
"src\semantiq\schemas\__init__.py","1522","422F1524727B45C5CE94A5E916E22FA9BF9B4D4331C5AA02A1739AD9BD31763C"
"src\semantiq\schemas\dataset_metadata.py","431","C12E6496BE3FE5647EFDB72D0CA5181EA9D564BDE2E11B055D8488C1DDCE859B"
"src\semantiq\schemas\evaluation.py","801","6567EE27217FE90FF7E0D66CE337BB0E7501564F8730B3464160EC54DF62F740"
"src\semantiq\schemas\human_evaluation.py","597","6CE6EDB415A3DE7B31E50F84029410CCA07E159412E06CB2FE8EA2395C9C6E93"
"src\semantiq\schemas\research.py","362","13E9285092983718853A20E260C9CCB5393A0CAFE122F74EF58D6ECAED8D568C"
"src\semantiq\schemas\__pycache__\__init__.cpython-311.pyc","3387","7958A9499EEBF7A645E17B63DE03F26EC36A81716390D256C9F7276EC025020E"
"src\semantiq\schemas\__pycache__\__init__.cpython-313.pyc","2954","4F12E8097836A1184683F1DA2E995B93BEF193942B78F6ADFDCA477670421258"
"src\semantiq\schemas\__pycache__\dataset_metadata.cpython-311.pyc","1047","CE4387805C197323A43DD66C681EA259C304B4222708874833C2A826998A99BA"
"src\semantiq\schemas\__pycache__\dataset_metadata.cpython-313.pyc","956","1EADEFB93FED464D70AE8F1A0129FCF4610908911E3D0AFF994381C444860B03"
"src\semantiq\schemas\__pycache__\evaluation.cpython-311.pyc","1807","73D0E68BC524DD26C44086BA1C3F6146907A53FC81E78941350F4D244FCE6060"
"src\semantiq\schemas\__pycache__\evaluation.cpython-313.pyc","1609","6B85C6802A21C0C70D8AC94F61DC30DF49330C0C67C680A582BB1B0D6A8CA54D"
"src\semantiq\schemas\__pycache__\human_evaluation.cpython-311.pyc","1443","481B1C4FA3906A992D308A0C7F4F07B312D2B8C3E0758608FCDECB82D1B41572"
"src\semantiq\schemas\__pycache__\human_evaluation.cpython-313.pyc","1299","7D923714732D0236F19630B4BF83ED43C98B58562962179A57D5B57C4C070D8B"
"src\semantiq\security\config_validation.py","814","E349FC2DAF97945E6406EB5098EC215426C60229080252FF0333177F2BFAAE4D"
"src\semantiq\security\logging.py","3063","D615A222A49DE74F63AB8C14171E7B8B7226691EC361FA9E87723A4F99E52984"
"src\semantiq\security\__pycache__\config_validation.cpython-311.pyc","1571","51C1B8532C4882A243A76E73EF0C3DA4EEF357258F2089AB48965AA17C5A10C8"
"src\semantiq\security\__pycache__\config_validation.cpython-313.pyc","1471","01ECF25C1EFE8A7568A3AFCFA07D40E1D22524319BF15FF0C878E49679F7DEA4"
"src\semantiq\security\__pycache__\logging.cpython-311.pyc","7224","58225DAE25127BF90005A96CEF8CF2D3F83BF831A52F3F7CCC95A5AA144F96D6"
"src\semantiq\security\__pycache__\logging.cpython-313.pyc","6271","9958D7816E9902ECD000D4AEFCFB18C264FFA0101372120428D6C024A743C5F0"
"src\semantiq\storage\eval_jsonl.py","940","AE4C6E32A295579DA30ABA2B275846F62AA91896739A0A62C517A37CB3608961"
"src\semantiq\storage\human_jsonl.py","1168","FCDB7AE75CF4C3CFB1F22F311B658DCD49ED20D1E6F2629DB240BDA3FE3BB91F"
"src\semantiq\storage\jsonl.py","1093","775E9D8CFB707C0C96E4879183A5769BC75F23617BE22812E9AB961AC3A27847"
"src\semantiq\storage\storage.py","4065","CCC2B6A92EE403CA6CF401EBA98ACEB89533BE61C410F478464DA56E4A36F558"
"src\semantiq\storage\__pycache__\eval_jsonl.cpython-311.pyc","2308","4883D74E2E7126681BF64553E4BCCD48678D6FDFFA6328743701D79669FA4E87"
"src\semantiq\storage\__pycache__\eval_jsonl.cpython-313.pyc","1913","3086F234E3FE46A3D64295170554B4FB5BE7BE6595A480227614286EE35DBEC3"
"src\semantiq\storage\__pycache__\human_jsonl.cpython-311.pyc","3092","549C0D2D2080B75FCEDF282CF0D3CE9B359BDD725CED8EED7F6BFA92E6D1BFF5"
"src\semantiq\storage\__pycache__\human_jsonl.cpython-313.pyc","2496","39C1D3A2BCA4F0A1828027A773D2033A316EEA0D97C90A9F3367F31D83BD91FD"
"src\semantiq\storage\__pycache__\jsonl.cpython-311.pyc","2668","1B7AAB11A802907F38688B72799D83E13CCDBB7FA27EBE63577ACAA67382D1F6"
"src\semantiq\storage\__pycache__\jsonl.cpython-313.pyc","2206","F00FF709AB3790AE0E3373282FD454C9589F51FD606108B0766B36D33538B61D"
"src\semantiq\__pycache__\__init__.cpython-311.pyc","153","9A79660755CA026EBFD7F09D0B7C6D98F476D0AED6A25BD0A34B8FB8B950CA9B"
"src\semantiq\__pycache__\__init__.cpython-313.pyc","179","D9FB9AA86EFC8A5D0FECDF243091A4CB392D19191C88D6903287221AD0A5F224"
"src\semantiq\__pycache__\cli.cpython-311.pyc","12420","BD17CD0CD1BBA9341E740E12FB6FF559AA73FFB5B4F240193638AFBC87818CF0"
"src\semantiq\__pycache__\cli.cpython-313.pyc","10311","BEAA3D30B0A04ED7583375FE30CCDC5BC702F6C4C1BC1D18BFE47A43BB646B4C"
"src\semantiq\__pycache__\schemas.cpython-311.pyc","3666","0D6D3F4EEE9441C64F7CFCE6FE28FC336C7B13FB3E0E0AD96C5CBEB53B69F025"
"tests\test_dataset_exporter.py","1918","FE73E25A277E401A52C627891520720233FD10C56AEEA520AD3138BD2106CF0F"
"tests\test_grok_provider.py","1311","9FDD365EDB367F2750A7B6527075D6335FD6C9E6F38BB75433DA15C8D1A9AB02"
"tests\test_human_jsonl.py","927","10785CD5E55581E167BB650387247BC3C868993262C80045984FC04EB78D45B5"
"tests\test_llm_evaluator.py","1588","6FA046E59341D221FF378C3F875FE435BE0F9555062E25358740DD9187122B74"
"tests\test_openai_provider.py","1055","B37D89E78B93A83BA51201363F56CD0A6CFB67888056334FDB1A91F6C1F12686"
"tests\test_schemas.py","800","DA7CD303DFA877F9F57DCB3D292D4A7D3A9BAEDB7D6D3FF718A8ABD5B1F6C7B5"
"tests\test_storage_readers.py","783","3DCE75C3817079D3338B9770B0D15197FF6CD04AD218F46146157D3409FC1C52"
"tests\__pycache__\test_dataset_exporter.cpython-311-pytest-9.0.1.pyc","6156","D9515CEA915CDA0D9D884441A551D36B1BC3B9720AD72F4D92D1CECB51D09EAC"
"tests\__pycache__\test_dataset_exporter.cpython-313-pytest-9.0.2.pyc","5290","EC4C221612504B0D6E173858612B17D56262544CD2A9D40DF35B52088A6F8D3C"
"tests\__pycache__\test_grok_provider.cpython-311-pytest-9.0.1.pyc","5779","350D7B844BFE73439B9502525094D37B5DC7AE744CFE7D55F0AFD53C0780E3C4"
"tests\__pycache__\test_grok_provider.cpython-313-pytest-9.0.2.pyc","5234","26646248CDEEF4EB7E37ABD71FB043E3AB779C796FEC0ED30756773B36920370"
"tests\__pycache__\test_human_jsonl.cpython-311-pytest-9.0.1.pyc","3644","EC29CB7E257C8889EE326775CAF3AFDF53F2BF8AFEEFC2D5E4C0934EFC57016A"
"tests\__pycache__\test_human_jsonl.cpython-313-pytest-9.0.2.pyc","3192","AA355AE2993950DFAF493EC1F3D0491F0C55D25AE0313406A865E883C21C3DA3"
"tests\__pycache__\test_llm_evaluator.cpython-311-pytest-9.0.1.pyc","5648","C6D65F05D2937A0F113F2E26C40B395E5AFE6AC030BE9BF67A44FC6344DB5C4D"
"tests\__pycache__\test_llm_evaluator.cpython-313-pytest-9.0.2.pyc","5187","5BC11BEE4479BD7F748EFC649FF3C12AF63DE2434A1F750D11535A271787449F"
"tests\__pycache__\test_openai_provider.cpython-311-pytest-9.0.1.pyc","5038","FBFC20C1B1FE28C98983A22B4E55A6B8AA3AD114F456948E3DCDA6EB751FD140"
"tests\__pycache__\test_openai_provider.cpython-313-pytest-9.0.2.pyc","4506","050221CB2B1FB7E6742B45267188C5A29317EE05449B90803594619A59039ACE"
"tests\__pycache__\test_schemas.cpython-311-pytest-9.0.1.pyc","3955","30A8EC3AEAACD833A443DC44AC656E161B6961B017B89848F31CCD204D671499"
"tests\__pycache__\test_schemas.cpython-313-pytest-9.0.2.pyc","3587","40FE8B0C98941BF9AD0106AD49711FEACFE0CE19D4EBED12DB95B90A09823E1F"
"tests\__pycache__\test_storage_readers.cpython-311-pytest-9.0.1.pyc","3712","6CEB4BD2B310C6AAAD92EB0AC620B43ECC694945E28C9583A7DA98BC4A465F57"
"tests\__pycache__\test_storage_readers.cpython-313-pytest-9.0.2.pyc","3233","A214D126974954A507CFDB8DE7F42DDCA4B3C5CBEFEBF94D5EF83E83A2E967A0"
"worker\Dockerfile.prod","682","FB5E81FC1072F4C84B91485D7090A6DFC9CA1B2C0996C520796DCDEA911B15B6"
